Date_reported,Country_code,Country,WHO_region,New_cases,Cumulative_cases,New_deaths,Cumulative_deaths,New_cases_roll7,New_deaths_roll7,CFR_roll7,Variant_phase,ISO3,COUNTRY,COVID_VACCINE_ADM_TOT_A1D,COVID_VACCINE_ADM_TOT_BOOST,COVID_VACCINE_ADM_TOT_CPS,COVID_VACCINE_ADM_TOT_DOSES,COVID_VACCINE_ADM_TOT_DOSES_PER100,COVID_VACCINE_COV_TOT_A1D,COVID_VACCINE_COV_TOT_BOOST,COVID_VACCINE_COV_TOT_CPS,COVID_VACCINE_DATE_INTRO_FIRST,COVID_VACCINE_DATE_REPORT_TOT_LAST,CFR_roll7_clean,population,cases_per_million,deaths_per_million
2020-01-04,CL,Chile,AMR,,0,,0,,,,Pre-Alpha,CHL,,,,,,,,,,,,,19212000,,
2020-01-05,CL,Chile,AMR,,0,,0,,,,Pre-Alpha,CHL,,,,,,,,,,,,,19212000,,
2020-01-06,CL,Chile,AMR,,0,,0,,,,Pre-Alpha,CHL,,,,,,,,,,,,,19212000,,
2020-01-07,CL,Chile,AMR,,0,,0,,,,Pre-Alpha,CHL,,,,,,,,,,,,,19212000,,
2020-01-08,CL,Chile,AMR,,0,,0,,,,Pre-Alpha,CHL,,,,,,,,,,,,,19212000,,
2020-01-09,CL,Chile,AMR,,0,,0,,,,Pre-Alpha,CHL,,,,,,,,,,,,,19212000,,
2020-01-10,CL,Chile,AMR,,0,,0,,,,Pre-Alpha,CHL,,,,,,,,,,,,,19212000,,
2020-01-11,CL,Chile,AMR,,0,,0,,,,Pre-Alpha,CHL,,,,,,,,,,,,,19212000,,
2020-01-12,CL,Chile,AMR,,0,,0,,,,Pre-Alpha,CHL,,,,,,,,,,,,,19212000,,
2020-01-13,CL,Chile,AMR,,0,,0,,,,Pre-Alpha,CHL,,,,,,,,,,,,,19212000,,
2020-01-14,CL,Chile,AMR,,0,,0,,,,Pre-Alpha,CHL,,,,,,,,,,,,,19212000,,
2020-01-15,CL,Chile,AMR,,0,,0,,,,Pre-Alpha,CHL,,,,,,,,,,,,,19212000,,
2020-01-16,CL,Chile,AMR,,0,,0,,,,Pre-Alpha,CHL,,,,,,,,,,,,,19212000,,
2020-01-17,CL,Chile,AMR,,0,,0,,,,Pre-Alpha,CHL,,,,,,,,,,,,,19212000,,
2020-01-18,CL,Chile,AMR,,0,,0,,,,Pre-Alpha,CHL,,,,,,,,,,,,,19212000,,
2020-01-19,CL,Chile,AMR,,0,,0,,,,Pre-Alpha,CHL,,,,,,,,,,,,,19212000,,
2020-01-20,CL,Chile,AMR,,0,,0,,,,Pre-Alpha,CHL,,,,,,,,,,,,,19212000,,
2020-01-21,CL,Chile,AMR,,0,,0,,,,Pre-Alpha,CHL,,,,,,,,,,,,,19212000,,
2020-01-22,CL,Chile,AMR,,0,,0,,,,Pre-Alpha,CHL,,,,,,,,,,,,,19212000,,
2020-01-23,CL,Chile,AMR,,0,,0,,,,Pre-Alpha,CHL,,,,,,,,,,,,,19212000,,
2020-01-24,CL,Chile,AMR,,0,,0,,,,Pre-Alpha,CHL,,,,,,,,,,,,,19212000,,
2020-01-25,CL,Chile,AMR,,0,,0,,,,Pre-Alpha,CHL,,,,,,,,,,,,,19212000,,
2020-01-26,CL,Chile,AMR,,0,,0,,,,Pre-Alpha,CHL,,,,,,,,,,,,,19212000,,
2020-01-27,CL,Chile,AMR,,0,,0,,,,Pre-Alpha,CHL,,,,,,,,,,,,,19212000,,
2020-01-28,CL,Chile,AMR,,0,,0,,,,Pre-Alpha,CHL,,,,,,,,,,,,,19212000,,
2020-01-29,CL,Chile,AMR,,0,,0,,,,Pre-Alpha,CHL,,,,,,,,,,,,,19212000,,
2020-01-30,CL,Chile,AMR,,0,,0,,,,Pre-Alpha,CHL,,,,,,,,,,,,,19212000,,
2020-01-31,CL,Chile,AMR,,0,,0,,,,Pre-Alpha,CHL,,,,,,,,,,,,,19212000,,
2020-02-01,CL,Chile,AMR,,0,,0,,,,Pre-Alpha,CHL,,,,,,,,,,,,,19212000,,
2020-02-02,CL,Chile,AMR,,0,,0,,,,Pre-Alpha,CHL,,,,,,,,,,,,,19212000,,
2020-02-03,CL,Chile,AMR,,0,,0,,,,Pre-Alpha,CHL,,,,,,,,,,,,,19212000,,
2020-02-04,CL,Chile,AMR,,0,,0,,,,Pre-Alpha,CHL,,,,,,,,,,,,,19212000,,
2020-02-05,CL,Chile,AMR,,0,,0,,,,Pre-Alpha,CHL,,,,,,,,,,,,,19212000,,
2020-02-06,CL,Chile,AMR,,0,,0,,,,Pre-Alpha,CHL,,,,,,,,,,,,,19212000,,
2020-02-07,CL,Chile,AMR,,0,,0,,,,Pre-Alpha,CHL,,,,,,,,,,,,,19212000,,
2020-02-08,CL,Chile,AMR,,0,,0,,,,Pre-Alpha,CHL,,,,,,,,,,,,,19212000,,
2020-02-09,CL,Chile,AMR,,0,,0,,,,Pre-Alpha,CHL,,,,,,,,,,,,,19212000,,
2020-02-10,CL,Chile,AMR,,0,,0,,,,Pre-Alpha,CHL,,,,,,,,,,,,,19212000,,
2020-02-11,CL,Chile,AMR,,0,,0,,,,Pre-Alpha,CHL,,,,,,,,,,,,,19212000,,
2020-02-12,CL,Chile,AMR,,0,,0,,,,Pre-Alpha,CHL,,,,,,,,,,,,,19212000,,
2020-02-13,CL,Chile,AMR,,0,,0,,,,Pre-Alpha,CHL,,,,,,,,,,,,,19212000,,
2020-02-14,CL,Chile,AMR,,0,,0,,,,Pre-Alpha,CHL,,,,,,,,,,,,,19212000,,
2020-02-15,CL,Chile,AMR,,0,,0,,,,Pre-Alpha,CHL,,,,,,,,,,,,,19212000,,
2020-02-16,CL,Chile,AMR,,0,,0,,,,Pre-Alpha,CHL,,,,,,,,,,,,,19212000,,
2020-02-17,CL,Chile,AMR,,0,,0,,,,Pre-Alpha,CHL,,,,,,,,,,,,,19212000,,
2020-02-18,CL,Chile,AMR,,0,,0,,,,Pre-Alpha,CHL,,,,,,,,,,,,,19212000,,
2020-02-19,CL,Chile,AMR,,0,,0,,,,Pre-Alpha,CHL,,,,,,,,,,,,,19212000,,
2020-02-20,CL,Chile,AMR,,0,,0,,,,Pre-Alpha,CHL,,,,,,,,,,,,,19212000,,
2020-02-21,CL,Chile,AMR,,0,,0,,,,Pre-Alpha,CHL,,,,,,,,,,,,,19212000,,
2020-02-22,CL,Chile,AMR,,0,,0,,,,Pre-Alpha,CHL,,,,,,,,,,,,,19212000,,
2020-02-23,CL,Chile,AMR,,0,,0,,,,Pre-Alpha,CHL,,,,,,,,,,,,,19212000,,
2020-02-24,CL,Chile,AMR,,0,,0,,,,Pre-Alpha,CHL,,,,,,,,,,,,,19212000,,
2020-02-25,CL,Chile,AMR,,0,,0,,,,Pre-Alpha,CHL,,,,,,,,,,,,,19212000,,
2020-02-26,CL,Chile,AMR,,0,,0,,,,Pre-Alpha,CHL,,,,,,,,,,,,,19212000,,
2020-02-27,CL,Chile,AMR,,0,,0,,,,Pre-Alpha,CHL,,,,,,,,,,,,,19212000,,
2020-02-28,CL,Chile,AMR,,0,,0,,,,Pre-Alpha,CHL,,,,,,,,,,,,,19212000,,
2020-02-29,CL,Chile,AMR,1.0,1,,0,1.0,,,Pre-Alpha,CHL,,,,,,,,,,,,,19212000,0.05205080158234437,
2020-03-01,CL,Chile,AMR,,1,,0,1.0,,,Pre-Alpha,CHL,,,,,,,,,,,,,19212000,0.05205080158234437,
2020-03-02,CL,Chile,AMR,,1,,0,1.0,,,Pre-Alpha,CHL,,,,,,,,,,,,,19212000,0.05205080158234437,
2020-03-03,CL,Chile,AMR,,1,,0,1.0,,,Pre-Alpha,CHL,,,,,,,,,,,,,19212000,0.05205080158234437,
2020-03-04,CL,Chile,AMR,,1,,0,1.0,,,Pre-Alpha,CHL,,,,,,,,,,,,,19212000,0.05205080158234437,
2020-03-05,CL,Chile,AMR,2.0,3,,0,1.5,,,Pre-Alpha,CHL,,,,,,,,,,,,,19212000,0.07807620237351655,
2020-03-06,CL,Chile,AMR,1.0,4,,0,1.3333333333333333,,,Pre-Alpha,CHL,,,,,,,,,,,,,19212000,0.06940106877645916,
2020-03-07,CL,Chile,AMR,1.0,5,,0,1.3333333333333333,,,Pre-Alpha,CHL,,,,,,,,,,,,,19212000,0.06940106877645916,
2020-03-08,CL,Chile,AMR,2.0,7,,0,1.5,,,Pre-Alpha,CHL,,,,,,,,,,,,,19212000,0.07807620237351655,
2020-03-09,CL,Chile,AMR,3.0,10,,0,1.8,,,Pre-Alpha,CHL,,,,,,,,,,,,,19212000,0.09369144284821987,
2020-03-10,CL,Chile,AMR,5.0,15,,0,2.333333333333333,,,Pre-Alpha,CHL,,,,,,,,,,,,,19212000,0.1214518703588035,
2020-03-11,CL,Chile,AMR,2.0,17,,0,2.2857142857142856,,,Pre-Alpha,CHL,,,,,,,,,,,,,19212000,0.11897326075964426,
2020-03-12,CL,Chile,AMR,6.0,23,,0,2.857142857142857,,,Pre-Alpha,CHL,,,,,,,,,,,,,19212000,0.14871657594955534,
2020-03-13,CL,Chile,AMR,10.0,33,,0,4.142857142857143,,,Pre-Alpha,CHL,,,,,,,,,,,,,19212000,0.21563903512685526,
2020-03-14,CL,Chile,AMR,10.0,43,,0,5.428571428571429,,,Pre-Alpha,CHL,,,,,,,,,,,,,19212000,0.28256149430415517,
2020-03-15,CL,Chile,AMR,18.0,61,,0,7.714285714285714,,,Pre-Alpha,CHL,,,,,,,,,,,,,19212000,0.40153475506379943,
2020-03-16,CL,Chile,AMR,14.0,75,,0,9.285714285714286,,,Pre-Alpha,CHL,,,,,,,,,,,,,19212000,0.4833288718360549,
2020-03-17,CL,Chile,AMR,81.0,156,,0,20.142857142857142,,,Pre-Alpha,CHL,,,,,,,,,,,,,19212000,1.0484518604443651,
2020-03-18,CL,Chile,AMR,45.0,201,,0,26.285714285714285,,,Pre-Alpha,CHL,,,,,,,,,,,,,19212000,1.368192498735909,
2020-03-19,CL,Chile,AMR,37.0,238,,0,30.714285714285715,,,Pre-Alpha,CHL,,,,,,,,,,,,,19212000,1.5987031914577199,
2020-03-20,CL,Chile,AMR,104.0,342,,0,44.142857142857146,,,Pre-Alpha,CHL,,,,,,,,,,,,,19212000,2.29767109842063,
2020-03-21,CL,Chile,AMR,92.0,434,,0,55.85714285714285,,,Pre-Alpha,CHL,,,,,,,,,,,,,19212000,2.9074090598138063,
2020-03-22,CL,Chile,AMR,103.0,537,,0,68.0,,,Pre-Alpha,CHL,,,,,,,,,,,,,19212000,3.539454507599417,
2020-03-23,CL,Chile,AMR,95.0,632,1.0,1,79.57142857142857,1.0,0.0125673249551166,Pre-Alpha,CHL,,,,,,,,,,,,0.0125673249551166,19212000,4.141756640195116,0.05205080158234437
2020-03-24,CL,Chile,AMR,114.0,746,,1,84.28571428571429,1.0,0.011864406779661,Pre-Alpha,CHL,,,,,,,,,,,,0.011864406779661,19212000,4.3871389905118825,0.05205080158234437
2020-03-25,CL,Chile,AMR,176.0,922,1.0,2,103.0,1.0,0.0097087378640776,Pre-Alpha,CHL,,,,,,,,,,,,0.0097087378640776,19212000,5.36123256298147,0.05205080158234437
2020-03-26,CL,Chile,AMR,220.0,1142,1.0,3,129.14285714285714,1.0,0.0077433628318584,Pre-Alpha,CHL,,,,,,,,,,,,0.0077433628318584,19212000,6.721989232919901,0.05205080158234437
2020-03-27,CL,Chile,AMR,164.0,1306,1.0,4,137.71428571428572,1.0,0.0072614107883817,Pre-Alpha,CHL,,,,,,,,,,,,0.0072614107883817,19212000,7.168138960768568,0.05205080158234437
2020-03-28,CL,Chile,AMR,304.0,1610,1.0,5,168.0,1.0,0.0059523809523809,Pre-Alpha,CHL,,,,,,,,,,,,0.0059523809523809,19212000,8.744534665833854,0.05205080158234437
2020-03-29,CL,Chile,AMR,299.0,1909,1.0,6,196.0,1.0,0.0051020408163265,Pre-Alpha,CHL,,,,,,,,,,,,0.0051020408163265,19212000,10.201957110139496,0.05205080158234437
2020-03-30,CL,Chile,AMR,230.0,2139,1.0,7,215.28571428571428,1.0,0.0046449900464499,Pre-Alpha,CHL,,,,,,,,,,,,0.0046449900464499,19212000,11.205793997798994,0.05205080158234437
2020-03-31,CL,Chile,AMR,310.0,2449,1.0,8,243.28571428571428,1.0,0.0041103934233705,Pre-Alpha,CHL,,,,,,,,,,,,0.0041103934233705,19212000,12.663216442104638,0.05205080158234437
2020-04-01,CL,Chile,AMR,289.0,2738,4.0,12,259.42857142857144,1.4285714285714286,0.0055066079295154,Pre-Alpha,CHL,,,,,,,,,,,,0.0055066079295154,19212000,13.503465096219626,0.07435828797477767
2020-04-02,CL,Chile,AMR,293.0,3031,4.0,16,269.85714285714283,1.8571428571428568,0.0068819481206987,Pre-Alpha,CHL,,,,,,,,,,,,0.0068819481206987,19212000,14.046280598435501,0.09666577436721095
2020-04-03,CL,Chile,AMR,373.0,3404,2.0,18,299.7142857142857,2.0,0.0066730219256434,Pre-Alpha,CHL,,,,,,,,,,,,0.0066730219256434,19212000,15.600368817108354,0.10410160316468874
2020-04-04,CL,Chile,AMR,333.0,3737,4.0,22,303.85714285714283,2.4285714285714284,0.0079924776680771,Pre-Alpha,CHL,,,,,,,,,,,,0.0079924776680771,19212000,15.816007852235208,0.12640908955712205
2020-04-05,CL,Chile,AMR,424.0,4161,5.0,27,321.7142857142857,3.0,0.0093250444049733,Pre-Alpha,CHL,,,,,,,,,,,,0.0093250444049733,19212000,16.74548645191993,0.1561524047470331
2020-04-06,CL,Chile,AMR,310.0,4471,7.0,34,333.1428571428572,3.857142857142857,0.0115780445969125,Pre-Alpha,CHL,,,,,,,,,,,,0.0115780445969125,19212000,17.340352755718158,0.20076737753189972
2020-04-07,CL,Chile,AMR,344.0,4815,3.0,37,338.0,4.142857142857143,0.0122569737954353,Pre-Alpha,CHL,,,,,,,,,,,,0.0122569737954353,19212000,17.593170934832397,0.21563903512685526
2020-04-08,CL,Chile,AMR,301.0,5116,6.0,43,339.7142857142857,4.428571428571429,0.013036164844407,Pre-Alpha,CHL,,,,,,,,,,,,0.013036164844407,19212000,17.68240088040213,0.2305106927218108
2020-04-09,CL,Chile,AMR,430.0,5546,5.0,48,359.2857142857143,4.571428571428571,0.0127236580516898,Pre-Alpha,CHL,,,,,,,,,,,,0.0127236580516898,19212000,18.701109425656586,0.23794652151928852
2020-04-10,CL,Chile,AMR,426.0,5972,9.0,57,366.8571428571428,5.571428571428571,0.0151869158878504,Pre-Alpha,CHL,,,,,,,,,,,,0.0151869158878504,19212000,19.095208351922903,0.2899973231016329
2020-04-11,CL,Chile,AMR,529.0,6501,8.0,65,394.8571428571428,6.142857142857143,0.0155571635311143,Pre-Alpha,CHL,,,,,,,,,,,,0.0155571635311143,19212000,20.552630796228545,0.319740638291544
2020-04-12,CL,Chile,AMR,426.0,6927,8.0,73,395.1428571428572,6.571428571428571,0.0166305133767172,Pre-Alpha,CHL,,,,,,,,,,,,0.0166305133767172,19212000,20.567502453823508,0.3420481246839773
2020-04-13,CL,Chile,AMR,286.0,7213,7.0,80,391.7142857142857,6.571428571428571,0.0167760758570386,Pre-Alpha,CHL,,,,,,,,,,,,0.0167760758570386,19212000,20.389042562684036,0.3420481246839773
2020-04-14,CL,Chile,AMR,312.0,7525,2.0,82,387.1428571428572,6.428571428571429,0.0166051660516605,Pre-Alpha,CHL,,,,,,,,,,,,0.0166051660516605,19212000,20.151096041164752,0.3346122958864995
2020-04-15,CL,Chile,AMR,392.0,7917,10.0,92,400.1428571428572,7.0,0.0174937522313459,Pre-Alpha,CHL,,,,,,,,,,,,0.0174937522313459,19212000,20.82775646173523,0.36435561107641057
2020-04-16,CL,Chile,AMR,356.0,8273,2.0,94,389.57142857142856,6.571428571428571,0.0168683535020168,Pre-Alpha,CHL,,,,,,,,,,,,0.0168683535020168,19212000,20.27750513072187,0.3420481246839773
2020-04-17,CL,Chile,AMR,534.0,8807,11.0,105,405.0,6.857142857142857,0.0169312169312169,Pre-Alpha,CHL,,,,,,,,,,,,0.0169312169312169,19212000,21.08057464084947,0.3569197822789328
2020-04-18,CL,Chile,AMR,445.0,9252,11.0,116,393.0,7.285714285714286,0.0185387131952017,Pre-Alpha,CHL,,,,,,,,,,,,0.0185387131952017,19212000,20.45596502186134,0.37922726867136614
2020-04-19,CL,Chile,AMR,478.0,9730,10.0,126,400.4285714285714,7.571428571428571,0.0189083125222975,Pre-Alpha,CHL,,,,,,,,,,,,0.0189083125222975,19212000,20.842628119330175,0.39409892626632165
2020-04-20,CL,Chile,AMR,358.0,10088,7.0,133,410.7142857142857,7.571428571428571,0.0184347826086956,Pre-Alpha,CHL,,,,,,,,,,,,0.0184347826086956,19212000,21.37800779274858,0.39409892626632165
2020-04-21,CL,Chile,AMR,419.0,10507,6.0,139,426.0,8.142857142857142,0.0191146881287726,Pre-Alpha,CHL,,,,,,,,,,,,0.0191146881287726,19212000,22.173641474078703,0.42384224145623267
2020-04-22,CL,Chile,AMR,325.0,10832,8.0,147,416.4285714285714,7.857142857142857,0.0188679245283018,Pre-Alpha,CHL,,,,,,,,,,,,0.0188679245283018,19212000,21.67544094464769,0.40897058386127716
2020-04-23,CL,Chile,AMR,464.0,11296,13.0,160,431.8571428571428,9.428571428571429,0.0218326166060205,Pre-Alpha,CHL,,,,,,,,,,,,0.0218326166060205,19212000,22.478510454775286,0.49076470063353267
2020-04-24,CL,Chile,AMR,516.0,11812,8.0,168,429.2857142857143,9.0,0.0209650582362728,Pre-Alpha,CHL,,,,,,,,,,,,0.0209650582362728,19212000,22.34466553642069,0.4684572142410993
2020-04-25,CL,Chile,AMR,494.0,12306,6.0,174,436.2857142857143,8.285714285714286,0.0189914865749836,Pre-Alpha,CHL,,,,,,,,,,,,0.0189914865749836,19212000,22.7090211474971,0.4312780702537105
2020-04-26,CL,Chile,AMR,552.0,12858,7.0,181,446.8571428571428,7.857142857142857,0.0175831202046035,Pre-Alpha,CHL,,,,,,,,,,,,0.0175831202046035,19212000,23.25927247851045,0.40897058386127716
2020-04-27,CL,Chile,AMR,473.0,13331,8.0,189,463.2857142857143,8.0,0.0172679617637989,Pre-Alpha,CHL,,,,,,,,,,,,0.0172679617637989,19212000,24.114392790220396,0.41640641265875494
2020-04-28,CL,Chile,AMR,482.0,13813,9.0,198,472.2857142857143,8.428571428571429,0.0178463399879007,Pre-Alpha,CHL,,,,,,,,,,,,0.0178463399879007,19212000,24.5828500044615,0.43871389905118824
2020-04-29,CL,Chile,AMR,552.0,14365,9.0,207,504.7142857142857,8.571428571428571,0.0169827342202094,Pre-Alpha,CHL,,,,,,,,,,,,0.0169827342202094,19212000,26.270783141488952,0.446149727848666
2020-04-30,CL,Chile,AMR,770.0,15135,9.0,216,548.4285714285714,8.0,0.014587132065642,Pre-Alpha,CHL,,,,,,,,,,,,0.014587132065642,19212000,28.54614675351715,0.41640641265875494
2020-05-01,CL,Chile,AMR,888.0,16023,11.0,227,601.5714285714286,8.428571428571429,0.0140109237710757,Pre-Alpha,CHL,,,,,,,,,,,,0.0140109237710757,19212000,31.312275066178874,0.43871389905118824
2020-05-02,CL,Chile,AMR,985.0,17008,7.0,234,671.7142857142857,8.571428571428571,0.0127605274351339,Pre-Alpha,CHL,,,,,,,,,,,,0.0127605274351339,19212000,34.963267005740455,0.446149727848666
2020-05-03,CL,Chile,AMR,1427.0,18435,13.0,247,796.7142857142857,9.428571428571429,0.0118343195266272,Pre-Alpha,CHL,,,,,,,,,,,,0.0118343195266272,19212000,41.46961720353351,0.49076470063353267
2020-05-04,CL,Chile,AMR,1228.0,19663,13.0,260,904.5714285714286,10.142857142857142,0.0112128869235628,Pre-Alpha,CHL,,,,,,,,,,,,0.0112128869235628,19212000,47.083667945629216,0.5279438446209214
2020-05-05,CL,Chile,AMR,980.0,20643,10.0,270,975.7142857142856,10.285714285714286,0.0105417276720351,Pre-Alpha,CHL,,,,,,,,,,,,0.0105417276720351,19212000,50.78671068677314,0.5353796734183993
2020-05-06,CL,Chile,AMR,1373.0,22016,5.0,275,1093.0,9.714285714285714,0.0088877270944974,Pre-Alpha,CHL,,,,,,,,,,,,0.0088877270944974,19212000,56.891526129502395,0.5056363582284882
2020-05-07,CL,Chile,AMR,1032.0,23048,6.0,281,1130.428571428571,9.285714285714286,0.0082143308479716,Pre-Alpha,CHL,,,,,,,,,,,,0.0082143308479716,19212000,58.83971327444156,0.4833288718360549
2020-05-08,CL,Chile,AMR,1533.0,24581,4.0,285,1222.571428571429,8.285714285714286,0.0067772844122458,Pre-Alpha,CHL,,,,,,,,,,,,0.0067772844122458,19212000,63.63582284881474,0.4312780702537105
2020-05-09,CL,Chile,AMR,1391.0,25972,9.0,294,1280.571428571429,8.571428571428571,0.0066934404283801,Pre-Alpha,CHL,,,,,,,,,,,,0.0066934404283801,19212000,66.65476934059072,0.446149727848666
2020-05-10,CL,Chile,AMR,1247.0,27219,10.0,304,1254.857142857143,8.142857142857142,0.0064890710382513,Pre-Alpha,CHL,,,,,,,,,,,,0.0064890710382513,19212000,65.31632015704471,0.42384224145623267
2020-05-11,CL,Chile,AMR,1647.0,28866,8.0,312,1314.7142857142858,7.428571428571429,0.0056503314136694,Pre-Alpha,CHL,,,,,,,,,,,,0.0056503314136694,19212000,68.43193242318789,0.3866630974688439
2020-05-12,CL,Chile,AMR,1197.0,30063,11.0,323,1345.7142857142858,7.571428571428571,0.0056263269639065,Pre-Alpha,CHL,,,,,,,,,,,,0.0056263269639065,19212000,70.04550727224057,0.39409892626632165
2020-05-13,CL,Chile,AMR,1658.0,31721,12.0,335,1386.428571428571,8.571428571428571,0.0061823802163833,Pre-Alpha,CHL,,,,,,,,,,,,0.0061823802163833,19212000,72.16471847952171,0.446149727848666
2020-05-14,CL,Chile,AMR,2660.0,34381,11.0,346,1619.0,9.285714285714286,0.0057354628077296,Pre-Alpha,CHL,,,,,,,,,,,,0.0057354628077296,19212000,84.27024776181553,0.4833288718360549
2020-05-15,CL,Chile,AMR,2659.0,37040,22.0,368,1779.857142857143,11.857142857142858,0.0066618508708564,Pre-Alpha,CHL,,,,,,,,,,,,0.0066618508708564,19212000,92.64299098777549,0.6171737901906548
2020-05-16,CL,Chile,AMR,2502.0,39542,26.0,394,1938.571428571429,14.285714285714286,0.0073691967575534,Pre-Alpha,CHL,,,,,,,,,,,,0.0073691967575534,19212000,100.90419678177331,0.7435828797477767
2020-05-17,CL,Chile,AMR,1886.0,41428,27.0,421,2029.857142857143,16.714285714285715,0.0082342177493138,Pre-Alpha,CHL,,,,,,,,,,,,0.0082342177493138,19212000,105.65569138336159,0.8699919693048987
2020-05-18,CL,Chile,AMR,2353.0,43781,29.0,450,2130.714285714286,19.714285714285715,0.0092524304391552,Pre-Alpha,CHL,,,,,,,,,,,,0.0092524304391552,19212000,110.9053865143809,1.0261443740519318
2020-05-19,CL,Chile,AMR,2278.0,46059,28.0,478,2285.1428571428573,22.142857142857142,0.0096899224806201,Pre-Alpha,CHL,,,,,,,,,,,,0.0096899224806201,19212000,118.94351744445437,1.1525534636090538
2020-05-20,CL,Chile,AMR,3520.0,49579,31.0,509,2551.1428571428573,24.857142857142858,0.009743532310449,Pre-Alpha,CHL,,,,,,,,,,,,0.009743532310449,19212000,132.78903066535796,1.2938342107611316
2020-05-21,CL,Chile,AMR,4038.0,53617,35.0,544,2748.0,28.285714285714285,0.0102932002495321,Pre-Alpha,CHL,,,,,,,,,,,,0.0102932002495321,19212000,143.03560274828232,1.4722941019005977
2020-05-22,CL,Chile,AMR,3964.0,57581,45.0,589,2934.428571428572,31.571428571428573,0.0107589698651477,Pre-Alpha,CHL,,,,,,,,,,,,0.0107589698651477,19212000,152.73935932899084,1.6433181642425865
2020-05-23,CL,Chile,AMR,4276.0,61857,41.0,630,3187.8571428571427,33.714285714285715,0.0105758458436029,Pre-Alpha,CHL,,,,,,,,,,,,0.0105758458436029,19212000,165.93051961571635,1.754855596204753
2020-05-24,CL,Chile,AMR,3536.0,65393,43.0,673,3423.5714285714284,36.0,0.0105153348633423,Pre-Alpha,CHL,,,,,,,,,,,,0.0105153348633423,19212000,178.19963713155468,1.8738288569643973
2020-05-25,CL,Chile,AMR,3709.0,69102,45.0,718,3617.285714285714,38.285714285714285,0.0105841001540223,Pre-Alpha,CHL,,,,,,,,,,,,0.0105841001540223,19212000,188.28262098093455,1.9928021177240414
2020-05-26,CL,Chile,AMR,4895.0,73997,43.0,761,3991.142857142857,40.42857142857143,0.0101295726250984,Pre-Alpha,CHL,,,,,,,,,,,,0.0101295726250984,19212000,207.74218494393384,2.104339549686208
2020-05-27,CL,Chile,AMR,3964.0,77961,45.0,806,4054.571428571429,42.42857142857143,0.0104643788316538,Pre-Alpha,CHL,,,,,,,,,,,,0.0104643788316538,19212000,211.043692930014,2.208441152850897
2020-05-28,CL,Chile,AMR,4328.0,82289,35.0,841,4096.0,42.42857142857143,0.0103585379464285,Pre-Alpha,CHL,,,,,,,,,,,,0.0103585379464285,19212000,213.20008328128253,2.208441152850897
2020-05-29,CL,Chile,AMR,4654.0,86943,49.0,890,4194.571428571428,43.0,0.0102513452762073,Pre-Alpha,CHL,,,,,,,,,,,,0.0102513452762073,19212000,218.33080515154217,2.238184468040808
2020-05-30,CL,Chile,AMR,3695.0,90638,54.0,944,4111.571428571428,44.85714285714285,0.0109099753309475,Pre-Alpha,CHL,,,,,,,,,,,,0.0109099753309475,19212000,214.0105886202076,2.3348502424080184
2020-05-31,CL,Chile,AMR,4220.0,94858,53.0,997,4209.285714285715,46.285714285714285,0.0109960970643135,Pre-Alpha,CHL,,,,,,,,,,,,0.0109960970643135,19212000,219.09669551768243,2.409208530382797
2020-06-01,CL,Chile,AMR,4830.0,99688,57.0,1054,4369.428571428572,48.0,0.0109854181651736,Pre-Alpha,CHL,,,,,,,,,,,,0.0109854181651736,19212000,227.432259599655,2.4984384759525295
2020-06-02,CL,Chile,AMR,5471.0,105159,59.0,1113,4451.714285714285,50.285714285714285,0.0112958089981387,Pre-Alpha,CHL,,,,,,,,,,,,0.0112958089981387,19212000,231.71529698700215,2.6174117367121736
2020-06-03,CL,Chile,AMR,3527.0,108686,75.0,1188,4389.285714285715,54.57142857142857,0.0124328722538649,Pre-Alpha,CHL,,,,,,,,,,,,0.0124328722538649,19212000,228.4658398025044,2.840486600636507
2020-06-04,CL,Chile,AMR,4942.0,113628,87.0,1275,4477.0,62.0,0.0138485593031047,Pre-Alpha,CHL,,,,,,,,,,,,0.0138485593031047,19212000,233.03143868415575,3.2271496981053507
2020-06-05,CL,Chile,AMR,4664.0,118292,81.0,1356,4478.428571428572,66.57142857142857,0.0148649079715461,Pre-Alpha,CHL,,,,,,,,,,,,0.0148649079715461,19212000,233.10579697213052,3.4650962196246393
2020-06-06,CL,Chile,AMR,4207.0,122499,92.0,1448,4551.571428571428,72.0,0.0158187125325633,Pre-Alpha,CHL,,,,,,,,,,,,0.0158187125325633,19212000,236.91294131643912,3.7476577139287945
2020-06-07,CL,Chile,AMR,5246.0,127745,93.0,1541,4698.142857142857,77.71428571428571,0.0165414905585793,Pre-Alpha,CHL,,,,,,,,,,,,0.0165414905585793,19212000,244.54210166265133,4.0450908658279054
2020-06-08,CL,Chile,AMR,6405.0,134150,649.0,2190,4923.142857142857,162.28571428571428,0.032963844234229,Pre-Alpha,CHL,,,,,,,,,,,,0.032963844234229,19212000,256.2535320186788,8.447101513934742
2020-06-09,CL,Chile,AMR,4696.0,138846,74.0,2264,4812.428571428572,164.42857142857142,0.0341674830053136,Pre-Alpha,CHL,,,,,,,,,,,,0.0341674830053136,19212000,250.49076470063352,8.55863894589691
2020-06-10,CL,Chile,AMR,3913.0,142759,19.0,2283,4867.571428571428,156.42857142857142,0.0321368825756464,Pre-Alpha,CHL,,,,,,,,,,,,0.0321368825756464,19212000,253.36099461645995,8.142232533238154
2020-06-11,CL,Chile,AMR,5737.0,148496,192.0,2475,4981.142857142857,171.42857142857142,0.0344155099231386,Pre-Alpha,CHL,,,,,,,,,,,,0.0344155099231386,19212000,259.27247851045473,8.922994556973318
2020-06-12,CL,Chile,AMR,5596.0,154092,173.0,2648,5114.285714285715,184.57142857142856,0.0360893854748603,Pre-Alpha,CHL,,,,,,,,,,,,0.0360893854748603,19212000,266.20267094970404,9.607090806341274
2020-06-13,CL,Chile,AMR,6754.0,160846,222.0,2870,5478.142857142857,203.14285714285717,0.0370824314809502,Pre-Alpha,CHL,,,,,,,,,,,,0.0370824314809502,19212000,285.1417268968799,10.573748550013384
2020-06-14,CL,Chile,AMR,6509.0,167355,231.0,3101,5658.571428571428,222.8571428571429,0.039383993940924,Pre-Alpha,CHL,,,,,,,,,,,,0.039383993940924,19212000,294.53317866809437,11.599892924065319
2020-06-15,CL,Chile,AMR,6938.0,174293,222.0,3323,5734.714285714285,161.85714285714286,0.0282240988466233,Pre-Alpha,CHL,,,,,,,,,,,,0.0282240988466233,19212000,298.49647541714995,8.42479402754231
2020-06-16,CL,Chile,AMR,5143.0,179436,39.0,3362,5798.571428571428,156.85714285714286,0.0270509977827051,Pre-Alpha,CHL,,,,,,,,,,,,0.0270509977827051,19212000,301.8202908896226,8.16454001963059
2020-06-17,CL,Chile,AMR,5013.0,184449,21.0,3383,5955.714285714285,157.14285714285714,0.0263852242744063,Pre-Alpha,CHL,,,,,,,,,,,,0.0263852242744063,19212000,309.9997025668481,8.179411677225543
2020-06-18,CL,Chile,AMR,36179.0,220628,232.0,3615,10304.57142857143,162.85714285714286,0.0158043586757611,Pre-Alpha,CHL,,,,,,,,,,,,0.0158043586757611,19212000,536.3612028196663,8.476844829124655
2020-06-19,CL,Chile,AMR,4475.0,225103,226.0,3841,10144.42857142857,170.42857142857142,0.0168002140513441,Pre-Alpha,CHL,,,,,,,,,,,,0.0168002140513441,19212000,528.0256387376937,8.870943755390975
2020-06-20,CL,Chile,AMR,6290.0,231393,252.0,4093,10078.142857142857,174.71428571428572,0.0173359604235474,Pre-Alpha,CHL,,,,,,,,,,,,0.0173359604235474,19212000,524.575414175664,9.094018619315309
2020-06-21,CL,Chile,AMR,5355.0,236748,202.0,4295,9913.285714285714,170.57142857142858,0.0172063464614586,Pre-Alpha,CHL,,,,,,,,,,,,0.0172063464614586,19212000,515.9944677433746,8.878379584188455
2020-06-22,CL,Chile,AMR,5607.0,242355,184.0,4479,9723.142857142857,165.14285714285714,0.0169845141194792,Pre-Alpha,CHL,,,,,,,,,,,,0.0169845141194792,19212000,506.0973796139317,8.595818089884299
2020-06-23,CL,Chile,AMR,4608.0,246963,23.0,4502,9646.714285714286,162.85714285714286,0.0168821360344751,Pre-Alpha,CHL,,,,,,,,,,,,0.0168821360344751,19212000,502.1192112072811,8.476844829124655
2020-06-24,CL,Chile,AMR,3804.0,250767,3.0,4505,9474.0,160.28571428571428,0.0169184836695919,Pre-Alpha,CHL,,,,,,,,,,,,0.0169184836695919,19212000,493.12929419113055,8.342999910770054
2020-06-25,CL,Chile,AMR,3649.0,254416,226.0,4731,4826.857142857143,159.42857142857142,0.0330294779211554,Pre-Alpha,CHL,,,,,,,,,,,,0.0330294779211554,19212000,251.24178340917882,8.298384937985187
2020-06-26,CL,Chile,AMR,4648.0,259064,172.0,4903,4851.571428571428,151.71428571428572,0.0312711639822149,Pre-Alpha,CHL,,,,,,,,,,,,0.0312711639822149,19212000,252.52818179114243,7.896850182921389
2020-06-27,CL,Chile,AMR,4296.0,263360,165.0,5068,4566.714285714285,139.28571428571428,0.0305002033346888,Pre-Alpha,CHL,,,,,,,,,,,,0.0305002033346888,19212000,237.70113916897174,7.249933077540822
2020-06-28,CL,Chile,AMR,4406.0,267766,279.0,5347,4431.142857142857,150.28571428571428,0.0339157908311303,Pre-Alpha,CHL,,,,,,,,,,,,0.0339157908311303,19212000,230.64453764016537,7.82249189494661
2020-06-29,CL,Chile,AMR,4216.0,271982,162.0,5509,4232.428571428572,147.14285714285714,0.0347655854457083,Pre-Alpha,CHL,,,,,,,,,,,,0.0347655854457083,19212000,220.3012997828738,7.6589036614021
2020-06-30,CL,Chile,AMR,4017.0,275999,66.0,5575,4148.0,153.28571428571428,0.0369541259126601,Pre-Alpha,CHL,,,,,,,,,,,,0.0369541259126601,19212000,215.90672496356444,7.978644299693644
2020-07-01,CL,Chile,AMR,3394.0,279393,113.0,5688,4089.428571428572,169.0,0.0413260672116257,Pre-Alpha,CHL,,,,,,,,,,,,0.0413260672116257,19212000,212.8580351565986,8.796585467416199
2020-07-02,CL,Chile,AMR,2650.0,282043,65.0,5753,3946.714285714286,146.0,0.0369927969015817,Pre-Alpha,CHL,,,,,,,,,,,,0.0369927969015817,19212000,205.42964218791826,7.599417031022278
2020-07-03,CL,Chile,AMR,2498.0,284541,167.0,5920,3639.571428571429,145.28571428571428,0.0399183577344271,Pre-Alpha,CHL,,,,,,,,,,,,0.0399183577344271,19212000,189.4426102733411,7.562237887034889
2020-07-04,CL,Chile,AMR,3548.0,288089,131.0,6051,3532.714285714286,140.42857142857142,0.039750899753326,Pre-Alpha,CHL,,,,,,,,,,,,0.039750899753326,19212000,183.8806103328277,7.309419707920644
2020-07-05,CL,Chile,AMR,3758.0,291847,141.0,6192,3440.1428571428573,120.71428571428572,0.0350899049042813,Pre-Alpha,CHL,,,,,,,,,,,,0.0350899049042813,19212000,179.0621932720621,6.283275333868714
2020-07-06,CL,Chile,AMR,3685.0,295532,116.0,6308,3364.285714285714,114.14285714285714,0.0339278131634819,Pre-Alpha,CHL,,,,,,,,,,,,0.0339278131634819,19212000,175.1137681806014,5.941227209184735
2020-07-07,CL,Chile,AMR,3025.0,298557,76.0,6384,3222.5714285714284,115.57142857142856,0.0358631084315985,Pre-Alpha,CHL,,,,,,,,,,,,0.0358631084315985,19212000,167.73742601350347,6.015585497159512
2020-07-08,CL,Chile,AMR,2462.0,301019,50.0,6434,3089.428571428572,106.57142857142856,0.0344955146582817,Pre-Alpha,CHL,,,,,,,,,,,,0.0344955146582817,19212000,160.8072335742542,5.547128282918413
2020-07-09,CL,Chile,AMR,2064.0,303083,139.0,6573,3005.714285714286,117.14285714285714,0.0389733840304182,Pre-Alpha,CHL,,,,,,,,,,,,0.0389733840304182,19212000,156.44983789893223,6.097379613931769
2020-07-10,CL,Chile,AMR,3133.0,306216,109.0,6682,3096.428571428572,108.85714285714286,0.0351557093425605,Pre-Alpha,CHL,,,,,,,,,,,,0.0351557093425605,19212000,161.17158918533062,5.666101543678058
2020-07-11,CL,Chile,AMR,3058.0,309274,99.0,6781,3026.428571428572,104.28571428571428,0.0344583431673353,Pre-Alpha,CHL,,,,,,,,,,,,0.0344583431673353,19212000,157.5280330745665,5.428155022158769
2020-07-12,CL,Chile,AMR,2755.0,312029,100.0,6881,2883.1428571428573,98.42857142857144,0.0341393320780893,Pre-Alpha,CHL,,,,,,,,,,,,0.0341393320780893,19212000,150.0698967906963,5.123286041462182
2020-07-13,CL,Chile,AMR,3012.0,315041,98.0,6979,2787.0,95.85714285714286,0.0343943820800656,Pre-Alpha,CHL,,,,,,,,,,,,0.0343943820800656,19212000,145.06558400999376,4.989441123107582
2020-07-14,CL,Chile,AMR,2616.0,317657,45.0,7024,2728.5714285714284,91.42857142857144,0.0335078534031413,Pre-Alpha,CHL,,,,,,,,,,,,0.0335078534031413,19212000,142.02433003182534,4.758930430385772
2020-07-15,CL,Chile,AMR,1836.0,319493,45.0,7069,2639.1428571428573,90.71428571428572,0.0343726318068636,Pre-Alpha,CHL,,,,,,,,,,,,0.0343726318068636,19212000,137.36950120460426,4.721751286398383
2020-07-16,CL,Chile,AMR,1712.0,321205,117.0,7186,2588.8571428571427,87.57142857142857,0.0338262884891292,Pre-Alpha,CHL,,,,,,,,,,,,0.0338262884891292,19212000,134.7520894678921,4.558163052853871
2020-07-17,CL,Chile,AMR,2493.0,323698,104.0,7290,2497.428571428572,86.85714285714286,0.0347786294474316,Pre-Alpha,CHL,,,,,,,,,,,,0.0347786294474316,19212000,129.99315903750636,4.520983908866483
2020-07-18,CL,Chile,AMR,2841.0,326539,,8347,2466.428571428572,84.83333333333333,0.0343952118930398,Pre-Alpha,CHL,,,,,,,,,,,,0.0343952118930398,19212000,128.3795841884537,4.415643000902214
2020-07-19,CL,Chile,AMR,2307.0,328846,98.0,8445,2402.428571428572,84.5,0.0351727418683475,Pre-Alpha,CHL,,,,,,,,,,,,0.0351727418683475,19212000,125.04833288718363,4.398292733708099
2020-07-20,CL,Chile,AMR,2084.0,330930,58.0,8503,2269.8571428571427,77.83333333333333,0.0342899700002097,Pre-Alpha,CHL,,,,,,,,,,,,0.0342899700002097,19212000,118.14788376312423,4.051287389825803
2020-07-21,CL,Chile,AMR,2099.0,333029,130.0,8633,2196.0,92.0,0.0418943533697632,Pre-Alpha,CHL,,,,,,,,,,,,0.0418943533697632,19212000,114.30356027482823,4.788673745575682
2020-07-22,CL,Chile,AMR,1654.0,334683,44.0,8677,2170.0,91.83333333333331,0.0423195084485407,Pre-Alpha,CHL,,,,,,,,,,,,0.0423195084485407,19212000,112.95023943368729,4.779998611978624
2020-07-23,CL,Chile,AMR,1719.0,336402,45.0,8722,2171.0,79.83333333333333,0.036772608628896,Pre-Alpha,CHL,,,,,,,,,,,,0.036772608628896,19212000,113.00229023526963,4.155388992990491
2020-07-24,CL,Chile,AMR,2357.0,338759,116.0,8838,2151.5714285714284,81.83333333333333,0.0380342164088263,Pre-Alpha,CHL,,,,,,,,,,,,0.0380342164088263,19212000,111.99101751881264,4.259490596155181
2020-07-25,CL,Chile,AMR,2545.0,341304,76.0,8914,2109.285714285714,81.0,0.0384016254656281,Pre-Alpha,CHL,,,,,,,,,,,,0.0384016254656281,19212000,109.79001219475923,4.216114928169894
2020-07-26,CL,Chile,AMR,2288.0,343592,106.0,9020,2106.5714285714284,82.14285714285714,0.0389936253899362,Pre-Alpha,CHL,,,,,,,,,,,,0.0389936253899362,19212000,109.64873144760715,4.275601558549716
2020-07-27,CL,Chile,AMR,2198.0,345790,92.0,9112,2122.8571428571427,87.0,0.0409825033647375,Pre-Alpha,CHL,,,,,,,,,,,,0.0409825033647375,19212000,110.4964159305196,4.52841973766396
2020-07-28,CL,Chile,AMR,2133.0,347923,75.0,9187,2127.714285714286,79.14285714285714,0.0371961863837787,Pre-Alpha,CHL,,,,,,,,,,,,0.0371961863837787,19212000,110.74923410963386,4.119449153802683
2020-07-29,CL,Chile,AMR,1877.0,349800,53.0,9240,2159.5714285714284,80.42857142857143,0.0372428391876695,Pre-Alpha,CHL,,,,,,,,,,,,0.0372428391876695,19212000,112.4074239314714,4.186371612979983
2020-07-30,CL,Chile,AMR,1775.0,351575,38.0,9278,2167.5714285714284,79.42857142857143,0.0366440387530481,Pre-Alpha,CHL,,,,,,,,,,,,0.0366440387530481,19212000,112.82383034413016,4.134320811397639
2020-07-31,CL,Chile,AMR,1961.0,353536,99.0,9377,2111.0,77.0,0.0364756039791568,Pre-Alpha,CHL,,,,,,,,,,,,0.0364756039791568,19212000,109.87924214032896,4.007911721840516
2020-08-01,CL,Chile,AMR,2131.0,355667,80.0,9457,2051.8571428571427,77.57142857142857,0.0378054723943465,Pre-Alpha,CHL,,,,,,,,,,,,0.0378054723943465,19212000,106.80080901817315,4.037655037030428
2020-08-02,CL,Chile,AMR,1991.0,357658,76.0,9533,2009.4285714285716,73.28571428571429,0.0364709227925494,Pre-Alpha,CHL,,,,,,,,,,,,0.0364709227925494,19212000,104.59236786532227,3.8145801731060947
2020-08-03,CL,Chile,AMR,2073.0,359731,75.0,9608,1991.571428571429,70.85714285714286,0.0355785094326088,Pre-Alpha,CHL,,,,,,,,,,,,0.0355785094326088,19212000,103.66288926563756,3.6881710835489727
2020-08-04,CL,Chile,AMR,1762.0,361493,99.0,9707,1938.571428571429,74.28571428571429,0.0383198231392778,Pre-Alpha,CHL,,,,,,,,,,,,0.0383198231392778,19212000,100.90419678177331,3.866630974688439
2020-08-05,CL,Chile,AMR,1469.0,362962,38.0,9745,1880.2857142857144,72.14285714285714,0.0383680291748974,Pre-Alpha,CHL,,,,,,,,,,,,0.0383680291748974,19212000,97.87037863240238,3.7550935427262724
2020-08-06,CL,Chile,AMR,1761.0,364723,47.0,9792,1878.2857142857144,73.42857142857143,0.039093398235473,Pre-Alpha,CHL,,,,,,,,,,,,0.039093398235473,19212000,97.76627702923768,3.8220160019035725
2020-08-07,CL,Chile,AMR,1948.0,366671,97.0,9889,1876.4285714285716,73.14285714285714,0.0389798248953178,Pre-Alpha,CHL,,,,,,,,,,,,0.0389798248953178,19212000,97.66961125487047,3.8071443443086164
2020-08-08,CL,Chile,AMR,2154.0,368825,69.0,9958,1879.7142857142856,71.57142857142857,0.0380756953944368,Pre-Alpha,CHL,,,,,,,,,,,,0.0380756953944368,19212000,97.84063531721245,3.725350227536361
2020-08-09,CL,Chile,AMR,2198.0,371023,53.0,10011,1909.2857142857144,68.28571428571429,0.0357650579872802,Pre-Alpha,CHL,,,,,,,,,,,,0.0357650579872802,19212000,99.37985187829037,3.554326165194373
2020-08-10,CL,Chile,AMR,2033.0,373056,66.0,10077,1903.571428571429,67.0,0.0351969981238273,Pre-Alpha,CHL,,,,,,,,,,,,0.0351969981238273,19212000,99.08241872639125,3.487403706017073
2020-08-11,CL,Chile,AMR,1988.0,375044,62.0,10139,1935.857142857143,61.71428571428572,0.0318795660836838,Pre-Alpha,CHL,,,,,,,,,,,,0.0318795660836838,19212000,100.76291603462123,3.212278040510396
2020-08-12,CL,Chile,AMR,1572.0,376616,39.0,10178,1950.571428571429,61.85714285714285,0.0317123187344367,Pre-Alpha,CHL,,,,,,,,,,,,0.0317123187344367,19212000,101.52880640076144,3.2197138693078724
2020-08-13,CL,Chile,AMR,1552.0,378168,27.0,10205,1920.7142857142856,59.0,0.0307177389364075,Pre-Alpha,CHL,,,,,,,,,,,,0.0307177389364075,19212000,99.97471818208857,3.0709972933583174
2020-08-14,CL,Chile,AMR,1866.0,380034,94.0,10299,1909.0,58.57142857142857,0.0306817331437551,Pre-Alpha,CHL,,,,,,,,,,,,0.0306817331437551,19212000,99.3649802206954,3.0486898069658843
2020-08-15,CL,Chile,AMR,2077.0,382111,41.0,10340,1898.0,54.57142857142857,0.0287520698479602,Pre-Alpha,CHL,,,,,,,,,,,,0.0287520698479602,19212000,98.79242140328961,2.840486600636507
2020-08-16,CL,Chile,AMR,1791.0,383902,55.0,10395,1839.857142857143,54.85714285714285,0.029815979501514,Pre-Alpha,CHL,,,,,,,,,,,,0.029815979501514,19212000,95.76603908271616,2.8553582582314623
2020-08-17,CL,Chile,AMR,2044.0,385946,57.0,10452,1841.4285714285716,53.57142857142857,0.0290923196276183,Pre-Alpha,CHL,,,,,,,,,,,,0.0290923196276183,19212000,95.84783319948842,2.7884357990541626
2020-08-18,CL,Chile,AMR,1556.0,387502,61.0,10513,1779.7142857142858,53.42857142857143,0.0300208701236153,Pre-Alpha,CHL,,,,,,,,,,,,0.0300208701236153,19212000,92.63555515897804,2.780999970256685
2020-08-19,CL,Chile,AMR,1353.0,388855,33.0,10546,1748.428571428571,52.57142857142857,0.030067815998039,Pre-Alpha,CHL,,,,,,,,,,,,0.030067815998039,19212000,91.00710865233037,2.736384997471818
2020-08-20,CL,Chile,AMR,1182.0,390037,32.0,10578,1695.571428571429,53.285714285714285,0.0314264049203808,Pre-Alpha,CHL,,,,,,,,,,,,0.0314264049203808,19212000,88.25585199726363,2.773564141459207
2020-08-21,CL,Chile,AMR,1812.0,391849,93.0,10671,1687.857142857143,53.142857142857146,0.0314853999153618,Pre-Alpha,CHL,,,,,,,,,,,,0.0314853999153618,19212000,87.85431724219981,2.7661283126617295
2020-08-22,CL,Chile,AMR,1920.0,393769,52.0,10723,1665.428571428571,54.71428571428572,0.0328529764968262,Pre-Alpha,CHL,,,,,,,,,,,,0.0328529764968262,19212000,86.6868921209958,2.8479224294339853
2020-08-23,CL,Chile,AMR,1939.0,395708,69.0,10792,1686.571428571429,56.71428571428572,0.0336269693376249,Pre-Alpha,CHL,,,,,,,,,,,,0.0336269693376249,19212000,87.78739478302253,2.9520240325986737
2020-08-24,CL,Chile,AMR,1957.0,397665,60.0,10852,1674.142857142857,57.142857142857146,0.0341326051710896,Pre-Alpha,CHL,,,,,,,,,,,,0.0341326051710896,19212000,87.14047767764194,2.974331518991107
2020-08-25,CL,Chile,AMR,1903.0,399568,64.0,10916,1723.7142857142858,57.57142857142857,0.033399635338969,Pre-Alpha,CHL,,,,,,,,,,,,0.033399635338969,19212000,89.72071027036674,2.99663900538354
2020-08-26,CL,Chile,AMR,1417.0,400985,42.0,10958,1732.857142857143,58.85714285714285,0.0339653751030502,Pre-Alpha,CHL,,,,,,,,,,,,0.0339653751030502,19212000,90.19660331340532,3.063561464560839
2020-08-27,CL,Chile,AMR,1380.0,402365,32.0,10990,1761.142857142857,58.85714285714285,0.0334198572355613,Pre-Alpha,CHL,,,,,,,,,,,,0.0334198572355613,19212000,91.6688974153059,3.063561464560839
2020-08-28,CL,Chile,AMR,1737.0,404102,82.0,11072,1750.428571428571,57.285714285714285,0.0327266791806088,Pre-Alpha,CHL,,,,,,,,,,,,0.0327266791806088,19212000,91.11121025549507,2.9817673477885847
2020-08-29,CL,Chile,AMR,1870.0,405972,60.0,11132,1743.2857142857142,58.42857142857143,0.0335163484389084,Pre-Alpha,CHL,,,,,,,,,,,,0.0335163484389084,19212000,90.73941881562118,3.041253978168407
2020-08-30,CL,Chile,AMR,2037.0,408009,49.0,11181,1757.2857142857142,55.57142857142857,0.0316234452483537,Pre-Alpha,CHL,,,,,,,,,,,,0.0316234452483537,19212000,91.468130037774,2.892537402218851
2020-08-31,CL,Chile,AMR,1965.0,409974,63.0,11244,1758.428571428571,56.0,0.0318466162970184,Pre-Alpha,CHL,,,,,,,,,,,,0.0318466162970184,19212000,91.52761666815381,2.9148448886112845
2020-09-01,CL,Chile,AMR,1752.0,411726,45.0,11289,1736.857142857143,53.285714285714285,0.0306793880572462,Pre-Alpha,CHL,,,,,,,,,,,,0.0306793880572462,19212000,90.40480651973469,2.773564141459207
2020-09-02,CL,Chile,AMR,1419.0,413145,32.0,11321,1737.142857142857,51.85714285714285,0.0298519736842105,Pre-Alpha,CHL,,,,,,,,,,,,0.0298519736842105,19212000,90.41967817732964,2.699205853484429
2020-09-03,CL,Chile,AMR,1594.0,414739,23.0,11344,1767.7142857142858,50.57142857142857,0.0286083723937287,Pre-Alpha,CHL,,,,,,,,,,,,0.0286083723937287,19212000,92.01094553998989,2.6322833943071293
2020-09-04,CL,Chile,AMR,1762.0,416501,78.0,11422,1771.2857142857142,50.0,0.028228082909912,Pre-Alpha,CHL,,,,,,,,,,,,0.028228082909912,19212000,92.19684125992683,2.6025400791172184
2020-09-05,CL,Chile,AMR,1968.0,418469,72.0,11494,1785.2857142857142,51.71428571428572,0.0289669520684964,Pre-Alpha,CHL,,,,,,,,,,,,0.0289669520684964,19212000,92.92555248207965,2.691770024686952
2020-09-06,CL,Chile,AMR,1965.0,420434,57.0,11551,1775.0,52.85714285714285,0.0297786720321931,Pre-Alpha,CHL,,,,,,,,,,,,0.0297786720321931,19212000,92.39017280866125,2.751256655066773
2020-09-07,CL,Chile,AMR,2076.0,422510,41.0,11592,1790.857142857143,49.71428571428572,0.0277600510529674,Pre-Alpha,CHL,,,,,,,,,,,,0.0277600510529674,19212000,93.21554980518128,2.5876684215222636
2020-09-08,CL,Chile,AMR,1764.0,424274,60.0,11652,1792.571428571429,51.85714285714285,0.0289289129741791,Pre-Alpha,CHL,,,,,,,,,,,,0.0289289129741791,19212000,93.30477975075104,2.699205853484429
2020-09-09,CL,Chile,AMR,1267.0,425541,30.0,11682,1770.857142857143,51.57142857142857,0.0291222975153275,Pre-Alpha,CHL,,,,,,,,,,,,0.0291222975153275,19212000,92.17453377353439,2.6843341958894738
2020-09-10,CL,Chile,AMR,1486.0,427027,20.0,11702,1755.428571428571,51.142857142857146,0.0291341145833333,Pre-Alpha,CHL,,,,,,,,,,,,0.0291341145833333,19212000,91.37146426340679,2.6620267094970407
2020-09-11,CL,Chile,AMR,1642.0,428669,79.0,11781,1738.2857142857142,51.285714285714285,0.0295036160420775,Pre-Alpha,CHL,,,,,,,,,,,,0.0295036160420775,19212000,90.47916480770947,2.6694625382945185
2020-09-12,CL,Chile,AMR,1866.0,430535,69.0,11850,1723.7142857142858,50.85714285714285,0.0295043925078733,Pre-Alpha,CHL,,,,,,,,,,,,0.0295043925078733,19212000,89.72071027036674,2.6471550519020846
2020-09-13,CL,Chile,AMR,2131.0,432666,45.0,11895,1747.428571428571,49.142857142857146,0.0281229561805101,Pre-Alpha,CHL,,,,,,,,,,,,0.0281229561805101,19212000,90.95505785074802,2.557925106332352
2020-09-14,CL,Chile,AMR,2082.0,434748,54.0,11949,1748.2857142857142,51.0,0.0291714332407256,Pre-Alpha,CHL,,,,,,,,,,,,0.0291714332407256,19212000,90.9996728235329,2.654590880699563
2020-09-15,CL,Chile,AMR,1685.0,436433,64.0,12013,1737.0,51.57142857142857,0.02968994160704,Pre-Alpha,CHL,,,,,,,,,,,,0.02968994160704,19212000,90.41224234853216,2.6843341958894738
2020-09-16,CL,Chile,AMR,1550.0,437983,27.0,12040,1777.428571428571,51.142857142857146,0.0287735090821411,Pre-Alpha,CHL,,,,,,,,,,,,0.0287735090821411,19212000,92.51658189821836,2.6620267094970407
2020-09-17,CL,Chile,AMR,1304.0,439287,18.0,12058,1751.428571428571,50.85714285714285,0.0290375203915171,Pre-Alpha,CHL,,,,,,,,,,,,0.0290375203915171,19212000,91.16326105707739,2.6471550519020846
2020-09-18,CL,Chile,AMR,1863.0,441150,84.0,12142,1783.0,51.57142857142857,0.0289239644259274,Pre-Alpha,CHL,,,,,,,,,,,,0.0289239644259274,19212000,92.80657922132002,2.6843341958894738
2020-09-19,CL,Chile,AMR,1677.0,442827,57.0,12199,1756.0,49.85714285714285,0.0283924503742271,Pre-Alpha,CHL,,,,,,,,,,,,0.0283924503742271,19212000,91.40120757859671,2.59510425031974
2020-09-20,CL,Chile,AMR,1847.0,444674,55.0,12254,1715.428571428571,51.285714285714285,0.0298967355096602,Pre-Alpha,CHL,,,,,,,,,,,,0.0298967355096602,19212000,89.28943220011301,2.6694625382945185
2020-09-21,CL,Chile,AMR,1600.0,446274,32.0,12286,1646.571428571429,48.142857142857146,0.0292382439701544,Pre-Alpha,CHL,,,,,,,,,,,,0.0292382439701544,19212000,85.70536271972875,2.5058743047500074
2020-09-22,CL,Chile,AMR,1194.0,447468,12.0,12298,1576.428571428571,40.71428571428572,0.0258269143633892,Pre-Alpha,CHL,,,,,,,,,,,,0.0258269143633892,19212000,82.05437078016715,2.119211207281164
2020-09-23,CL,Chile,AMR,1055.0,448523,23.0,12321,1505.7142857142858,40.142857142857146,0.0266603415559772,Pre-Alpha,CHL,,,,,,,,,,,,0.0266603415559772,19212000,78.37363552541566,2.089467892091253
2020-09-24,CL,Chile,AMR,1380.0,449903,24.0,12345,1516.571428571429,41.0,0.0270346646571213,Pre-Alpha,CHL,,,,,,,,,,,,0.0270346646571213,19212000,78.93875851402399,2.134082864876119
2020-09-25,CL,Chile,AMR,1731.0,451634,124.0,12469,1497.7142857142858,46.71428571428572,0.0311903853491033,Pre-Alpha,CHL,,,,,,,,,,,,0.0311903853491033,19212000,77.9572291127569,2.4315160167752303
2020-09-26,CL,Chile,AMR,2234.0,453868,58.0,12527,1577.2857142857142,46.85714285714285,0.0297074540349606,Pre-Alpha,CHL,,,,,,,,,,,,0.0297074540349606,19212000,82.09898575295202,2.438951845572707
2020-09-27,CL,Chile,AMR,2111.0,455979,64.0,12591,1615.0,48.142857142857146,0.0298098186643078,Pre-Alpha,CHL,,,,,,,,,,,,0.0298098186643078,19212000,84.06204455548615,2.5058743047500074
2020-09-28,CL,Chile,AMR,1922.0,457901,50.0,12641,1661.0,50.71428571428572,0.030532381525759,Pre-Alpha,CHL,,,,,,,,,,,,0.030532381525759,19212000,86.45638142827399,2.6397192231046076
2020-09-29,CL,Chile,AMR,1770.0,459671,57.0,12698,1743.2857142857142,57.142857142857146,0.032778824879128,Pre-Alpha,CHL,,,,,,,,,,,,0.032778824879128,19212000,90.73941881562118,2.974331518991107
2020-09-30,CL,Chile,AMR,1629.0,461300,27.0,12725,1825.2857142857144,57.71428571428572,0.0316193159583626,Pre-Alpha,CHL,,,,,,,,,,,,0.0316193159583626,19212000,95.00758454537343,3.004074834181018
2020-10-01,CL,Chile,AMR,1691.0,462991,16.0,12741,1869.7142857142856,56.57142857142857,0.0302567237163814,Pre-Alpha,CHL,,,,,,,,,,,,0.0302567237163814,19212000,97.32012730138901,2.9445882038011955
2020-10-02,CL,Chile,AMR,1759.0,464750,81.0,12822,1873.7142857142856,50.42857142857143,0.026913693199146,Pre-Alpha,CHL,,,,,,,,,,,,0.026913693199146,19212000,97.52833050771838,2.624847565509652
2020-10-03,CL,Chile,AMR,1840.0,466590,45.0,12867,1817.4285714285716,48.57142857142857,0.0267253576481685,Pre-Alpha,CHL,,,,,,,,,,,,0.0267253576481685,19212000,94.59861396151216,2.528181791142441
2020-10-04,CL,Chile,AMR,1881.0,468471,52.0,12919,1784.571428571429,46.85714285714285,0.026256804354787,Pre-Alpha,CHL,,,,,,,,,,,,0.026256804354787,19212000,92.88837333809228,2.438951845572707
2020-10-05,CL,Chile,AMR,1708.0,470179,60.0,12979,1754.0,48.285714285714285,0.0275289135038279,Pre-Alpha,CHL,,,,,,,,,,,,0.0275289135038279,19212000,91.29710597543202,2.5133101335474852
2020-10-06,CL,Chile,AMR,1567.0,471746,58.0,13037,1725.0,48.42857142857143,0.0280745341614906,Pre-Alpha,CHL,,,,,,,,,,,,0.0280745341614906,19212000,89.78763272954404,2.520745962344963
2020-10-07,CL,Chile,AMR,1560.0,473306,33.0,13070,1715.142857142857,49.285714285714285,0.028735632183908,Pre-Alpha,CHL,,,,,,,,,,,,0.028735632183908,19212000,89.27456054251807,2.5653609351298297
2020-10-08,CL,Chile,AMR,1134.0,474440,20.0,13090,1635.571428571429,49.85714285714285,0.030483011616735,Pre-Alpha,CHL,,,,,,,,,,,,0.030483011616735,19212000,85.13280390232298,2.59510425031974
2020-10-09,CL,Chile,AMR,1576.0,476016,77.0,13167,1609.428571428571,49.285714285714285,0.0306231137937156,Pre-Alpha,CHL,,,,,,,,,,,,0.0306231137937156,19212000,83.77204723238451,2.5653609351298297
2020-10-10,CL,Chile,AMR,1753.0,477769,53.0,13220,1597.0,50.42857142857143,0.0315770641381161,Pre-Alpha,CHL,,,,,,,,,,,,0.0315770641381161,19212000,83.12513012700396,2.624847565509652
2020-10-11,CL,Chile,AMR,1826.0,479595,52.0,13272,1589.142857142857,50.42857142857143,0.0317331895001797,Pre-Alpha,CHL,,,,,,,,,,,,0.0317331895001797,19212000,82.71615954314268,2.624847565509652
2020-10-12,CL,Chile,AMR,1776.0,481371,46.0,13318,1598.857142857143,48.42857142857143,0.030289492494639,Pre-Alpha,CHL,,,,,,,,,,,,0.030289492494639,19212000,83.22179590137117,2.520745962344963
2020-10-13,CL,Chile,AMR,1517.0,482888,61.0,13379,1591.7142857142858,48.85714285714285,0.0306946688206785,Pre-Alpha,CHL,,,,,,,,,,,,0.0306946688206785,19212000,82.85000446149729,2.543053448737396
2020-10-14,CL,Chile,AMR,1392.0,484280,17.0,13396,1567.7142857142858,46.57142857142857,0.0297065791871696,Pre-Alpha,CHL,,,,,,,,,,,,0.0297065791871696,19212000,81.60078522352102,2.4240801879777516
2020-10-15,CL,Chile,AMR,1092.0,485372,19.0,13415,1561.7142857142858,46.42857142857143,0.0297292352725942,Pre-Alpha,CHL,,,,,,,,,,,,0.0297292352725942,19212000,81.28848041402695,2.416644359180274
2020-10-16,CL,Chile,AMR,1124.0,486496,19.0,13434,1497.142857142857,38.142857142857146,0.0254770992366412,Pre-Alpha,CHL,,,,,,,,,,,,0.0254770992366412,19212000,77.927485797567,1.985366288926564
2020-10-17,CL,Chile,AMR,1694.0,488190,95.0,13529,1488.7142857142858,44.142857142857146,0.0296516649073985,Pre-Alpha,CHL,,,,,,,,,,,,0.0296516649073985,19212000,77.48877189851581,2.29767109842063
2020-10-18,CL,Chile,AMR,1813.0,490003,59.0,13588,1486.857142857143,45.142857142857146,0.0303612605687932,Pre-Alpha,CHL,,,,,,,,,,,,0.0303612605687932,19212000,77.3921061241486,2.349721900002974
2020-10-19,CL,Chile,AMR,1757.0,491760,47.0,13635,1484.142857142857,45.285714285714285,0.0305130426412551,Pre-Alpha,CHL,,,,,,,,,,,,0.0305130426412551,19212000,77.25082537699652,2.357157728800452
2020-10-20,CL,Chile,AMR,1545.0,493305,41.0,13676,1488.142857142857,42.42857142857143,0.0285110876451953,Pre-Alpha,CHL,,,,,,,,,,,,0.0285110876451953,19212000,77.4590285833259,2.208441152850897
2020-10-21,CL,Chile,AMR,1173.0,494478,26.0,13702,1456.857142857143,43.71428571428572,0.0300058835065699,Pre-Alpha,CHL,,,,,,,,,,,,0.0300058835065699,19212000,75.83058207667827,2.2753636120281975
2020-10-22,CL,Chile,AMR,1159.0,495637,17.0,13719,1466.428571428571,43.42857142857143,0.0296151972722844,Pre-Alpha,CHL,,,,,,,,,,,,0.0296151972722844,19212000,76.32878260610926,2.2604919544332414
2020-10-23,CL,Chile,AMR,1494.0,497131,73.0,13792,1519.2857142857142,51.142857142857146,0.03366243535496,Pre-Alpha,CHL,,,,,,,,,,,,0.03366243535496,19212000,79.08003926117605,2.6620267094970407
2020-10-24,CL,Chile,AMR,1775.0,498906,52.0,13844,1530.857142857143,45.0,0.0293952967525195,Pre-Alpha,CHL,,,,,,,,,,,,0.0293952967525195,19212000,79.68234139377175,2.3422860712054967
2020-10-25,CL,Chile,AMR,1636.0,500542,48.0,13892,1505.571428571429,43.42857142857143,0.0288452414840117,Pre-Alpha,CHL,,,,,,,,,,,,0.0288452414840117,19212000,78.3661996966182,2.2604919544332414
2020-10-26,CL,Chile,AMR,1521.0,502063,52.0,13944,1471.857142857143,44.142857142857146,0.0299912646801902,Pre-Alpha,CHL,,,,,,,,,,,,0.0299912646801902,19212000,76.61134410041343,2.29767109842063
2020-10-27,CL,Chile,AMR,1535.0,503598,59.0,14003,1470.428571428571,46.71428571428572,0.031769163509181,Pre-Alpha,CHL,,,,,,,,,,,,0.031769163509181,19212000,76.53698581243864,2.4315160167752303
2020-10-28,CL,Chile,AMR,927.0,504525,23.0,14026,1435.2857142857142,46.285714285714285,0.032248432367871,Pre-Alpha,CHL,,,,,,,,,,,,0.032248432367871,19212000,74.70777192825912,2.409208530382797
2020-10-29,CL,Chile,AMR,1005.0,505530,6.0,14032,1413.2857142857142,44.71428571428572,0.0316385322955625,Pre-Alpha,CHL,,,,,,,,,,,,0.0316385322955625,19212000,73.56265429344755,2.3274144136105415
2020-10-30,CL,Chile,AMR,1520.0,507050,86.0,14118,1417.0,46.57142857142857,0.0328662163524548,Pre-Alpha,CHL,,,,,,,,,,,,0.0328662163524548,19212000,73.75598584218197,2.4240801879777516
2020-10-31,CL,Chile,AMR,1521.0,508571,40.0,14158,1380.7142857142858,44.85714285714285,0.0324883600620796,Pre-Alpha,CHL,,,,,,,,,,,,0.0324883600620796,19212000,71.86728532762262,2.3348502424080184
2020-11-01,CL,Chile,AMR,1685.0,510256,49.0,14207,1387.7142857142858,45.0,0.0324274243360098,Pre-Alpha,CHL,,,,,,,,,,,,0.0324274243360098,19212000,72.23164093869903,2.3422860712054967
2020-11-02,CL,Chile,AMR,1608.0,511864,40.0,14247,1400.142857142857,43.285714285714285,0.0309152127333945,Pre-Alpha,CHL,,,,,,,,,,,,0.0309152127333945,19212000,72.8785580440796,2.2530561256357635
2020-11-03,CL,Chile,AMR,1324.0,513188,55.0,14302,1370.0,42.71428571428572,0.0311783107403545,Pre-Alpha,CHL,,,,,,,,,,,,0.0311783107403545,19212000,71.30959816781179,2.2233128104458526
2020-11-04,CL,Chile,AMR,1014.0,514202,17.0,14319,1382.428571428571,41.85714285714285,0.0302779787124108,Pre-Alpha,CHL,,,,,,,,,,,,0.0302779787124108,19212000,71.95651527319234,2.178697837660985
2020-11-05,CL,Chile,AMR,840.0,515042,21.0,14340,1358.857142857143,44.0,0.0323801513877207,Pre-Alpha,CHL,,,,,,,,,,,,0.0323801513877207,19212000,70.72960352160852,2.290235269623152
2020-11-06,CL,Chile,AMR,1540.0,516582,64.0,14404,1361.7142857142858,40.85714285714285,0.0300041963911036,Pre-Alpha,CHL,,,,,,,,,,,,0.0300041963911036,19212000,70.87832009755807,2.1266470360786407
2020-11-07,CL,Chile,AMR,1808.0,518390,46.0,14450,1402.7142857142858,41.71428571428572,0.0297382625521947,Pre-Alpha,CHL,,,,,,,,,,,,0.0297382625521947,19212000,73.0124029624342,2.171262008863508
2020-11-08,CL,Chile,AMR,1587.0,519977,49.0,14499,1388.7142857142858,41.71428571428572,0.0300380619277852,Pre-Alpha,CHL,,,,,,,,,,,,0.0300380619277852,19212000,72.28369174028137,2.171262008863508
2020-11-09,CL,Chile,AMR,1581.0,521558,44.0,14543,1384.857142857143,42.285714285714285,0.0305343511450381,Pre-Alpha,CHL,,,,,,,,,,,,0.0305343511450381,19212000,72.08292436274948,2.201005324053419
2020-11-10,CL,Chile,AMR,1321.0,522879,45.0,14588,1384.428571428571,40.85714285714285,0.0295119182746878,Pre-Alpha,CHL,,,,,,,,,,,,0.0295119182746878,19212000,72.06061687635703,2.1266470360786407
2020-11-11,CL,Chile,AMR,1028.0,523907,23.0,14611,1386.428571428571,41.71428571428572,0.0300875837197321,Pre-Alpha,CHL,,,,,,,,,,,,0.0300875837197321,19212000,72.16471847952171,2.171262008863508
2020-11-12,CL,Chile,AMR,897.0,524804,22.0,14633,1394.571428571429,41.85714285714285,0.0300143413234992,Pre-Alpha,CHL,,,,,,,,,,,,0.0300143413234992,19212000,72.58856072097798,2.178697837660985
2020-11-13,CL,Chile,AMR,1634.0,526438,66.0,14699,1408.0,42.142857142857146,0.0299310064935064,Pre-Alpha,CHL,,,,,,,,,,,,0.0299310064935064,19212000,73.28752862794086,2.1935694952559412
2020-11-14,CL,Chile,AMR,1592.0,528030,39.0,14738,1377.142857142857,41.142857142857146,0.0298755186721991,Pre-Alpha,CHL,,,,,,,,,,,,0.0298755186721991,19212000,71.68138960768566,2.1415186936735973
2020-11-15,CL,Chile,AMR,1646.0,529676,39.0,14777,1385.571428571429,39.71428571428572,0.0286627487369831,Pre-Alpha,CHL,,,,,,,,,,,,0.0286627487369831,19212000,72.12010350673688,2.0671604056988198
2020-11-16,CL,Chile,AMR,1597.0,531273,42.0,14819,1387.857142857143,39.42857142857143,0.0284096757591353,Pre-Alpha,CHL,,,,,,,,,,,,0.0284096757591353,19212000,72.2390767674965,2.0522887481038636
2020-11-17,CL,Chile,AMR,1331.0,532604,44.0,14863,1389.2857142857142,39.285714285714285,0.0282776349614395,Pre-Alpha,CHL,,,,,,,,,,,,0.0282776349614395,19212000,72.31343505547127,2.044852919306386
2020-11-18,CL,Chile,AMR,1006.0,533610,20.0,14883,1386.142857142857,38.85714285714285,0.0280325672472431,Pre-Alpha,CHL,,,,,,,,,,,,0.0280325672472431,19212000,72.14984682192677,2.0225454329139523
2020-11-19,CL,Chile,AMR,948.0,534558,14.0,14897,1393.428571428571,37.71428571428572,0.0270658191511174,Pre-Alpha,CHL,,,,,,,,,,,,0.0270658191511174,19212000,72.52907409059813,1.9630588025341311
2020-11-20,CL,Chile,AMR,1454.0,536012,58.0,14955,1367.7142857142858,36.57142857142857,0.0267390850219344,Pre-Alpha,CHL,,,,,,,,,,,,0.0267390850219344,19212000,71.19062490705214,1.9035721721543082
2020-11-21,CL,Chile,AMR,1573.0,537585,48.0,15003,1365.0,37.85714285714285,0.0277341705913134,Pre-Alpha,CHL,,,,,,,,,,,,0.0277341705913134,19212000,71.04934415990006,1.9704946313316076
2020-11-22,CL,Chile,AMR,1558.0,539143,27.0,15030,1352.428571428571,36.142857142857146,0.0267244111122847,Pre-Alpha,CHL,,,,,,,,,,,,0.0267244111122847,19212000,70.39499122572201,1.881264685761875
2020-11-23,CL,Chile,AMR,1497.0,540640,39.0,15069,1338.142857142857,35.714285714285715,0.0266894416568805,Pre-Alpha,CHL,,,,,,,,,,,,0.0266894416568805,19212000,69.65140834597423,1.8589571993694418
2020-11-24,CL,Chile,AMR,1440.0,542080,37.0,15106,1353.7142857142858,34.714285714285715,0.0256437315322921,Pre-Alpha,CHL,,,,,,,,,,,,0.0256437315322921,19212000,70.46191368489932,1.8069063977870974
2020-11-25,CL,Chile,AMR,1007.0,543087,25.0,15131,1353.857142857143,35.42857142857143,0.0261686187612113,Pre-Alpha,CHL,,,,,,,,,,,,0.0261686187612113,19212000,70.4693495136968,1.8440855417744864
2020-11-26,CL,Chile,AMR,1005.0,544092,7.0,15138,1362.0,34.42857142857143,0.0252779525907279,Pre-Alpha,CHL,,,,,,,,,,,,0.0252779525907279,19212000,70.89319175515303,1.792034740192142
2020-11-27,CL,Chile,AMR,1570.0,545662,97.0,15235,1378.571428571429,40.0,0.0290155440414507,Pre-Alpha,CHL,,,,,,,,,,,,0.0290155440414507,19212000,71.75574789566046,2.082032063293775
2020-11-28,CL,Chile,AMR,1561.0,547223,43.0,15278,1376.857142857143,39.285714285714285,0.0285328906412118,Pre-Alpha,CHL,,,,,,,,,,,,0.0285328906412118,19212000,71.66651795009072,2.044852919306386
2020-11-29,CL,Chile,AMR,1718.0,548941,44.0,15322,1399.7142857142858,41.71428571428572,0.0298020004082465,Pre-Alpha,CHL,,,,,,,,,,,,0.0298020004082465,19212000,72.85625055768718,2.171262008863508
2020-11-30,CL,Chile,AMR,1489.0,550430,34.0,15356,1398.571428571429,41.0,0.0293156281920326,Pre-Alpha,CHL,,,,,,,,,,,,0.0293156281920326,19212000,72.79676392730735,2.134082864876119
2020-12-01,CL,Chile,AMR,1313.0,551743,54.0,15410,1380.428571428571,43.42857142857143,0.0314602090448101,Pre-Alpha,CHL,,,,,,,,,,,,0.0314602090448101,19212000,71.85241367002764,2.2604919544332414
2020-12-02,CL,Chile,AMR,1121.0,552864,20.0,15430,1396.7142857142858,42.71428571428572,0.0305819781118952,Pre-Alpha,CHL,,,,,,,,,,,,0.0305819781118952,19212000,72.70009815294013,2.2233128104458526
2020-12-03,CL,Chile,AMR,1034.0,553898,8.0,15438,1400.857142857143,42.85714285714285,0.0305935141749949,Pre-Alpha,CHL,,,,,,,,,,,,0.0305935141749949,19212000,72.91573718806698,2.2307486392433296
2020-12-04,CL,Chile,AMR,1508.0,555406,81.0,15519,1392.0,40.57142857142857,0.0291461412151067,Pre-Alpha,CHL,,,,,,,,,,,,0.0291461412151067,19212000,72.45471580262335,2.1117753784836855
2020-12-05,CL,Chile,AMR,1729.0,557135,39.0,15558,1416.0,40.0,0.0282485875706214,Pre-Alpha,CHL,,,,,,,,,,,,0.0282485875706214,19212000,73.70393504059963,2.082032063293775
2020-12-06,CL,Chile,AMR,1533.0,558668,34.0,15592,1389.571428571429,38.57142857142857,0.0277577876015215,Pre-Alpha,CHL,,,,,,,,,,,,0.0277577876015215,19212000,72.32830671306625,2.007673775318997
2020-12-07,CL,Chile,AMR,1714.0,560382,36.0,15628,1421.7142857142858,38.85714285714285,0.0273311897106109,Pre-Alpha,CHL,,,,,,,,,,,,0.0273311897106109,19212000,74.00136819249875,2.0225454329139523
2020-12-08,CL,Chile,AMR,1760.0,562142,35.0,15663,1485.571428571429,36.142857142857146,0.0243292624290797,Pre-Alpha,CHL,,,,,,,,,,,,0.0243292624290797,19212000,77.32518366497132,1.881264685761875
2020-12-09,CL,Chile,AMR,1392.0,563534,17.0,15680,1524.2857142857142,35.714285714285715,0.0234301780693533,Pre-Alpha,CHL,,,,,,,,,,,,0.0234301780693533,19212000,79.34029326908778,1.8589571993694418
2020-12-10,CL,Chile,AMR,1244.0,564778,10.0,15690,1554.2857142857142,36.0,0.0231617647058823,Pre-Alpha,CHL,,,,,,,,,,,,0.0231617647058823,19212000,80.90181731655811,1.8738288569643973
2020-12-11,CL,Chile,AMR,1662.0,566440,84.0,15774,1576.2857142857142,36.42857142857143,0.0231103860793909,Pre-Alpha,CHL,,,,,,,,,,,,0.0231103860793909,19212000,82.04693495136968,1.8961363433568306
2020-12-12,CL,Chile,AMR,1534.0,567974,8.0,15782,1548.428571428571,32.0,0.0206661131100655,Pre-Alpha,CHL,,,,,,,,,,,,0.0206661131100655,19212000,80.5969483358615,1.6656256506350198
2020-12-13,CL,Chile,AMR,1807.0,569781,64.0,15846,1587.571428571429,36.285714285714285,0.0228561144605417,Pre-Alpha,CHL,,,,,,,,,,,,0.0228561144605417,19212000,82.63436542637045,1.8887005145593527
2020-12-14,CL,Chile,AMR,2138.0,571919,40.0,15886,1648.142857142857,36.85714285714285,0.0223628326254658,Pre-Alpha,CHL,,,,,,,,,,,,0.0223628326254658,19212000,85.787156836501,1.9184438297492634
2020-12-15,CL,Chile,AMR,1911.0,573830,45.0,15931,1669.7142857142858,38.285714285714285,0.0229295003422313,Pre-Alpha,CHL,,,,,,,,,,,,0.0229295003422313,19212000,86.90996698492015,1.9928021177240414
2020-12-16,CL,Chile,AMR,1499.0,575329,18.0,15949,1685.0,38.42857142857143,0.0228062738448495,Pre-Alpha,CHL,,,,,,,,,,,,0.0228062738448495,19212000,87.70560066625026,2.0002379465215196
2020-12-17,CL,Chile,AMR,1402.0,576731,10.0,15959,1707.571428571429,38.42857142857143,0.0225048105078223,Pre-Alpha,CHL,,,,,,,,,,,,0.0225048105078223,19212000,88.88046161625176,2.0002379465215196
2020-12-18,CL,Chile,AMR,2001.0,578732,48.0,16007,1756.0,33.285714285714285,0.0189554181581516,Pre-Alpha,CHL,,,,,,,,,,,,0.0189554181581516,19212000,91.40120757859671,1.7325481098123197
2020-12-19,CL,Chile,AMR,2403.0,581135,44.0,16051,1880.142857142857,38.42857142857143,0.0204391763543803,Pre-Alpha,CHL,,,,,,,,,,,,0.0204391763543803,19212000,97.86294280360488,2.0002379465215196
2020-12-20,CL,Chile,AMR,2219.0,583354,50.0,16101,1939.0,36.42857142857143,0.0187872983128269,Pre-Alpha,CHL,,,,,,,,,,,,0.0187872983128269,19212000,100.92650426816573,1.8961363433568306
2020-12-21,CL,Chile,AMR,2191.0,585545,53.0,16154,1946.571428571429,38.285714285714285,0.0196682812270659,Pre-Alpha,CHL,,,,,,,,,,,,0.0196682812270659,19212000,101.32060319443207,1.9928021177240414
2020-12-22,CL,Chile,AMR,1943.0,587488,43.0,16197,1951.142857142857,38.0,0.0194757651193439,Pre-Alpha,CHL,,,,,,,,,,,,0.0194757651193439,19212000,101.55854971595134,1.977930460129086
2020-12-23,CL,Chile,AMR,1701.0,589189,20.0,16217,1980.0,38.285714285714285,0.0193362193362193,Pre-Alpha,CHL,,,,,,,,,,,,0.0193362193362193,19212000,103.06058713304185,1.9928021177240414
2020-12-24,CL,Chile,AMR,1725.0,590914,11.0,16228,2026.142857142857,38.42857142857143,0.0189663681872664,Pre-Alpha,CHL,,,,,,,,,,,,0.0189663681872664,19212000,105.46235983462716,2.0002379465215196
2020-12-25,CL,Chile,AMR,2396.0,593310,75.0,16303,2082.5714285714284,42.285714285714285,0.0203045685279187,Pre-Alpha,CHL,,,,,,,,,,,,0.0203045685279187,19212000,108.39951220963087,2.201005324053419
2020-12-26,CL,Chile,AMR,2521.0,595831,55.0,16358,2099.428571428572,43.85714285714285,0.0208900381056069,Pre-Alpha,CHL,,,,,,,,,,,,0.0208900381056069,19212000,109.27694000773329,2.282799440825674
2020-12-27,CL,Chile,AMR,2563.0,598394,46.0,16404,2148.5714285714284,43.285714285714285,0.0201462765957446,Pre-Alpha,CHL,,,,,,,,,,,,0.0201462765957446,19212000,111.83486511406561,2.2530561256357635
2020-12-28,CL,Chile,AMR,1711.0,600105,39.0,16443,2080.0,41.285714285714285,0.019848901098901,Pre-Alpha,CHL,,,,,,,,,,,,0.019848901098901,19212000,108.26566729127627,2.1489545224710747
2020-12-29,CL,Chile,AMR,1923.0,602028,,16443,2077.1428571428573,41.0,0.0197386519944979,Pre-Alpha,CHL,,,,,,,,,,,,0.0197386519944979,19212000,108.11695071532674,2.134082864876119
2020-12-30,CL,Chile,AMR,1958.0,603986,45.0,16488,2113.8571428571427,45.16666666666666,0.0213669437498592,Pre-Alpha,CHL,,,,,,,,,,,,0.0213669437498592,19212000,110.0279587162785,2.3509612048025534
2020-12-31,CL,Chile,AMR,1964.0,605950,11.0,16499,2148.0,45.16666666666666,0.0210273122284295,Pre-Alpha,CHL,,,,,,,,,,,,0.0210273122284295,19212000,111.8051217988757,2.3509612048025534
2021-01-01,CL,Chile,AMR,3023.0,608973,109.0,16608,2237.5714285714284,50.833333333333336,0.0227180829555853,Alpha,CHL,,,,,,,,,,,,0.0227180829555853,19212000,116.46738645489425,2.645915747102505
2021-01-02,CL,Chile,AMR,3591.0,612564,52.0,16660,2390.428571428572,50.333333333333336,0.0210561963385724,Alpha,CHL,,,,,,,,,,,,0.0210561963385724,19212000,124.4237232681955,2.619890346311333
2021-01-03,CL,Chile,AMR,3338.0,615902,64.0,16724,2501.1428571428573,53.333333333333336,0.0213235854085751,Alpha,CHL,,,,,,,,,,,,0.0213235854085751,19212000,130.18649058624075,2.7760427510583665
2021-01-04,CL,Chile,AMR,2289.0,618191,43.0,16767,2583.714285714286,54.0,0.0209001437576025,Alpha,CHL,,,,,,,,,,,,0.0209001437576025,19212000,134.4843996311829,2.8107432854465957
2021-01-05,CL,Chile,AMR,2450.0,620641,,16767,2659.0,54.0,0.020308386611508,Alpha,CHL,,,,,,,,,,,,0.020308386611508,19212000,138.40308140745367,2.8107432854465957
2021-01-06,CL,Chile,AMR,2460.0,623101,21.0,16788,2730.714285714286,50.0,0.0183102275699712,Alpha,CHL,,,,,,,,,,,,0.0183102275699712,19212000,142.13586746378752,2.6025400791172184
2021-01-07,CL,Chile,AMR,2382.0,625483,28.0,16816,2790.428571428572,52.833333333333336,0.0189337702008566,Alpha,CHL,,,,,,,,,,,,0.0189337702008566,19212000,145.24404390113324,2.7500173502671945
2021-01-08,CL,Chile,AMR,3693.0,629176,97.0,16913,2886.1428571428573,50.833333333333336,0.0176128957745549,Alpha,CHL,,,,,,,,,,,,0.0176128957745549,19212000,150.22604919544335,2.645915747102505
2021-01-09,CL,Chile,AMR,4205.0,633381,61.0,16974,2973.8571428571427,52.333333333333336,0.0175977966725913,Alpha,CHL,,,,,,,,,,,,0.0175977966725913,19212000,154.79164807709466,2.723991949476022
2021-01-10,CL,Chile,AMR,4361.0,637742,63.0,17037,3120.0,52.16666666666666,0.0167200854700854,Alpha,CHL,,,,,,,,,,,,0.0167200854700854,19212000,162.39850093691444,2.715316815878964
2021-01-11,CL,Chile,AMR,4181.0,641923,59.0,17096,3390.285714285714,54.833333333333336,0.016173661441654,Alpha,CHL,,,,,,,,,,,,0.016173661441654,19212000,176.46708902174237,2.854118953431883
2021-01-12,CL,Chile,AMR,3969.0,645892,66.0,17162,3607.285714285714,56.42857142857143,0.0156429448338679,Alpha,CHL,,,,,,,,,,,,0.0156429448338679,19212000,187.7621129651111,2.937152375003718
2021-01-13,CL,Chile,AMR,3243.0,649135,20.0,17182,3719.142857142857,56.285714285714285,0.0151340554659291,Alpha,CHL,,,,,,,,,,,,0.0151340554659291,19212000,193.58436691353614,2.92971654620624
2021-01-14,CL,Chile,AMR,3390.0,652525,22.0,17204,3863.142857142857,55.42857142857143,0.0143480511796464,Alpha,CHL,,,,,,,,,,,,0.0143480511796464,19212000,201.07968234139375,2.8851015734213736
2021-01-15,CL,Chile,AMR,4187.0,656712,90.0,17294,3933.714285714286,54.42857142857143,0.0138364323067983,Alpha,CHL,,,,,,,,,,,,0.0138364323067983,19212000,204.75298176734782,2.833050771839029
2021-01-16,CL,Chile,AMR,4468.0,661180,75.0,17369,3971.285714285714,56.42857142857143,0.0142091442138206,Alpha,CHL,,,,,,,,,,,,0.0142091442138206,19212000,206.70860474108443,2.937152375003718
2021-01-17,CL,Chile,AMR,4313.0,665493,66.0,17435,3964.428571428572,56.85714285714285,0.014341825519801,Alpha,CHL,,,,,,,,,,,,0.014341825519801,19212000,206.35168495880555,2.9594598613961507
2021-01-18,CL,Chile,AMR,4339.0,669832,42.0,17477,3987.0,54.42857142857143,0.0136515102655057,Alpha,CHL,,,,,,,,,,,,0.0136515102655057,19212000,207.52654590880698,2.833050771839029
2021-01-19,CL,Chile,AMR,3918.0,673750,70.0,17547,3979.714285714286,55.0,0.0138200875870486,Alpha,CHL,,,,,,,,,,,,0.0138200875870486,19212000,207.14731864013564,2.8627940870289406
2021-01-20,CL,Chile,AMR,3401.0,677151,26.0,17573,4002.285714285714,55.85714285714285,0.0139563106796116,Alpha,CHL,,,,,,,,,,,,0.0139563106796116,19212000,208.3221795901371,2.9074090598138063
2021-01-21,CL,Chile,AMR,3589.0,680740,21.0,17594,4030.714285714286,55.71428571428572,0.0138224348750664,Alpha,CHL,,,,,,,,,,,,0.0138224348750664,19212000,209.80190952083518,2.8999732310163298
2021-01-22,CL,Chile,AMR,4367.0,685107,108.0,17702,4056.428571428572,58.285714285714285,0.0143687268885367,Alpha,CHL,,,,,,,,,,,,0.0143687268885367,19212000,211.1403587043812,3.033818149370929
2021-01-23,CL,Chile,AMR,4959.0,690066,84.0,17786,4126.571428571428,59.57142857142857,0.0144360589905144,Alpha,CHL,,,,,,,,,,,,0.0144360589905144,19212000,214.79135064394276,3.1007406085482287
2021-01-24,CL,Chile,AMR,4581.0,694647,68.0,17854,4164.857142857143,59.85714285714285,0.0143719558208136,Alpha,CHL,,,,,,,,,,,,0.0143719558208136,19212000,216.78415276166683,3.115612266143184
2021-01-25,CL,Chile,AMR,4463.0,699110,79.0,17933,4182.571428571428,65.14285714285714,0.0155748343466083,Alpha,CHL,,,,,,,,,,,,0.0155748343466083,19212000,217.70619553255406,3.3907379316498614
2021-01-26,CL,Chile,AMR,4068.0,703178,66.0,17999,4204.0,64.57142857142857,0.0153595215441076,Alpha,CHL,,,,,,,,,,,,0.0153595215441076,19212000,218.8215698521757,3.3609946164599505
2021-01-27,CL,Chile,AMR,3322.0,706500,24.0,18023,4192.714285714285,64.28571428571429,0.0153327200245323,Alpha,CHL,,,,,,,,,,,,0.0153327200245323,19212000,218.23413937717496,3.3461229588649952
2021-01-28,CL,Chile,AMR,3388.0,709888,17.0,18040,4164.0,63.71428571428572,0.0153012213530945,Alpha,CHL,,,,,,,,,,,,0.0153012213530945,19212000,216.73953778888196,3.3163796436750843
2021-01-29,CL,Chile,AMR,4255.0,714143,134.0,18174,4148.0,67.42857142857143,0.0162556826009092,Alpha,CHL,,,,,,,,,,,,0.0162556826009092,19212000,215.90672496356444,3.509711192409506
2021-01-30,CL,Chile,AMR,4606.0,718749,83.0,18257,4097.571428571428,67.28571428571429,0.0164208764773559,Alpha,CHL,,,,,,,,,,,,0.0164208764773559,19212000,213.28187739805477,3.5022753636120285
2021-01-31,CL,Chile,AMR,4151.0,722900,82.0,18339,4036.142857142857,69.28571428571429,0.0171663186210313,Alpha,CHL,CHL,170307.0,,11060.0,181367.0,1.0,1.0,,,2020-12-21,2023-12-29,0.0171663186210313,19212000,210.08447101513934,3.6063769667767174
2021-02-01,CL,Chile,AMR,4209.0,727109,113.0,18452,3999.857142857143,74.14285714285714,0.0185363762991535,Alpha,CHL,,286576.25,,15917.214285714286,302493.4642857143,1.6428571428571428,1.6071428571428572,,,,,0.0185363762991535,19212000,208.19577050058,3.859195145890961
2021-02-02,CL,Chile,AMR,3779.0,730888,85.0,18537,3958.571428571429,76.85714285714286,0.0194153735113677,Alpha,CHL,,402845.5,,20774.42857142857,423619.9285714286,2.2857142857142856,2.2142857142857144,,,,,0.0194153735113677,19212000,206.04681597810892,4.000475893043039
2021-02-03,CL,Chile,AMR,3147.0,734035,22.0,18559,3933.571428571429,76.57142857142857,0.0194661340112584,Alpha,CHL,,519114.75,,25631.64285714285,544746.3928571428,2.928571428571429,2.821428571428571,,,,,0.0194661340112584,19212000,204.74554593855032,3.9856042354480827
2021-02-04,CL,Chile,AMR,2610.0,736645,17.0,18576,3822.428571428572,76.57142857142857,0.0200321411219493,Alpha,CHL,,635384.0,,30488.85714285714,665872.8571428572,3.571428571428572,3.4285714285714284,,,,,0.0200321411219493,19212000,198.96047113411262,3.9856042354480827
2021-02-05,CL,Chile,AMR,3592.0,740237,155.0,18731,3727.714285714286,79.57142857142857,0.021345903272783,Alpha,CHL,,751653.25,,35346.07142857143,786999.3214285715,4.214285714285714,4.035714285714286,,,,,0.021345903272783,19212000,194.03051664138485,4.141756640195116
2021-02-06,CL,Chile,AMR,3782.0,744019,77.0,18808,3610.0,78.71428571428571,0.0218045112781954,Alpha,CHL,,867922.5,,40203.28571428571,908125.7857142856,4.857142857142858,4.642857142857142,,,,,0.0218045112781954,19212000,187.90339371226315,4.097141667410249
2021-02-07,CL,Chile,AMR,4063.0,748082,87.0,18895,3597.428571428572,79.42857142857143,0.0220792629656103,Alpha,CHL,,984191.75,,45060.5,1029252.25,5.5,5.25,,,,,0.0220792629656103,19212000,187.24904077808515,4.134320811397639
2021-02-08,CL,Chile,AMR,3804.0,751886,79.0,18974,3539.5714285714284,74.57142857142857,0.0210679258990192,Alpha,CHL,,1100461.0,,49917.71428571428,1150378.7142857143,6.142857142857143,5.857142857142857,,,,,0.0210679258990192,19212000,184.2375301151066,3.8815026322833948
2021-02-09,CL,Chile,AMR,3464.0,755350,82.0,19056,3494.5714285714284,74.14285714285714,0.0212165808192298,Alpha,CHL,,1216730.25,,54774.928571428565,1271505.1785714286,6.785714285714287,6.4642857142857135,,,,,0.0212165808192298,19212000,181.8952440439011,3.859195145890961
2021-02-10,CL,Chile,AMR,2839.0,758189,28.0,19084,3450.5714285714284,75.0,0.0217355303469404,Alpha,CHL,,1332999.5,,59632.142857142855,1392631.642857143,7.428571428571429,7.071428571428571,,,,,0.0217355303469404,19212000,179.60500877427796,3.9038101186758274
2021-02-11,CL,Chile,AMR,2387.0,760576,21.0,19105,3418.714285714286,75.57142857142857,0.0221052191717855,Alpha,CHL,,1449268.75,,64489.35714285714,1513758.1071428573,8.071428571428573,7.678571428571428,,,,,0.0221052191717855,19212000,177.94681895244045,3.9335534338657387
2021-02-12,CL,Chile,AMR,3731.0,764307,157.0,19262,3438.5714285714284,75.85714285714286,0.0220606564187785,Alpha,CHL,,1565538.0,,69346.57142857142,1634884.5714285714,8.714285714285715,8.285714285714285,,,,,0.0220606564187785,19212000,178.98039915528986,3.9484250914606944
2021-02-13,CL,Chile,AMR,4164.0,768471,83.0,19345,3493.1428571428573,76.71428571428571,0.0219613937510224,Alpha,CHL,,1681807.25,,74203.78571428571,1756011.0357142857,9.357142857142858,8.892857142857142,,,,,0.0219613937510224,19212000,181.82088575592635,3.99304006424556
2021-02-14,CL,Chile,AMR,3924.0,772395,98.0,19443,3473.285714285714,78.28571428571429,0.0225393822235018,Alpha,CHL,,1798076.5,,79061.0,1877137.5,10.0,9.5,,,,,0.0225393822235018,19212000,180.78730555307695,4.074834181017816
2021-02-15,CL,Chile,AMR,3814.0,776209,98.0,19541,3474.714285714286,81.0,0.0233112691690992,Alpha,CHL,,1914345.75,,83918.21428571428,1998263.9642857143,10.642857142857144,10.107142857142856,,,,,0.0233112691690992,19212000,180.86166384105172,4.216114928169894
2021-02-16,CL,Chile,AMR,3332.0,779541,83.0,19624,3455.8571428571427,81.14285714285714,0.0234798065396221,Alpha,CHL,,2030615.0,,88775.42857142857,2119390.4285714286,11.285714285714286,10.714285714285714,,,,,0.0234798065396221,19212000,179.88013443978465,4.223550756967371
2021-02-17,CL,Chile,AMR,2498.0,782039,20.0,19644,3407.1428571428573,80.0,0.0234800838574423,Alpha,CHL,,2146884.25,,93632.64285714286,2240516.8928571427,11.928571428571429,11.321428571428571,,,,,0.0234800838574423,19212000,177.34451681984476,4.16406412658755
2021-02-18,CL,Chile,AMR,2275.0,784314,15.0,19659,3391.1428571428573,79.14285714285714,0.023338107675457,Alpha,CHL,,2263153.5,,98489.85714285712,2361643.3571428573,12.571428571428571,11.928571428571429,,,,,0.023338107675457,19212000,176.51170399452724,4.119449153802683
2021-02-19,CL,Chile,AMR,3828.0,788142,139.0,19798,3405.0,76.57142857142857,0.0224879379064401,Alpha,CHL,,2379422.75,,103347.07142857142,2482769.821428572,13.214285714285715,12.535714285714285,,,,,0.0224879379064401,19212000,177.23297938788258,3.9856042354480827
2021-02-20,CL,Chile,AMR,3797.0,791939,99.0,19897,3352.5714285714284,78.85714285714286,0.0235213908300664,Alpha,CHL,,2495692.0,,108204.28571428572,2603896.285714286,13.857142857142858,13.142857142857142,,,,,0.0235213908300664,19212000,174.50403021920823,4.104577496207727
2021-02-21,CL,Chile,AMR,3906.0,795845,77.0,19974,3350.0,75.85714285714286,0.0226439232409381,Alpha,CHL,,2611961.25,,113061.5,2725022.75,14.500000000000002,13.749999999999998,,,,,0.0226439232409381,19212000,174.37018530085362,3.9484250914606944
2021-02-22,CL,Chile,AMR,3615.0,799460,68.0,20042,3321.5714285714284,71.57142857142857,0.0215474603242871,Alpha,CHL,,2728230.5,,117918.71428571428,2846149.2142857146,15.142857142857144,14.357142857142856,,,,,0.0215474603242871,19212000,172.89045537015554,3.725350227536361
2021-02-23,CL,Chile,AMR,3549.0,803009,84.0,20126,3352.5714285714284,71.71428571428571,0.0213908300664734,Alpha,CHL,,2844499.75,,122775.92857142857,2967275.6785714286,15.785714285714286,14.964285714285714,,,,,0.0213908300664734,19212000,174.50403021920823,3.7327860563338384
2021-02-24,CL,Chile,AMR,2308.0,805317,25.0,20151,3325.428571428572,72.42857142857143,0.0217802216685282,Alpha,CHL,,2960769.0,,127633.14285714284,3088402.1428571427,16.42857142857143,15.57142857142857,,,,,0.0217802216685282,19212000,173.09122274768748,3.7699652003212276
2021-02-25,CL,Chile,AMR,2555.0,807872,22.0,20173,3365.428571428572,73.42857142857143,0.0218184905340011,Alpha,CHL,,3077038.25,,132490.35714285713,3209528.6071428573,17.071428571428573,16.178571428571427,,,,,0.0218184905340011,19212000,175.17325481098126,3.8220160019035725
2021-02-26,CL,Chile,AMR,4472.0,812344,137.0,20310,3457.428571428572,73.14285714285714,0.021155276423436,Alpha,CHL,,3193307.5,,137347.57142857142,3330655.071428572,17.714285714285715,16.785714285714285,,,,,0.021155276423436,19212000,179.96192855655696,3.8071443443086164
2021-02-27,CL,Chile,AMR,4585.0,816929,90.0,20400,3570.0,71.85714285714286,0.0201280512204881,Alpha,CHL,,3309576.75,,142204.7857142857,3451781.535714286,18.357142857142858,17.392857142857142,,,,,0.0201280512204881,19212000,185.8213616489694,3.740221885131317
2021-02-28,CL,Chile,AMR,4489.0,821418,76.0,20476,3653.285714285714,71.71428571428571,0.0196300785985218,Alpha,CHL,CHL,3425846.0,,147062.0,3572908.0,19.0,18.0,,1.0,2020-12-21,2023-12-29,0.0196300785985218,19212000,190.15644983789892,3.7327860563338384
2021-03-01,CL,Chile,AMR,4207.0,825625,96.0,20572,3737.857142857143,75.71428571428571,0.0202560672654309,Alpha,CHL,,3542669.1071428573,,269972.9285714286,3812642.035714286,20.25,18.607142857142858,,1.6428571428571428,,,0.0202560672654309,19212000,194.55846048600577,3.940989262663216
2021-03-02,CL,Chile,AMR,4145.0,829770,88.0,20660,3823.0,76.28571428571429,0.0199544112701319,Alpha,CHL,,3659492.214285714,,392883.8571428572,4052376.0714285714,21.5,19.214285714285715,,2.2857142857142856,,,0.0199544112701319,19212000,198.99021444930253,3.970732577853128
2021-03-03,CL,Chile,AMR,2742.0,832512,24.0,20684,3885.0,76.14285714285714,0.0195991910277624,Alpha,CHL,,3776315.3214285714,,515794.7857142857,4292110.107142857,22.75,19.82142857142857,,2.928571428571429,,,0.0195991910277624,19212000,202.21736414740786,3.9632967490556497
2021-03-04,CL,Chile,AMR,3040.0,835552,20.0,20704,3954.285714285714,75.85714285714286,0.0191835260115606,Alpha,CHL,,3893138.4285714286,,638705.7142857143,4531844.142857143,24.0,20.428571428571427,,3.571428571428572,,,0.0191835260115606,19212000,205.8237411141846,3.9484250914606944
2021-03-05,CL,Chile,AMR,4567.0,840119,134.0,20838,3967.857142857143,75.42857142857143,0.019009900990099,Alpha,CHL,,4009961.535714285,,761616.6428571428,4771578.178571429,25.25,21.035714285714285,,4.214285714285714,,,0.019009900990099,19212000,206.530144849945,3.9261176050682614
2021-03-06,CL,Chile,AMR,5331.0,845450,90.0,20928,4074.428571428572,75.42857142857143,0.0185126748711475,Alpha,CHL,,4126784.642857143,,884527.5714285714,5011312.214285715,26.5,21.642857142857142,,4.857142857142858,,,0.0185126748711475,19212000,212.0772731328634,3.9261176050682614
2021-03-07,CL,Chile,AMR,5033.0,850483,80.0,21008,4152.142857142857,76.0,0.018303801823499,Alpha,CHL,,4243607.75,,1007438.5,5251046.25,27.75,22.25,,5.5,,,0.018303801823499,19212000,216.12236399869127,3.955860920258172
2021-03-08,CL,Chile,AMR,5302.0,855785,69.0,21077,4308.571428571428,72.14285714285714,0.0167440318302387,Alpha,CHL,,4360430.857142857,,1130349.4285714286,5490780.285714285,29.0,22.857142857142858,,6.142857142857143,,,0.0167440318302387,19212000,224.26459653192944,3.7550935427262724
2021-03-09,CL,Chile,AMR,4748.0,860533,86.0,21163,4394.714285714285,71.85714285714286,0.0163508110392354,Alpha,CHL,,4477253.964285715,,1253260.357142857,5730514.321428571,30.25,23.464285714285715,,6.785714285714287,,,0.0163508110392354,19212000,228.74840129680854,3.740221885131317
2021-03-10,CL,Chile,AMR,3531.0,864064,19.0,21182,4507.428571428572,71.14285714285714,0.0157834685598377,Alpha,CHL,,4594077.071428571,,1376171.2857142857,5970248.357142857,31.5,24.07142857142857,,7.428571428571429,,,0.0157834685598377,19212000,234.6152702180185,3.7030427411439275
2021-03-11,CL,Chile,AMR,3885.0,867949,24.0,21206,4628.142857142857,71.71428571428571,0.0154952619069666,Alpha,CHL,,4710900.178571429,,1499082.2142857143,6209982.392857143,32.75,24.678571428571427,,8.071428571428573,,,0.0154952619069666,19212000,240.8985455518872,3.7327860563338384
2021-03-12,CL,Chile,AMR,5563.0,873512,156.0,21362,4770.428571428572,74.85714285714286,0.0156919114784535,Alpha,CHL,,4827723.285714285,,1621993.1428571427,6449716.428571429,34.0,25.285714285714285,,8.714285714285715,,,0.0156919114784535,19212000,248.3046310341751,3.89637428987835
2021-03-13,CL,Chile,AMR,5973.0,879485,89.0,21451,4862.142857142857,74.71428571428571,0.015366534449831,Alpha,CHL,,4944546.392857143,,1744904.0714285714,6689450.464285715,35.25,25.892857142857142,,9.357142857142858,,,0.015366534449831,19212000,253.07843312215576,3.888938461080872
2021-03-14,CL,Chile,AMR,5894.0,885379,123.0,21574,4985.142857142857,80.85714285714286,0.0162196240256762,Alpha,CHL,,5061369.5,,1867815.0,6929184.5,36.5,26.5,,10.0,,,0.0162196240256762,19212000,259.48068171678415,4.208679099372416
2021-03-15,CL,Chile,AMR,5731.0,891110,100.0,21674,5046.428571428572,85.28571428571429,0.016900212314225,Alpha,CHL,,5178192.607142857,,1990725.9285714284,7168918.535714285,37.75,27.10714285714285,,10.642857142857144,,,0.016900212314225,19212000,262.6706522709021,4.439189792094227
2021-03-16,CL,Chile,AMR,5121.0,896231,98.0,21772,5099.714285714285,87.0,0.0170597792593422,Alpha,CHL,,5295015.714285715,,2113636.8571428573,7408652.571428571,39.0,27.714285714285715,,11.285714285714286,,,0.0170597792593422,19212000,265.4442164123613,4.52841973766396
2021-03-17,CL,Chile,AMR,4551.0,900782,17.0,21789,5245.428571428572,86.71428571428571,0.016531401492456,Alpha,CHL,,5411838.821428571,,2236547.785714285,7648386.607142857,40.25,28.32142857142857,,11.928571428571429,,,0.016531401492456,19212000,273.0287617857887,4.513548080069004
2021-03-18,CL,Chile,AMR,4430.0,905212,27.0,21816,5323.285714285715,87.14285714285714,0.0163701258621152,Alpha,CHL,,5528661.928571429,,2359458.714285714,7888120.642857143,41.5,28.928571428571427,,12.571428571428571,,,0.0163701258621152,19212000,277.081288480414,4.5358555664614375
2021-03-19,CL,Chile,AMR,6257.0,911469,172.0,21988,5422.428571428572,89.42857142857143,0.0164923466027346,Alpha,CHL,,5645485.035714285,,2482369.6428571427,8127854.678571428,42.75,29.535714285714285,,13.214285714285715,,,0.0164923466027346,19212000,282.24175366586365,4.654828827221082
2021-03-20,CL,Chile,AMR,6584.0,918053,99.0,22087,5509.714285714285,90.85714285714286,0.0164903546981953,Alpha,CHL,,5762308.142857143,,2605280.571428572,8367588.714285715,44.0,30.142857142857142,,13.857142857142858,,,0.0164903546981953,19212000,286.7850450611225,4.7291871151958595
2021-03-21,CL,Chile,AMR,7036.0,925089,93.0,22180,5672.857142857143,86.57142857142857,0.0152606396373709,Alpha,CHL,,5879131.25,,2728191.5,8607322.75,45.25,30.75,,14.500000000000002,,,0.0152606396373709,19212000,295.2767615478421,4.506112251271527
2021-03-22,CL,Chile,AMR,6850.0,931939,99.0,22279,5832.714285714285,86.42857142857143,0.0148178990423473,Alpha,CHL,,5995954.357142857,,2851102.4285714286,8847056.785714285,46.5,31.35714285714285,,15.142857142857144,,,0.0148178990423473,19212000,303.59745397221974,4.498676422474049
2021-03-23,CL,Chile,AMR,6155.0,938094,80.0,22359,5980.428571428572,83.85714285714286,0.014021928672097,Alpha,CHL,,6112777.464285715,,2974013.357142857,9086790.82142857,47.75,31.964285714285715,,15.785714285714286,,,0.014021928672097,19212000,311.2861009488118,4.36483150411945
2021-03-24,CL,Chile,AMR,4864.0,942958,25.0,22384,6025.142857142857,85.0,0.0141075493171471,Alpha,CHL,,6229600.571428571,,3096924.285714285,9326524.857142858,49.0,32.57142857142857,,16.42857142857143,,,0.0141075493171471,19212000,313.6135153624223,4.424318134499271
2021-03-25,CL,Chile,AMR,4825.0,947783,18.0,22402,6081.571428571428,83.71428571428571,0.0137652392473749,Alpha,CHL,,6346423.678571429,,3219835.214285714,9566258.892857142,50.25,33.17857142857143,,17.071428571428573,,,0.0137652392473749,19212000,316.550667737426,4.357395675321971
2021-03-26,CL,Chile,AMR,6979.0,954762,122.0,22524,6184.714285714285,76.57142857142857,0.0123807543944748,Alpha,CHL,,6463246.785714285,,3342746.1428571427,9805992.92857143,51.5,33.785714285714285,,17.714285714285715,,,0.0123807543944748,19212000,321.9193361292049,3.9856042354480827
2021-03-27,CL,Chile,AMR,7559.0,962321,63.0,22587,6324.0,71.42857142857143,0.0112948405168519,Alpha,CHL,,6580069.892857143,,3465657.071428572,10045726.964285716,52.75,34.39285714285714,,18.357142857142858,,,0.0112948405168519,19212000,329.1692692067458,3.7179143987388836
2021-03-28,CL,Chile,AMR,7592.0,969913,66.0,22653,6403.428571428572,67.57142857142857,0.0105523826521506,Alpha,CHL,CHL,6696893.0,,3588568.0,10285461.0,54.0,35.0,,19.0,2020-12-21,2023-12-29,0.0105523826521506,19212000,333.3035900181434,3.5171470212069833
2021-03-29,CL,Chile,AMR,7330.0,977243,101.0,22754,6472.0,67.85714285714286,0.0104847254105597,Alpha,CHL,,6745310.321428572,,3695040.357142857,10440350.67857143,54.785714285714285,35.25,,19.535714285714285,,,0.0104847254105597,19212000,336.87278784093274,3.5320186788019394
2021-03-30,CL,Chile,AMR,7241.0,984484,316.0,23070,6627.142857142857,101.57142857142856,0.0153265790040957,Alpha,CHL,,6793727.642857143,,3801512.714285714,10595240.357142856,55.57142857142857,35.5,,20.071428571428573,,,0.0153265790040957,19212000,344.9480979149936,5.286874275006691
2021-03-31,CL,Chile,AMR,5008.0,989492,37.0,23107,6647.714285714285,103.28571428571428,0.015537026690162,Alpha,CHL,,6842144.964285715,,3907985.0714285714,10750130.035714284,56.35714285714285,35.75,,20.607142857142858,,,0.015537026690162,19212000,346.01885726183036,5.376104220576425
2021-04-01,CL,Chile,AMR,6046.0,995538,28.0,23135,6822.142857142857,104.71428571428572,0.0153491780965343,Alpha,CHL,,6890562.285714285,,4014457.4285714286,10905019.714285716,57.142857142857146,36.0,,21.142857142857142,,,0.0153491780965343,19212000,355.09800422355073,5.450462508551204
2021-04-02,CL,Chile,AMR,7868.0,1003406,193.0,23328,6949.142857142857,114.85714285714286,0.0165282460323986,Alpha,CHL,,6938979.607142857,,4120929.785714285,11059909.392857144,57.92857142857143,36.25,,21.678571428571427,,,0.0165282460323986,19212000,361.7084560245085,5.978406353172125
2021-04-03,CL,Chile,AMR,8079.0,1011485,93.0,23421,7023.428571428572,119.14285714285714,0.0169636319257993,Alpha,CHL,,6987396.928571428,,4227402.142857143,11214799.07142857,58.71428571428572,36.5,,22.214285714285715,,,0.0169636319257993,19212000,365.57508699919697,6.2014812170964575
2021-04-04,CL,Chile,AMR,7993.0,1019478,103.0,23524,7080.714285714285,124.42857142857144,0.0175728840915968,Alpha,CHL,,7035814.25,,4333874.5,11369688.75,59.5,36.75,,22.75,,,0.0175728840915968,19212000,368.5568543469855,6.476606882603136
2021-04-05,CL,Chile,AMR,7307.0,1026785,120.0,23644,7077.428571428572,127.14285714285714,0.0179645553267934,Alpha,CHL,,7084231.571428572,,4440346.857142857,11524578.42857143,60.285714285714285,37.0,,23.285714285714285,,,0.0179645553267934,19212000,368.38583028464353,6.617887629755213
2021-04-06,CL,Chile,AMR,5827.0,1032612,33.0,23677,6875.428571428572,86.71428571428571,0.0126122007978723,Alpha,CHL,,7132648.892857143,,4546819.214285715,11679468.107142858,61.07142857142857,37.25,,23.82142857142857,,,0.0126122007978723,19212000,357.87156836501,4.513548080069004
2021-04-07,CL,Chile,AMR,5168.0,1037780,57.0,23734,6898.285714285715,89.57142857142857,0.012984592445328,Alpha,CHL,,7181066.214285715,,4653291.571428571,11834357.785714284,61.85714285714285,37.5,,24.357142857142858,,,0.012984592445328,19212000,359.06130097260643,4.66226465601856
2021-04-08,CL,Chile,AMR,5242.0,1043022,62.0,23796,6783.428571428572,94.42857142857144,0.0139204784769606,Alpha,CHL,,7229483.535714285,,4759763.928571429,11989247.464285716,62.64285714285714,37.75,,24.892857142857142,,,0.0139204784769606,19212000,353.0828946194343,4.915082835132805
2021-04-09,CL,Chile,AMR,8248.0,1051270,183.0,23979,6837.714285714285,93.0,0.01360103626943,Alpha,CHL,,7277900.857142857,,4866236.285714285,12144137.142857144,63.42857142857143,38.0,,25.42857142857143,,,0.01360103626943,19212000,355.9085095624758,4.840724547158026
2021-04-10,CL,Chile,AMR,9151.0,1060421,129.0,24108,6990.857142857143,98.14285714285714,0.0140387444825895,Alpha,CHL,,7326318.178571428,,4972708.642857143,12299026.82142857,64.21428571428571,38.25,,25.964285714285715,,,0.0140387444825895,19212000,363.879718033372,5.108414383867226
2021-04-11,CL,Chile,AMR,8101.0,1068522,105.0,24213,7006.285714285715,98.42857142857144,0.0140486094119566,Alpha,CHL,,7374735.5,,5079181.0,12453916.5,65.0,38.5,,26.5,,,0.0140486094119566,19212000,364.6827875434996,5.123286041462182
2021-04-12,CL,Chile,AMR,7977.0,1076499,133.0,24346,7102.0,100.28571428571428,0.0141207708090276,Alpha,CHL,,7423152.821428571,,5185653.357142857,12608806.17857143,65.78571428571428,38.75,,27.035714285714285,,,0.0141207708090276,19212000,369.66479283780967,5.219951815829392
2021-04-13,CL,Chile,AMR,6421.0,1082920,137.0,24483,7186.857142857143,115.14285714285714,0.0160213087381728,Alpha,CHL,,7471570.142857143,,5292125.714285715,12763695.857142858,66.57142857142857,39.0,,27.57142857142857,,,0.0160213087381728,19212000,374.0816751435115,5.99327801076708
2021-04-14,CL,Chile,AMR,5790.0,1088710,35.0,24518,7275.714285714285,112.0,0.0153936775967013,Alpha,CHL,,7519987.464285715,,5398598.071428571,12918585.535714284,67.35714285714286,39.25,,28.107142857142858,,,0.0153936775967013,19212000,378.70676065554267,5.829689777222569
2021-04-15,CL,Chile,AMR,5557.0,1094267,30.0,24548,7320.714285714285,107.42857142857144,0.0146746024002341,Alpha,CHL,,7568404.785714285,,5505070.428571429,13073475.214285716,68.14285714285714,39.5,,28.642857142857142,,,0.0146746024002341,19212000,381.04904672674814,5.591743255703282
2021-04-16,CL,Chile,AMR,7431.0,1101698,218.0,24766,7204.0,112.42857142857144,0.0156064091377805,Alpha,CHL,,7616822.107142857,,5611542.785714285,13228364.892857144,68.92857142857143,39.75,,29.17857142857143,,,0.0156064091377805,19212000,374.9739745992088,5.8519972636150035
2021-04-17,CL,Chile,AMR,7613.0,1109311,157.0,24923,6984.285714285715,116.42857142857144,0.0166700756800981,Alpha,CHL,,7665239.428571428,,5718015.142857143,13383254.57142857,69.71428571428571,40.0,,29.714285714285715,,,0.0166700756800981,19212000,363.53766990868803,6.06020046994438
2021-04-18,CL,Chile,AMR,8037.0,1117348,132.0,25055,6975.142857142857,120.28571428571428,0.0172449104985048,Alpha,CHL,,7713656.75,,5824487.5,13538144.25,70.5,40.25,,30.25,,,0.0172449104985048,19212000,363.0617768656494,6.260967847476279
2021-04-19,CL,Chile,AMR,7370.0,1124718,122.0,25177,6888.428571428572,118.71428571428572,0.0172338704659988,Alpha,CHL,,7762074.071428571,,5930959.857142857,13693033.92857143,71.28571428571428,40.5,,30.785714285714285,,,0.0172338704659988,19212000,358.5482287855805,6.179173730704024
2021-04-20,CL,Chile,AMR,6622.0,1131340,100.0,25277,6917.142857142857,113.42857142857144,0.0163981825691862,Alpha,CHL,,7810491.392857143,,6037432.214285715,13847923.607142858,72.07142857142857,40.75,,31.32142857142857,,,0.0163981825691862,19212000,360.04283037387347,5.9040480651973475
2021-04-21,CL,Chile,AMR,5095.0,1136435,40.0,25317,6817.857142857143,114.14285714285714,0.0167417496071241,Alpha,CHL,,7858908.714285715,,6143904.571428571,14002813.285714284,72.85714285714286,41.0,,31.857142857142858,,,0.0167417496071241,19212000,354.87492935962644,5.941227209184735
2021-04-22,CL,Chile,AMR,4968.0,1141403,36.0,25353,6733.714285714285,115.0,0.0170782416836388,Alpha,CHL,,7907326.035714285,,6250376.928571429,14157702.964285716,73.64285714285714,41.25,,32.39285714285714,,,0.0170782416836388,19212000,350.495226197912,5.985842181969602
2021-04-23,CL,Chile,AMR,6917.0,1148320,179.0,25532,6660.285714285715,109.42857142857144,0.0164300115825146,Alpha,CHL,,7955743.357142857,,6356849.285714285,14312592.642857144,74.42857142857143,41.5,,32.92857142857143,,,0.0164300115825146,19212000,346.6732101960085,5.695844858867971
2021-04-24,CL,Chile,AMR,7582.0,1155902,109.0,25641,6655.857142857143,102.57142857142856,0.0154107016376553,Alpha,CHL,,8004160.678571429,,6463321.642857143,14467482.32142857,75.21428571428572,41.75,,33.464285714285715,,,0.0154107016376553,19212000,346.44269950328663,5.338925076589036
2021-04-25,CL,Chile,AMR,6909.0,1162811,101.0,25742,6494.714285714285,98.14285714285714,0.0151111893187867,Alpha,CHL,CHL,8052578.0,,6569794.0,14622372.0,76.0,42.0,,34.0,2020-12-21,2023-12-29,0.0151111893187867,19212000,338.0550846197317,5.108414383867226
2021-04-26,CL,Chile,AMR,6725.0,1169536,114.0,25856,6402.571428571428,97.0,0.0151501628809853,Alpha,CHL,,8122141.714285715,,6610614.314285714,14732756.028571429,76.6,42.371428571428574,,34.22857142857143,,,0.0151501628809853,19212000,333.25897504535857,5.048927753487403
2021-04-27,CL,Chile,AMR,6078.0,1175614,119.0,25975,6324.857142857143,99.71428571428572,0.0157654605411754,Alpha,CHL,,8191705.428571428,,6651434.628571428,14843140.057142856,77.2,42.74285714285714,,34.457142857142856,,,0.0157654605411754,19212000,329.2138841795307,5.190208500639482
2021-04-28,CL,Chile,AMR,4158.0,1179772,45.0,26020,6191.0,100.42857142857144,0.0162217043173269,Alpha,CHL,,8261269.142857143,,6692254.942857143,14953524.085714286,77.8,43.114285714285714,,34.68571428571428,,,0.0162217043173269,19212000,322.24651259629394,5.227387644626871
2021-04-29,CL,Chile,AMR,4499.0,1184271,53.0,26073,6124.0,102.85714285714286,0.0167957450779135,Alpha,CHL,,8330832.857142857,,6733075.257142857,15063908.114285717,78.4,43.48571428571429,,34.91428571428571,,,0.0167957450779135,19212000,318.7591088902769,5.353796734183992
2021-04-30,CL,Chile,AMR,6720.0,1190991,174.0,26247,6095.857142857143,102.14285714285714,0.0167561107075062,Alpha,CHL,,8400396.57142857,,6773895.571428572,15174292.142857144,79.0,43.85714285714285,,35.142857142857146,,,0.0167561107075062,19212000,317.2942506171738,5.316617590196603
2021-05-01,CL,Chile,AMR,7254.0,1198245,106.0,26353,6049.0,101.71428571428572,0.0168150579788867,Alpha,CHL,,8469960.285714285,,6814715.885714286,15284676.171428572,79.6,44.22857142857143,,35.371428571428574,,,0.0168150579788867,19212000,314.8552987716011,5.294310103804171
2021-05-02,CL,Chile,AMR,6510.0,1204755,104.0,26457,5992.0,102.14285714285714,0.0170465382414648,Alpha,CHL,,8539524.0,,6855536.2,15395060.2,80.2,44.6,,35.6,,,0.0170465382414648,19212000,311.8884030814075,5.316617590196603
2021-05-03,CL,Chile,AMR,6165.0,1210920,104.0,26561,5912.0,100.71428571428572,0.0170355693021457,Alpha,CHL,,8609087.714285715,,6896356.514285714,15505444.228571428,80.8,44.971428571428575,,35.82857142857143,,,0.0170355693021457,19212000,307.72433895481987,5.242259302221826
2021-05-04,CL,Chile,AMR,4895.0,1215815,98.0,26659,5743.0,97.71428571428572,0.0170145021268127,Alpha,CHL,,8678651.42857143,,6937176.828571429,15615828.257142857,81.4,45.34285714285714,,36.05714285714286,,,0.0170145021268127,19212000,298.9277534874037,5.086106897474792
2021-05-05,CL,Chile,AMR,3249.0,1219064,37.0,26696,5613.142857142857,96.57142857142856,0.017204520004072,Alpha,CHL,,8748215.142857144,,6977997.142857143,15726212.285714284,82.0,45.71428571428572,,36.285714285714285,,,0.017204520004072,19212000,292.1685851104964,5.02662026709497
2021-05-06,CL,Chile,AMR,3885.0,1222949,30.0,26726,5525.428571428572,93.28571428571428,0.0168829825740731,Alpha,CHL,,8817778.857142856,,7018817.457142857,15836596.314285714,82.6,46.08571428571429,,36.51428571428571,,,0.0168829825740731,19212000,287.6029862288451,4.855596204752982
2021-05-07,CL,Chile,AMR,6299.0,1229248,169.0,26895,5465.285714285715,92.57142857142856,0.0169380766918472,Alpha,CHL,,8887342.57142857,,7059637.771428571,15946980.342857145,83.2,46.457142857142856,,36.74285714285714,,,0.0169380766918472,19212000,284.47250230510696,4.818417060765593
2021-05-08,CL,Chile,AMR,6530.0,1235778,109.0,27004,5361.857142857143,93.0,0.017344736631764,Alpha,CHL,,8956906.285714285,,7100458.085714286,16057364.371428572,83.8,46.82857142857143,,36.971428571428575,,,0.017344736631764,19212000,279.088962255733,4.840724547158026
2021-05-09,CL,Chile,AMR,6198.0,1241976,97.0,27101,5317.285714285715,92.0,0.0173020606646785,Alpha,CHL,,9026470.0,,7141278.4,16167748.4,84.4,47.2,,37.2,,,0.0173020606646785,19212000,276.76898367091997,4.788673745575682
2021-05-10,CL,Chile,AMR,5493.0,1247469,117.0,27218,5221.285714285715,93.85714285714286,0.0179758680128047,Alpha,CHL,,9096033.714285716,,7182098.714285715,16278132.42857143,85.0,47.57142857142857,,37.42857142857143,,,0.0179758680128047,19212000,271.7721067190149,4.885339519942893
2021-05-11,CL,Chile,AMR,5339.0,1252808,100.0,27318,5284.714285714285,94.14285714285714,0.0178141810612818,Alpha,CHL,,9165597.42857143,,7222919.028571429,16388516.457142858,85.6,47.94285714285714,,37.65714285714286,,,0.0178141810612818,19212000,275.073614705095,4.900211177537848
2021-05-12,CL,Chile,AMR,3738.0,1256546,38.0,27356,5354.571428571428,94.28571428571428,0.0176084520569873,Alpha,CHL,,9235161.142857144,,7263739.342857143,16498900.485714288,86.2,48.31428571428572,,37.885714285714286,,,0.0176084520569873,19212000,278.70973498706167,4.907647006335326
2021-05-13,CL,Chile,AMR,3902.0,1260448,28.0,27384,5357.0,94.0,0.0175471345902557,Alpha,CHL,,9304724.857142858,,7304559.657142857,16609284.514285712,86.8,48.68571428571428,,38.114285714285714,,,0.0175471345902557,19212000,278.8361440766188,4.89277534874037
2021-05-14,CL,Chile,AMR,6153.0,1266601,136.0,27520,5336.142857142857,89.28571428571429,0.0167322571145557,Alpha,CHL,,9374288.57142857,,7345379.971428571,16719668.542857142,87.4,49.05714285714286,,38.34285714285714,,,0.0167322571145557,19212000,277.750513072187,4.647392998423604
2021-05-15,CL,Chile,AMR,6915.0,1273516,127.0,27647,5391.142857142857,91.85714285714286,0.0170385288038581,Alpha,CHL,,9443852.285714284,,7386200.285714285,16830052.57142857,88.0,49.42857142857143,,38.57142857142857,,,0.0170385288038581,19212000,280.61330715921594,4.781237916778204
2021-05-16,CL,Chile,AMR,6736.0,1280252,87.0,27734,5468.0,90.42857142857144,0.0165377782422405,Alpha,CHL,,9513416.0,,7427020.6,16940436.6,88.6,49.8,,38.8,,,0.0165377782422405,19212000,284.613783052259,4.706879628803428
2021-05-17,CL,Chile,AMR,6296.0,1286548,98.0,27832,5582.714285714285,87.71428571428571,0.0157117633511604,Alpha,CHL,,9582979.714285716,,7467840.914285715,17050820.62857143,89.2,50.17142857142857,,39.02857142857143,,,0.0157117633511604,19212000,290.58475357663366,4.565598881651349
2021-05-18,CL,Chile,AMR,5548.0,1292096,102.0,27934,5612.571428571428,88.0,0.0156790877621665,Alpha,CHL,,9652543.42857143,,7508661.228571429,17161204.657142855,89.8,50.54285714285714,,39.25714285714286,,,0.0156790877621665,19212000,292.13884179530646,4.580470539246304
2021-05-19,CL,Chile,AMR,3766.0,1295862,31.0,27965,5616.571428571428,87.0,0.0154898768949028,Alpha,CHL,,9722107.142857144,,7549481.542857143,17271588.685714286,90.4,50.91428571428571,,39.48571428571429,,,0.0154898768949028,19212000,292.3470450016359,4.52841973766396
2021-05-20,CL,Chile,AMR,4767.0,1300629,32.0,27997,5740.142857142857,87.57142857142857,0.0152559667504541,Alpha,CHL,,9791670.857142858,,7590301.857142857,17381972.714285713,91.0,51.285714285714285,,39.71428571428572,,,0.0152559667504541,19212000,298.7790369114541,4.558163052853871
2021-05-21,CL,Chile,AMR,7682.0,1308311,172.0,28169,5958.571428571428,92.71428571428572,0.0155598177894989,Alpha,CHL,,9861234.57142857,,7631122.171428571,17492356.742857143,91.6,51.65714285714286,,39.94285714285714,,,0.0155598177894989,19212000,310.14841914279765,4.8258528895630715
2021-05-22,CL,Chile,AMR,7602.0,1315913,121.0,28290,6056.714285714285,91.85714285714286,0.0151661674175059,Alpha,CHL,,9930798.285714284,,7671942.485714286,17602740.77142857,92.2,52.02857142857143,,40.17142857142857,,,0.0151661674175059,19212000,315.2568335266649,4.781237916778204
2021-05-23,CL,Chile,AMR,7500.0,1323413,96.0,28386,6165.857142857143,93.14285714285714,0.0151062301614883,Alpha,CHL,,10000362.0,,7712762.8,17713124.8,92.8,52.4,,40.4,,,0.0151062301614883,19212000,320.9378067279379,4.848160375955503
2021-05-24,CL,Chile,AMR,6505.0,1329918,132.0,28518,6195.714285714285,98.0,0.0158173852893705,Alpha,CHL,,10069925.714285716,,7753583.114285715,17823508.828571428,93.4,52.77142857142857,,40.62857142857143,,,0.0158173852893705,19212000,322.4918949466107,5.100978555069748
2021-05-25,CL,Chile,AMR,5343.0,1335261,30.0,28548,6166.428571428572,87.71428571428571,0.0142244874319471,Alpha,CHL,,10139489.42857143,,7794403.428571429,17933892.85714286,94.0,53.14285714285714,,40.85714285714285,,,0.0142244874319471,19212000,320.9675500431278,4.565598881651349
2021-05-26,CL,Chile,AMR,4160.0,1339421,37.0,28585,6222.714285714285,88.57142857142857,0.0142335682637342,Alpha,CHL,,10209053.142857144,,7835223.742857143,18044276.885714285,94.6,53.51428571428571,,41.08571428571429,,,0.0142335682637342,19212000,323.89726658933404,4.610213854436215
2021-05-27,CL,Chile,AMR,5197.0,1344618,39.0,28624,6284.142857142857,89.57142857142857,0.0142535633908477,Alpha,CHL,,10278616.857142858,,7876044.057142857,18154660.91428572,95.2,53.885714285714286,,41.31428571428572,,,0.0142535633908477,19212000,327.0946729722495,4.66226465601856
2021-05-28,CL,Chile,AMR,8105.0,1352723,185.0,28809,6344.571428571428,91.42857142857144,0.0144105196793659,Alpha,CHL,,10348180.57142857,,7916864.371428572,18265044.942857143,95.8,54.25714285714286,,41.54285714285714,,,0.0144105196793659,19212000,330.24002855358253,4.758930430385772
2021-05-29,CL,Chile,AMR,8658.0,1361381,119.0,28928,6495.428571428572,91.14285714285714,0.0140318465734142,Alpha,CHL,,10417744.285714284,,7957684.685714286,18375428.971428573,96.4,54.62857142857143,,41.77142857142857,,,0.0140318465734142,19212000,338.09226376371913,4.744058772790815
2021-05-30,CL,Chile,AMR,8375.0,1369756,119.0,29047,6620.428571428572,94.42857142857144,0.0142632112724683,Alpha,CHL,CHL,10487308.0,,7998505.0,18485813.0,97.0,55.0,,42.0,2020-12-21,2023-12-29,0.0142632112724683,19212000,344.59861396151217,4.915082835132805
2021-05-31,CL,Chile,AMR,7751.0,1377507,121.0,29168,6798.428571428572,92.85714285714286,0.0136586185883292,Alpha,CHL,,10546923.5,,8086604.428571428,18633527.92857143,97.75,55.32142857142857,,42.46428571428572,,,0.0136586185883292,19212000,353.86365664316946,4.833288718360548
2021-06-01,CL,Chile,AMR,6839.0,1384346,132.0,29300,7012.142857142857,107.42857142857144,0.0153203626362432,Alpha,CHL,,10606539.0,,8174703.857142857,18781242.85714286,98.5,55.642857142857146,,42.92857142857143,,,0.0153203626362432,19212000,364.98765652419615,5.591743255703282
2021-06-02,CL,Chile,AMR,5011.0,1389357,44.0,29344,7133.714285714285,108.42857142857144,0.0151994553027875,Alpha,CHL,,10666154.5,,8262803.285714285,18928957.785714287,99.25,55.96428571428572,,43.392857142857146,,,0.0151994553027875,19212000,371.31554683084977,5.643794057285627
2021-06-03,CL,Chile,AMR,5616.0,1394973,41.0,29385,7193.571428571428,108.71428571428572,0.0151126998311984,Alpha,CHL,,10725770.0,,8350902.714285715,19076672.71428572,100.0,56.285714285714285,,43.85714285714285,,,0.0151126998311984,19212000,374.43115909699293,5.6586657148805815
2021-06-04,CL,Chile,AMR,8128.0,1403101,213.0,29598,7196.857142857143,112.71428571428572,0.0156615983167255,Alpha,CHL,,10785385.5,,8439002.142857144,19224387.64285714,100.75,56.60714285714285,,44.32142857142857,,,0.0156615983167255,19212000,374.60218315933497,5.866868921209958
2021-06-05,CL,Chile,AMR,8245.0,1411346,98.0,29696,7137.857142857143,109.71428571428572,0.0153707595316721,Alpha,CHL,,10845001.0,,8527101.57142857,19372102.57142857,101.5,56.92857142857143,,44.785714285714285,,,0.0153707595316721,19212000,371.5311858659766,5.710716516462925
2021-06-06,CL,Chile,AMR,8920.0,1420266,120.0,29816,7215.714285714285,109.85714285714286,0.015224707978618,Alpha,CHL,,10904616.5,,8615201.0,19519817.5,102.25,57.25,,45.25,,,0.015224707978618,19212000,375.58371256060195,5.718152345260403
2021-06-07,CL,Chile,AMR,7690.0,1427956,121.0,29937,7207.0,109.85714285714286,0.0152431168110368,Alpha,CHL,,10964232.0,,8703300.42857143,19667532.42857143,103.0,57.57142857142857,,45.71428571428572,,,0.0152431168110368,19212000,375.13012700395586,5.718152345260403
2021-06-08,CL,Chile,AMR,6928.0,1434884,121.0,30058,7219.714285714285,108.28571428571428,0.0149986149036368,Alpha,CHL,,11023847.5,,8791399.857142856,19815247.35714286,103.75,57.892857142857146,,46.17857142857143,,,0.0149986149036368,19212000,375.79191576693137,5.636358228488147
2021-06-09,CL,Chile,AMR,5533.0,1440417,46.0,30104,7294.285714285715,108.57142857142856,0.0148844496670583,Alpha,CHL,,11083463.0,,8879499.285714285,19962962.285714287,104.5,58.21428571428572,,46.642857142857146,,,0.0148844496670583,19212000,379.6734183992148,5.651229886083102
2021-06-10,CL,Chile,AMR,5353.0,1445770,37.0,30141,7256.714285714285,108.0,0.0148827686674409,Alpha,CHL,,11143078.5,,8967598.714285715,20110677.21428572,105.25,58.535714285714285,,47.10714285714286,,,0.0148827686674409,19212000,377.71779542547813,5.621486570893191
2021-06-11,CL,Chile,AMR,7708.0,1453478,198.0,30339,7196.714285714285,105.85714285714286,0.0147090934354963,Alpha,CHL,,11202694.0,,9055698.142857142,20258392.14285714,106.0,58.85714285714286,,47.57142857142857,,,0.0147090934354963,19212000,374.5947473305374,5.509949138931026
2021-06-12,CL,Chile,AMR,7941.0,1461419,133.0,30472,7153.285714285715,110.85714285714286,0.015497373834202,Alpha,CHL,,11262309.5,,9143797.57142857,20406107.07142857,106.75,59.17857142857143,,48.035714285714285,,,0.015497373834202,19212000,372.33425537610424,5.770203146842747
2021-06-13,CL,Chile,AMR,7573.0,1468992,107.0,30579,6960.857142857143,109.0,0.0156589910930509,Alpha,CHL,,11321925.0,,9231897.0,20553822.0,107.5,59.5,,48.5,,,0.0156589910930509,19212000,362.3181939859017,5.673537372475535
2021-06-14,CL,Chile,AMR,7481.0,1476473,128.0,30707,6931.0,110.0,0.0158707257250036,Alpha,CHL,,11381540.5,,9319996.42857143,20701536.92857143,108.25,59.82142857142857,,48.96428571428572,,,0.0158707257250036,19212000,360.76410576722884,5.725588174057881
2021-06-15,CL,Chile,AMR,6190.0,1482663,97.0,30804,6825.571428571428,106.57142857142856,0.0156135540718725,Alpha,CHL,,11441156.0,,9408095.857142856,20849251.85714286,109.0,60.142857142857146,,49.42857142857143,,,0.0156135540718725,19212000,355.2764641146902,5.547128282918413
2021-06-16,CL,Chile,AMR,4576.0,1487239,61.0,30865,6688.857142857143,108.71428571428572,0.0162530434411174,Alpha,CHL,,11500771.5,,9496195.285714284,20996966.785714287,109.75,60.46428571428572,,49.892857142857146,,,0.0162530434411174,19212000,348.160375955504,5.6586657148805815
2021-06-17,CL,Chile,AMR,4322.0,1491561,57.0,30922,6541.571428571428,111.57142857142856,0.0170557533139699,Alpha,CHL,,11560387.0,,9584294.714285716,21144681.71428572,110.5,60.785714285714285,,50.35714285714286,,,0.0170557533139699,19212000,340.4940364653044,5.807382290830135
2021-06-18,CL,Chile,AMR,6670.0,1498231,218.0,31140,6393.285714285715,114.42857142857144,0.0178982414586731,Alpha,CHL,,11620002.5,,9672394.142857142,21292396.64285714,111.25,61.10714285714286,,50.82142857142857,,,0.0178982414586731,19212000,332.7756461735225,5.956098866779692
2021-06-19,CL,Chile,AMR,6770.0,1505001,119.0,31259,6226.0,112.42857142857144,0.0180579138176311,Alpha,CHL,,11679618.0,,9760493.57142857,21440111.57142857,112.0,61.42857142857143,,51.285714285714285,,,0.0180579138176311,19212000,324.068290651676,5.8519972636150035
2021-06-20,CL,Chile,AMR,6274.0,1511275,133.0,31392,6040.428571428572,116.14285714285714,0.0192275855544781,Alpha,CHL,,11739233.5,,9848593.0,21587826.5,112.75,61.75,,51.75,,,0.0192275855544781,19212000,314.4091490437524,6.045328812349425
2021-06-21,CL,Chile,AMR,5743.0,1517018,121.0,31513,5792.142857142857,115.14285714285714,0.0198791466272043,Alpha,CHL,,11798849.0,,9936692.42857143,21735541.42857143,113.5,62.07142857142857,,52.21428571428572,,,0.0198791466272043,19212000,301.48567859373605,5.99327801076708
2021-06-22,CL,Chile,AMR,5205.0,1522223,132.0,31645,5651.428571428572,120.14285714285714,0.0212588473205257,Alpha,CHL,,11858464.5,,10024791.857142856,21883256.35714286,114.25,62.392857142857146,,52.67857142857143,,,0.0212588473205257,19212000,294.16138722822046,6.2535320186788015
2021-06-23,CL,Chile,AMR,3440.0,1525663,45.0,31690,5489.142857142857,117.85714285714286,0.021470955652717,Alpha,CHL,,11918080.0,,10112891.285714284,22030971.285714287,115.0,62.71428571428572,,53.14285714285714,,,0.021470955652717,19212000,285.71428571428567,6.134558757919158
2021-06-24,CL,Chile,AMR,2746.0,1528409,56.0,31746,5264.0,117.71428571428572,0.0223621363438992,Alpha,CHL,,11977695.5,,10200990.714285716,22178686.21428572,115.75,63.035714285714285,,53.60714285714286,,,0.0223621363438992,19212000,273.9954195294607,6.12712292912168
2021-06-25,CL,Chile,AMR,3463.0,1531872,51.0,31797,4805.857142857143,93.85714285714286,0.019529740495229,Alpha,CHL,,12037311.0,,10289090.142857142,22326401.14285714,116.5,63.35714285714286,,54.07142857142857,,,0.019529740495229,19212000,250.14871657594958,4.885339519942893
2021-06-26,CL,Chile,AMR,5599.0,1537471,215.0,32012,4638.571428571428,107.57142857142856,0.0231906375115491,Alpha,CHL,,12096926.5,,10377189.57142857,22474116.07142857,117.25,63.67857142857143,,54.535714285714285,,,0.0231906375115491,19212000,241.44136105410308,5.599179084500758
2021-06-27,CL,Chile,AMR,5171.0,1542642,151.0,32163,4481.0,110.14285714285714,0.0245799725826505,Alpha,CHL,CHL,12156542.0,,10465289.0,22621831.0,118.0,64.0,,55.0,2020-12-21,2023-12-29,0.0245799725826505,19212000,233.23964189048513,5.733024002855358
2021-06-28,CL,Chile,AMR,4461.0,1547103,135.0,32298,4297.857142857143,112.14285714285714,0.0260927372444739,Alpha,CHL,,12174305.82142857,,10525275.32142857,22699581.14285714,118.42857142857144,64.07142857142857,,55.32142857142857,,,0.0260927372444739,19212000,223.70690937211862,5.837125606020047
2021-06-29,CL,Chile,AMR,4034.0,1551137,156.0,32454,4130.571428571428,115.57142857142856,0.0279795254893823,Alpha,CHL,,12192069.642857144,,10585261.642857144,22777331.285714287,118.85714285714286,64.14285714285714,,55.642857142857146,,,0.0279795254893823,19212000,214.99955385027215,6.015585497159512
2021-06-30,CL,Chile,AMR,2637.0,1553774,35.0,32489,4015.857142857143,114.14285714285714,0.0284230372452065,Alpha,CHL,,12209833.464285716,,10645247.964285716,22855081.42857143,119.28571428571428,64.21428571428571,,55.96428571428572,,,0.0284230372452065,19212000,209.0285833258975,5.941227209184735
2021-07-01,CL,Chile,AMR,2128.0,1555902,56.0,32545,3927.571428571429,114.14285714285714,0.0290619430400465,Delta,CHL,,12227597.285714284,,10705234.285714284,22932831.57142857,119.71428571428572,64.28571428571429,,56.285714285714285,,,0.0290619430400465,19212000,204.43324112905626,5.941227209184735
2021-07-02,CL,Chile,AMR,2655.0,1558557,43.0,32588,3812.142857142857,113.0,0.0296421210417837,Delta,CHL,,12245361.107142856,,10765220.607142856,23010581.71428572,120.14285714285714,64.35714285714286,,56.60714285714285,,,0.0296421210417837,19212000,198.4250914606942,5.881740578804914
2021-07-03,CL,Chile,AMR,4056.0,1562613,221.0,32809,3591.714285714286,113.85714285714286,0.0316999443162835,Delta,CHL,,12263124.92857143,,10825206.92857143,23088331.85714286,120.57142857142856,64.42857142857143,,56.92857142857143,,,0.0316999443162835,19212000,186.95160762618602,5.92635555158978
2021-07-04,CL,Chile,AMR,3848.0,1566461,164.0,32973,3402.714285714286,115.71428571428572,0.0340064654267601,Delta,CHL,,12280888.75,,10885193.25,23166082.0,121.0,64.5,,57.25,,,0.0340064654267601,19212000,177.11400612712293,6.023021325956991
2021-07-05,CL,Chile,AMR,3323.0,1569784,130.0,33103,3240.1428571428573,115.0,0.0354922622459327,Delta,CHL,,12298652.57142857,,10945179.57142857,23243832.14285714,121.42857142857144,64.57142857142857,,57.57142857142857,,,0.0354922622459327,19212000,168.65203295559323,5.985842181969602
2021-07-06,CL,Chile,AMR,2824.0,1572608,146.0,33249,3067.285714285714,113.57142857142856,0.0370266871594243,Delta,CHL,,12316416.392857144,,11005165.892857144,23321582.285714287,121.85714285714286,64.64285714285714,,57.892857142857146,,,0.0370266871594243,19212000,159.65468011064513,5.911483893994824
2021-07-07,CL,Chile,AMR,1857.0,1574465,39.0,33288,2955.8571428571427,114.14285714285714,0.0386158233048185,Delta,CHL,,12334180.214285716,,11065152.214285716,23399332.42857143,122.28571428571428,64.71428571428571,,58.21428571428572,,,0.0386158233048185,19212000,153.85473364861247,5.941227209184735
2021-07-08,CL,Chile,AMR,1871.0,1576336,40.0,33328,2919.1428571428573,111.85714285714286,0.0383184887931878,Delta,CHL,,12351944.035714284,,11125138.535714284,23477082.57142857,122.71428571428572,64.78571428571429,,58.535714285714285,,,0.0383184887931878,19212000,151.9437256476607,5.822253948425091
2021-07-09,CL,Chile,AMR,3255.0,1579591,186.0,33514,3004.8571428571427,132.28571428571428,0.044023961205667,Delta,CHL,,12369707.857142856,,11185124.857142856,23554832.71428572,123.14285714285714,64.85714285714286,,58.85714285714286,,,0.044023961205667,19212000,156.40522292614733,6.8855774664644125
2021-07-10,CL,Chile,AMR,2800.0,1582391,122.0,33636,2825.428571428572,118.14285714285714,0.0418141369198098,Delta,CHL,,12387471.67857143,,11245111.17857143,23632582.85714286,123.57142857142856,64.92857142857143,,59.17857142857143,,,0.0418141369198098,19212000,147.0658219565153,6.1494304155141135
2021-07-11,CL,Chile,AMR,2769.0,1585160,131.0,33767,2671.285714285714,113.42857142857144,0.0424621637520723,Delta,CHL,,12405235.5,,11305097.5,23710333.0,124.0,65.0,,59.5,,,0.0424621637520723,19212000,139.04256268403677,5.9040480651973475
2021-07-12,CL,Chile,AMR,2318.0,1587478,110.0,33877,2527.714285714286,110.57142857142856,0.0437436419125127,Delta,CHL,,12422999.32142857,,11365083.82142857,23788083.14285714,124.42857142857144,65.07142857142857,,59.82142857142857,,,0.0437436419125127,19212000,131.56955474257163,5.755331489247791
2021-07-13,CL,Chile,AMR,2145.0,1589623,103.0,33980,2430.714285714286,104.42857142857144,0.0429620922715251,Delta,CHL,,12440763.142857144,,11425070.142857144,23865833.285714287,124.85714285714286,65.14285714285714,,60.142857142857146,,,0.0429620922715251,19212000,126.52062698908422,5.435590850956248
2021-07-14,CL,Chile,AMR,1264.0,1590887,36.0,34016,2346.0,104.0,0.0443307757885763,Delta,CHL,,12458526.964285716,,11485056.464285716,23943583.42857143,125.28571428571428,65.21428571428571,,60.46428571428572,,,0.0443307757885763,19212000,122.11118051217989,5.4132833645638145
2021-07-15,CL,Chile,AMR,1243.0,1592130,33.0,34049,2256.285714285714,103.0,0.0456502469292136,Delta,CHL,,12476290.785714284,,11545042.785714284,24021333.57142857,125.71428571428572,65.28571428571429,,60.785714285714285,,,0.0456502469292136,19212000,117.44148002736385,5.36123256298147
2021-07-16,CL,Chile,AMR,2366.0,1594496,158.0,34207,2129.285714285714,99.0,0.0464944649446494,Delta,CHL,,12494054.607142856,,11605029.107142856,24099083.71428572,126.14285714285714,65.35714285714286,,61.10714285714286,,,0.0464944649446494,19212000,110.83102822640612,5.153029356652092
2021-07-17,CL,Chile,AMR,2053.0,1596549,102.0,34309,2022.571428571429,96.14285714285714,0.047534962565334,Delta,CHL,,12511818.42857143,,11665015.42857143,24176833.85714286,126.57142857142856,65.42857142857143,,61.42857142857143,,,0.047534962565334,19212000,105.27646411469024,5.004312780702537
2021-07-18,CL,Chile,AMR,1932.0,1598481,94.0,34403,1903.0,90.85714285714286,0.0477441633510997,Delta,CHL,,12529582.25,,11725001.75,24254584.0,127.0,65.5,,61.75,,,0.0477441633510997,19212000,99.05267541120134,4.7291871151958595
2021-07-19,CL,Chile,AMR,1398.0,1599879,111.0,34514,1771.571428571429,91.0,0.0513668252560277,Delta,CHL,,12547346.07142857,,11784988.07142857,24332334.14285714,127.42857142857144,65.57142857142857,,62.07142857142857,,,0.0513668252560277,19212000,92.2117129175218,4.736622943993337
2021-07-20,CL,Chile,AMR,1004.0,1600883,25.0,34539,1608.571428571429,79.85714285714286,0.0496447602131438,Delta,CHL,,12565109.892857144,,11844974.392857142,24410084.285714287,127.85714285714286,65.64285714285714,,62.392857142857146,,,0.0496447602131438,19212000,83.72743225959968,4.156628297790072
2021-07-21,CL,Chile,AMR,975.0,1601858,30.0,34569,1567.2857142857142,79.0,0.0504056148026615,Delta,CHL,,12582873.714285716,,11904960.714285716,24487834.42857143,128.28571428571428,65.71428571428571,,62.71428571428572,,,0.0504056148026615,19212000,81.57847773712858,4.112013325005205
2021-07-22,CL,Chile,AMR,996.0,1602854,42.0,34611,1532.0,80.28571428571429,0.0524058187243565,Delta,CHL,,12600637.535714284,,11964947.035714284,24565584.57142857,128.71428571428572,65.78571428571429,,63.035714285714285,,,0.0524058187243565,19212000,79.74182802415157,4.178935784182506
2021-07-23,CL,Chile,AMR,1859.0,1604713,181.0,34792,1459.571428571429,83.57142857142857,0.0572575119898208,Delta,CHL,,12618401.357142856,,12024933.357142856,24643334.71428572,129.14285714285714,65.85714285714286,,63.35714285714286,,,0.0572575119898208,19212000,75.97186282383036,4.349959846524494
2021-07-24,CL,Chile,AMR,1645.0,1606358,83.0,34875,1401.2857142857142,80.85714285714286,0.057702110306861,Delta,CHL,,12636165.17857143,,12084919.67857143,24721084.85714286,129.57142857142858,65.92857142857143,,63.67857142857143,,,0.057702110306861,19212000,72.93804467445942,4.208679099372416
2021-07-25,CL,Chile,AMR,1391.0,1607749,83.0,34958,1324.0,79.28571428571429,0.0598834700043159,Delta,CHL,CHL,12653929.0,,12144906.0,24798835.0,130.0,66.0,,64.0,2020-12-21,2023-12-29,0.0598834700043159,19212000,68.91526129502395,4.126884982600161
2021-07-26,CL,Chile,AMR,1428.0,1609177,68.0,35026,1328.2857142857142,73.14285714285714,0.0550656055065605,Delta,CHL,,12668293.285714284,,12168100.085714286,24875553.22857143,130.4,66.08571428571429,,64.11428571428571,,,0.0550656055065605,19212000,69.13833615894826,3.8071443443086164
2021-07-27,CL,Chile,AMR,1168.0,1610345,93.0,35119,1351.7142857142858,82.85714285714286,0.061297822870429,Delta,CHL,,12682657.57142857,,12191294.17142857,24952271.457142856,130.8,66.17142857142858,,64.22857142857143,,,0.061297822870429,19212000,70.35781208173464,4.312780702537105
2021-07-28,CL,Chile,AMR,745.0,1611090,32.0,35151,1318.857142857143,83.14285714285714,0.0630415944540727,Delta,CHL,,12697021.857142856,,12214488.257142857,25028989.68571429,131.2,66.25714285714285,,64.34285714285714,,,0.0630415944540727,19212000,68.64757145831474,4.32765236013206
2021-07-29,CL,Chile,AMR,827.0,1611917,25.0,35176,1294.7142857142858,80.71428571428571,0.0623413880613483,Delta,CHL,,12711386.142857144,,12237682.342857145,25105707.91428572,131.6,66.34285714285714,,64.45714285714286,,,0.0623413880613483,19212000,67.39091639154101,4.201243270574938
2021-07-30,CL,Chile,AMR,1371.0,1613288,119.0,35295,1225.0,71.85714285714286,0.0586588921282798,Delta,CHL,,12725750.42857143,,12260876.42857143,25182426.14285714,132.0,66.42857142857143,,64.57142857142857,,,0.0586588921282798,19212000,63.76223193837185,3.740221885131317
2021-07-31,CL,Chile,AMR,1341.0,1614629,71.0,35366,1181.571428571429,70.14285714285714,0.0593640430419538,Delta,CHL,,12740114.714285716,,12284070.514285712,25259144.37142857,132.4,66.51428571428572,,64.68571428571428,,,0.0593640430419538,19212000,61.501739983938634,3.650991939561583
2021-08-01,CL,Chile,AMR,1142.0,1615771,82.0,35448,1146.0,70.0,0.0610820244328097,Delta,CHL,,12754479.0,,12307264.6,25335862.6,132.8,66.6,,64.8,,,0.0610820244328097,19212000,59.65021861336665,3.6435561107641057
2021-08-02,CL,Chile,AMR,1171.0,1616942,80.0,35528,1109.2857142857142,71.71428571428571,0.0646490663232453,Delta,CHL,,12768843.285714284,,12330458.685714286,25412580.828571428,133.2,66.68571428571428,,64.91428571428571,,,0.0646490663232453,19212000,57.73921061241486,3.7327860563338384
2021-08-03,CL,Chile,AMR,910.0,1617852,88.0,35616,1072.428571428571,71.0,0.0662048754495804,Delta,CHL,,12783207.57142857,,12353652.771428572,25489299.057142857,133.6,66.77142857142857,,65.02857142857142,,,0.0662048754495804,19212000,55.82076678266558,3.69560691234645
2021-08-04,CL,Chile,AMR,605.0,1618457,24.0,35640,1052.428571428571,69.85714285714286,0.0663770870096375,Delta,CHL,,12797571.857142856,,12376846.857142856,25566017.285714287,134.0,66.85714285714286,,65.14285714285714,,,0.0663770870096375,19212000,54.77975075101869,3.636120281966628
2021-08-05,CL,Chile,AMR,726.0,1619183,31.0,35671,1038.0,70.71428571428571,0.0681255161023947,Delta,CHL,,12811936.142857144,,12400040.942857144,25642735.51428572,134.4,66.94285714285714,,65.25714285714285,,,0.0681255161023947,19212000,54.02873204247345,3.6807352547514944
2021-08-06,CL,Chile,AMR,1206.0,1620389,135.0,35806,1014.4285714285714,73.0,0.07196169553584,Delta,CHL,,12826300.42857143,,12423235.028571429,25719453.742857143,134.8,67.02857142857142,,65.37142857142857,,,0.07196169553584,19212000,52.80182029088962,3.799708515511139
2021-08-07,CL,Chile,AMR,1182.0,1621571,74.0,35880,991.7142857142856,73.42857142857143,0.0740420628061077,Delta,CHL,,12840664.714285716,,12446429.114285717,25796171.971428573,135.2,67.11428571428571,,65.48571428571428,,,0.0740420628061077,19212000,51.619523512090645,3.8220160019035725
2021-08-08,CL,Chile,AMR,938.0,1622509,71.0,35951,962.5714285714286,71.85714285714286,0.074651231819531,Delta,CHL,,12855029.0,,12469623.2,25872890.2,135.6,67.2,,65.6,,,0.074651231819531,19212000,50.102614437405194,3.740221885131317
2021-08-09,CL,Chile,AMR,854.0,1623363,65.0,36016,917.2857142857144,69.71428571428571,0.0760006229559258,Delta,CHL,,12869393.285714284,,12492817.285714284,25949608.42857143,136.0,67.28571428571429,,65.71428571428571,,,0.0760006229559258,19212000,47.74545670860475,3.62868445316915
2021-08-10,CL,Chile,AMR,953.0,1624316,91.0,36107,923.4285714285714,70.14285714285714,0.0759591584158415,Delta,CHL,,12883757.57142857,,12516011.371428572,26026326.65714285,136.4,67.37142857142857,,65.82857142857142,,,0.0759591584158415,19212000,48.065197346896284,3.650991939561583
2021-08-11,CL,Chile,AMR,507.0,1624823,31.0,36138,909.4285714285714,71.14285714285714,0.0782280867106503,Delta,CHL,,12898121.857142856,,12539205.457142858,26103044.885714285,136.8,67.45714285714286,,65.94285714285714,,,0.0782280867106503,19212000,47.33648612474346,3.7030427411439275
2021-08-12,CL,Chile,AMR,633.0,1625456,19.0,36157,896.1428571428571,69.42857142857143,0.0774748923959827,Delta,CHL,,12912486.142857144,,12562399.542857142,26179763.114285715,137.2,67.54285714285714,,66.05714285714285,,,0.0774748923959827,19212000,46.64495404657803,3.6138127955741948
2021-08-13,CL,Chile,AMR,1138.0,1626594,86.0,36243,886.4285714285714,62.42857142857143,0.0704270749395648,Delta,CHL,,12926850.42857143,,12585593.628571428,26256481.342857145,137.6,67.62857142857143,,66.17142857142858,,,0.0704270749395648,19212000,46.13931768834954,3.249457184497784
2021-08-14,CL,Chile,AMR,834.0,1627428,44.0,36287,836.7142857142857,58.142857142857146,0.0694894997438962,Delta,CHL,,12941214.714285716,,12608787.714285716,26333199.57142857,138.0,67.71428571428571,,66.28571428571429,,,0.0694894997438962,19212000,43.551649266827276,3.0263823205734512
2021-08-15,CL,Chile,AMR,865.0,1628293,44.0,36331,826.2857142857143,54.285714285714285,0.065698478561549,Delta,CHL,,12955579.0,,12631981.8,26409917.8,138.4,67.8,,66.4,,,0.065698478561549,19212000,43.00883376461141,2.8256149430415514
2021-08-16,CL,Chile,AMR,899.0,1629192,49.0,36380,832.7142857142857,52.0,0.0624463887459255,Delta,CHL,,12969943.285714284,,12655175.885714283,26486636.028571427,138.8,67.88571428571429,,66.51428571428572,,,0.0624463887459255,19212000,43.3434460604979,2.7066416822819073
2021-08-17,CL,Chile,AMR,740.0,1629932,40.0,36420,802.2857142857143,44.71428571428572,0.0557336182336182,Delta,CHL,,12984307.57142857,,12678369.971428571,26563354.257142857,139.2,67.97142857142858,,66.62857142857143,,,0.0557336182336182,19212000,41.75961452663514,2.3274144136105415
2021-08-18,CL,Chile,AMR,398.0,1630330,18.0,36438,786.7142857142857,42.85714285714285,0.0544761213001634,Delta,CHL,,12998671.857142856,,12701564.057142856,26640072.485714287,139.6,68.05714285714285,,66.74285714285715,,,0.0544761213001634,19212000,40.94910918771006,2.2307486392433296
2021-08-19,CL,Chile,AMR,501.0,1630831,18.0,36456,767.8571428571429,42.71428571428572,0.0556279069767441,Delta,CHL,,13013036.142857144,,12724758.142857144,26716790.71428572,140.0,68.14285714285714,,66.85714285714286,,,0.0556279069767441,19212000,39.967579786443,2.2233128104458526
2021-08-20,CL,Chile,AMR,858.0,1631689,68.0,36524,727.8571428571429,40.142857142857146,0.0551521099116781,Delta,CHL,,13027400.42857143,,12747952.228571428,26793508.942857143,140.4,68.22857142857143,,66.97142857142858,,,0.0551521099116781,19212000,37.88554772314922,2.089467892091253
2021-08-21,CL,Chile,AMR,752.0,1632441,42.0,36566,716.1428571428571,39.85714285714285,0.0556552962298025,Delta,CHL,,13041764.714285716,,12771146.314285714,26870227.17142857,140.8,68.31428571428572,,67.08571428571429,,,0.0556552962298025,19212000,37.275809761756044,2.0745962344962967
2021-08-22,CL,Chile,AMR,712.0,1633153,39.0,36605,694.2857142857143,39.142857142857146,0.0563786008230452,Delta,CHL,,13056129.0,,12794340.4,26946945.4,141.2,68.4,,67.2,,,0.0563786008230452,19212000,36.13812795574195,2.037417090508908
2021-08-23,CL,Chile,AMR,663.0,1633816,45.0,36650,660.5714285714286,38.57142857142857,0.0583910034602076,Delta,CHL,,13070493.285714284,,12817534.485714288,27023663.62857143,141.6,68.48571428571428,,67.31428571428572,,,0.0583910034602076,19212000,34.383272359537195,2.007673775318997
2021-08-24,CL,Chile,AMR,578.0,1634394,38.0,36688,637.4285714285714,38.285714285714285,0.06006275212909,Delta,CHL,,13084857.57142857,,12840728.57142857,27100381.85714286,142.0,68.57142857142857,,67.42857142857143,,,0.06006275212909,19212000,33.178668094345795,1.9928021177240414
2021-08-25,CL,Chile,AMR,380.0,1634774,13.0,36701,634.8571428571429,37.57142857142857,0.0591809180918091,Delta,CHL,,13099221.857142856,,12863922.657142855,27177100.085714284,142.4,68.65714285714286,,67.54285714285714,,,0.0591809180918091,19212000,33.0448231759912,1.9556229737366524
2021-08-26,CL,Chile,AMR,399.0,1635173,17.0,36718,620.2857142857143,37.42857142857143,0.0603408567480423,Delta,CHL,,13113586.142857144,,12887116.742857143,27253818.314285714,142.8,68.74285714285715,,67.65714285714286,,,0.0603408567480423,19212000,32.28636863864847,1.948187144939175
2021-08-27,CL,Chile,AMR,785.0,1635958,60.0,36778,609.8571428571429,36.285714285714285,0.0594987116420707,Delta,CHL,,13127950.42857143,,12910310.828571428,27330536.542857144,143.2,68.82857142857142,,67.77142857142857,,,0.0594987116420707,19212000,31.74355313643259,1.8887005145593527
2021-08-28,CL,Chile,AMR,669.0,1636627,29.0,36807,598.0,34.42857142857143,0.057572861920688,Delta,CHL,,13142314.714285716,,12933504.914285714,27407254.77142857,143.6,68.91428571428571,,67.88571428571429,,,0.057572861920688,19212000,31.126379346241933,1.792034740192142
2021-08-29,CL,Chile,AMR,607.0,1637234,34.0,36841,583.0,33.714285714285715,0.0578289634893408,Delta,CHL,CHL,13156679.0,1370595.0,12956699.0,27483973.0,144.0,69.0,7.0,68.0,2020-12-21,2023-12-29,0.0578289634893408,19212000,30.34561732250677,1.754855596204753
2021-08-30,CL,Chile,AMR,595.0,1637829,44.0,36885,573.2857142857143,33.57142857142857,0.0585596810366309,Delta,CHL,,13210800.714285716,1435896.0,12998743.0,27645439.71428572,144.82142857142858,69.28571428571429,7.357142857142857,68.21428571428571,,,0.0585596810366309,19212000,29.83998096427828,1.7474197674072751
2021-08-31,CL,Chile,AMR,501.0,1638330,38.0,36923,562.2857142857143,33.57142857142857,0.0597052845528455,Delta,CHL,,13264922.42857143,1501197.0,13040787.0,27806906.42857143,145.64285714285714,69.57142857142857,7.714285714285714,68.42857142857143,,,0.0597052845528455,19212000,29.26742214687249,1.7474197674072751
2021-09-01,CL,Chile,AMR,345.0,1638675,14.0,36937,557.2857142857143,33.714285714285715,0.060497308382466,Delta,CHL,,13319044.142857144,1566498.0,13082831.0,27968373.14285714,146.46428571428572,69.85714285714286,8.071428571428571,68.64285714285714,,,0.060497308382466,19212000,29.007168138960772,1.754855596204753
2021-09-02,CL,Chile,AMR,448.0,1639123,8.0,36945,564.2857142857143,32.42857142857143,0.0574683544303797,Delta,CHL,,13373165.857142856,1631799.0,13124875.0,28129839.85714286,147.28571428571428,70.14285714285714,8.428571428571429,68.85714285714286,,,0.0574683544303797,19212000,29.371523750037184,1.6879331370274533
2021-09-03,CL,Chile,AMR,575.0,1639698,50.0,36995,534.2857142857143,31.0,0.0580213903743315,Delta,CHL,,13427287.57142857,1697100.0,13166919.0,28291306.57142857,148.10714285714286,70.42857142857143,8.785714285714286,69.07142857142857,,,0.0580213903743315,19212000,27.80999970256685,1.6135748490526753
2021-09-04,CL,Chile,AMR,494.0,1640192,46.0,37041,509.2857142857143,33.42857142857143,0.0656381486676016,Delta,CHL,,13481409.285714284,1762401.0,13208963.0,28452773.285714287,148.92857142857142,70.71428571428571,9.142857142857142,69.28571428571429,,,0.0656381486676016,19212000,26.50872966300824,1.7399839386097975
2021-09-05,CL,Chile,AMR,474.0,1640666,26.0,37067,490.2857142857143,32.285714285714285,0.0658508158508158,Delta,CHL,,13535531.0,1827702.0,13251007.0,28614240.0,149.75,71.0,9.5,69.5,,,0.0658508158508158,19212000,25.519764432943695,1.6804973082299752
2021-09-06,CL,Chile,AMR,425.0,1641091,23.0,37090,466.0,29.285714285714285,0.0628448804414469,Delta,CHL,,13589652.714285716,1893003.0,13293051.0,28775706.71428572,150.57142857142858,71.28571428571429,9.857142857142858,69.71428571428571,,,0.0628448804414469,19212000,24.255673537372477,1.5243449034829422
2021-09-07,CL,Chile,AMR,435.0,1641526,18.0,37108,456.57142857142856,26.428571428571427,0.0578848560700876,Delta,CHL,,13643774.42857143,1958304.0,13335095.0,28937173.42857143,151.39285714285714,71.57142857142857,10.214285714285715,69.92857142857143,,,0.0578848560700876,19212000,23.76490883673894,1.3756283275333867
2021-09-08,CL,Chile,AMR,265.0,1641791,7.0,37115,445.1428571428572,25.428571428571427,0.0571245186136071,Delta,CHL,,13697896.142857144,2023605.0,13377139.0,29098640.14285714,152.21428571428572,71.85714285714286,10.571428571428571,70.14285714285714,,,0.0571245186136071,19212000,23.170042532940723,1.3235775259510425
2021-09-09,CL,Chile,AMR,355.0,1642146,7.0,37122,431.8571428571428,25.285714285714285,0.0585511081706913,Delta,CHL,,13752017.857142856,2088906.0,13419183.0,29260106.85714286,153.03571428571428,72.14285714285714,10.928571428571429,70.35714285714286,,,0.0585511081706913,19212000,22.478510454775286,1.3161416971535647
2021-09-10,CL,Chile,AMR,500.0,1642646,37.0,37159,421.1428571428572,23.428571428571427,0.0556309362279511,Delta,CHL,,13806139.57142857,2154207.0,13461227.0,29421573.57142857,153.85714285714286,72.42857142857143,11.285714285714285,70.57142857142857,,,0.0556309362279511,19212000,21.92082329496446,1.2194759227863536
2021-09-11,CL,Chile,AMR,510.0,1643156,19.0,37178,423.4285714285714,19.571428571428573,0.046221322537112,Delta,CHL,,13860261.285714284,2219508.0,13503271.0,29583040.285714287,154.67857142857142,72.71428571428571,11.642857142857142,70.78571428571429,,,0.046221322537112,19212000,22.0397965557241,1.018708545254454
2021-09-12,CL,Chile,AMR,474.0,1643630,23.0,37201,423.4285714285714,19.142857142857142,0.0452091767881241,Delta,CHL,,13914383.0,2284809.0,13545315.0,29744507.0,155.5,73.0,12.0,71.0,,,0.0452091767881241,19212000,22.0397965557241,0.9964010588620207
2021-09-13,CL,Chile,AMR,441.0,1644071,31.0,37232,425.7142857142857,20.285714285714285,0.0476510067114093,Delta,CHL,,13968504.714285716,2350110.0,13587359.0,29905973.71428572,156.32142857142858,73.28571428571429,12.357142857142858,71.21428571428571,,,0.0476510067114093,19212000,22.158769816483744,1.0558876892418427
2021-09-14,CL,Chile,AMR,469.0,1644540,21.0,37253,430.57142857142856,20.714285714285715,0.0481088254810882,Delta,CHL,,14022626.42857143,2415411.0,13629403.0,30067440.42857143,157.14285714285714,73.57142857142857,12.714285714285715,71.42857142857143,,,0.0481088254810882,19212000,22.411587995597987,1.0781951756342762
2021-09-15,CL,Chile,AMR,292.0,1644832,,37253,434.4285714285714,23.0,0.0529431108188096,Delta,CHL,,14076748.142857144,2480712.0,13671447.0,30228907.14285714,157.96428571428572,73.85714285714286,13.071428571428571,71.64285714285714,,,0.0529431108188096,19212000,22.612355373129887,1.1971684363939206
2021-09-16,CL,Chile,AMR,401.0,1645233,8.0,37261,441.0,23.166666666666668,0.0525321239606953,Delta,CHL,,14130869.857142856,2546013.0,13713491.0,30390373.85714286,158.78571428571428,74.14285714285714,13.428571428571429,71.85714285714286,,,0.0525321239606953,19212000,22.954403497813868,1.205843569990978
2021-09-17,CL,Chile,AMR,587.0,1645820,32.0,37293,453.4285714285714,22.33333333333333,0.0492543583280823,Delta,CHL,,14184991.57142857,2611314.0,13755535.0,30551840.57142857,159.60714285714286,74.42857142857143,13.785714285714285,72.07142857142857,,,0.0492543583280823,19212000,23.60132060319443,1.1624679020056907
2021-09-18,CL,Chile,AMR,583.0,1646403,25.0,37318,463.8571428571428,23.33333333333333,0.0503028436505492,Delta,CHL,,14239113.285714284,2676615.0,13797579.0,30713307.285714287,160.42857142857142,74.71428571428571,14.142857142857142,72.28571428571429,,,0.0503028436505492,19212000,24.144136105410308,1.214518703588035
2021-09-19,CL,Chile,AMR,591.0,1646994,21.0,37339,480.57142857142856,23.0,0.047859690844233,Delta,CHL,,14293235.0,2741916.0,13839623.0,30874774.0,161.25,75.0,14.5,72.5,,,0.047859690844233,19212000,25.014128074715206,1.1971684363939206
2021-09-20,CL,Chile,AMR,475.0,1647469,20.0,37359,485.4285714285714,21.166666666666668,0.0436040808318618,Delta,CHL,,14347356.714285716,2807217.0,13881667.0,31036240.71428572,162.07142857142856,75.28571428571429,14.857142857142858,72.71428571428571,,,0.0436040808318618,19212000,25.266946253829452,1.1017419668262893
2021-09-21,CL,Chile,AMR,277.0,1647746,8.0,37367,458.0,19.0,0.0414847161572052,Delta,CHL,,14401478.42857143,2872518.0,13923711.0,31197707.42857143,162.89285714285714,75.57142857142857,15.214285714285715,72.92857142857143,,,0.0414847161572052,19212000,23.839267124713718,0.988965230064543
2021-09-22,CL,Chile,AMR,280.0,1648026,7.0,37374,456.2857142857143,17.285714285714285,0.0378835316217908,Delta,CHL,,14455600.142857142,2937819.0,13965755.0,31359174.14285714,163.71428571428572,75.85714285714286,15.571428571428571,73.14285714285714,,,0.0378835316217908,19212000,23.750037179143987,0.8997352844948098
2021-09-23,CL,Chile,AMR,524.0,1648550,5.0,37379,473.8571428571428,16.857142857142858,0.0355743141392824,Delta,CHL,,14509721.857142856,3003120.0,14007799.0,31520640.85714286,164.53571428571428,76.14285714285714,15.928571428571429,73.35714285714286,,,0.0355743141392824,19212000,24.66464412123375,0.8774277981023765
2021-09-24,CL,Chile,AMR,859.0,1649409,31.0,37410,512.7142857142857,16.714285714285715,0.0325996099191975,Delta,CHL,,14563843.57142857,3068421.0,14049843.0,31682107.57142857,165.35714285714286,76.42857142857143,16.285714285714285,73.57142857142857,,,0.0325996099191975,19212000,26.6871895541477,0.8699919693048987
2021-09-25,CL,Chile,AMR,829.0,1650238,13.0,37423,547.8571428571429,15.0,0.0273794002607561,Delta,CHL,,14617965.285714284,3133722.0,14091887.0,31843574.285714284,166.17857142857142,76.71428571428571,16.642857142857142,73.78571428571429,,,0.0273794002607561,19212000,28.516403438327234,0.7807620237351655
2021-09-26,CL,Chile,AMR,747.0,1650985,9.0,37432,570.1428571428571,13.285714285714286,0.0233024304685542,Delta,CHL,CHL,14672087.0,3199023.0,14133931.0,32005041.0,167.0,77.0,17.0,74.0,2020-12-21,2023-12-29,0.0233024304685542,19212000,29.676392730733767,0.6915320781654324
2021-09-27,CL,Chile,AMR,765.0,1651750,8.0,37440,611.5714285714286,11.571428571428571,0.0189208128941836,Delta,CHL,,14703966.485714288,3264398.257142857,14154493.371428572,32122858.114285715,167.62857142857143,77.17142857142858,17.34285714285714,74.11428571428571,,,0.0189208128941836,19212000,31.832783082002322,0.6023021325956992
2021-09-28,CL,Chile,AMR,614.0,1652364,5.0,37445,659.7142857142857,11.142857142857142,0.0168904287570376,Delta,CHL,,14735845.971428571,3329773.5142857144,14175055.742857143,32240675.22857143,168.25714285714287,77.34285714285714,17.685714285714287,74.22857142857143,,,0.0168904287570376,19212000,34.338657386752324,0.5799946462032658
2021-09-29,CL,Chile,AMR,431.0,1652795,4.0,37449,681.2857142857143,10.714285714285714,0.0157265674145523,Delta,CHL,,14767725.457142858,3395148.7714285715,14195618.114285717,32358492.34285714,168.88571428571427,77.51428571428572,18.02857142857143,74.34285714285714,,,0.0157265674145523,19212000,35.46146753517147,0.5576871598108324
2021-09-30,CL,Chile,AMR,611.0,1653406,6.0,37455,693.7142857142857,10.857142857142858,0.0156507413509061,Delta,CHL,,14799604.942857144,3460524.0285714287,14216180.485714288,32476309.457142856,169.5142857142857,77.68571428571428,18.37142857142857,74.45714285714286,,,0.0156507413509061,19212000,36.10838464055203,0.5651229886083103
2021-10-01,CL,Chile,AMR,858.0,1654264,13.0,37468,693.5714285714286,8.285714285714286,0.0119464469618949,Delta,CHL,,14831484.42857143,3525899.285714286,14236742.857142856,32594126.57142857,170.14285714285714,77.85714285714286,18.714285714285715,74.57142857142857,,,0.0119464469618949,19212000,36.100948811754556,0.4312780702537105
2021-10-02,CL,Chile,AMR,807.0,1655071,8.0,37476,690.4285714285714,7.571428571428571,0.0109662735361059,Delta,CHL,,14863363.914285714,3591274.542857143,14257305.228571428,32711943.68571429,170.77142857142857,78.02857142857142,19.057142857142857,74.68571428571428,,,0.0109662735361059,19212000,35.93736057821005,0.39409892626632165
2021-10-03,CL,Chile,AMR,813.0,1655884,8.0,37484,699.8571428571429,7.428571428571429,0.010614411104307,Delta,CHL,,14895243.4,3656649.8,14277867.6,32829760.8,171.4,78.2,19.4,74.8,,,0.010614411104307,19212000,36.42812527884359,0.3866630974688439
2021-10-04,CL,Chile,AMR,718.0,1656602,10.0,37494,693.1428571428571,7.714285714285714,0.0111294311624072,Delta,CHL,,14927122.885714283,3722025.057142857,14298429.971428571,32947577.91428572,172.02857142857144,78.37142857142857,19.742857142857144,74.91428571428571,,,0.0111294311624072,19212000,36.07864132536212,0.40153475506379943
2021-10-05,CL,Chile,AMR,654.0,1657256,6.0,37500,698.8571428571429,7.857142857142857,0.0112428454619787,Delta,CHL,,14959002.371428572,3787400.314285714,14318992.342857145,33065395.028571427,172.65714285714284,78.54285714285714,20.085714285714285,75.02857142857142,,,0.0112428454619787,19212000,36.376074477261234,0.40897058386127716
2021-10-06,CL,Chile,AMR,493.0,1657749,6.0,37506,707.7142857142857,8.142857142857142,0.0115058538554703,Delta,CHL,,14990881.857142856,3852775.5714285714,14339554.714285716,33183212.14285714,173.28571428571428,78.71428571428571,20.42857142857143,75.14285714285714,,,0.0115058538554703,19212000,36.83709586270485,0.42384224145623267
2021-10-07,CL,Chile,AMR,695.0,1658444,6.0,37512,719.7142857142857,8.142857142857142,0.0113140134974196,Delta,CHL,,15022761.342857145,3918150.828571429,14360117.085714286,33301029.257142857,173.9142857142857,78.88571428571429,20.77142857142857,75.25714285714285,,,0.0113140134974196,19212000,37.46170548169299,0.42384224145623267
2021-10-08,CL,Chile,AMR,942.0,1659386,21.0,37533,731.7142857142857,9.285714285714286,0.0126903553299492,Delta,CHL,,15054640.828571428,3983526.0857142857,14380679.457142858,33418846.37142857,174.54285714285714,79.05714285714285,21.11428571428572,75.37142857142857,,,0.0126903553299492,19212000,38.08631510068112,0.4833288718360549
2021-10-09,CL,Chile,AMR,986.0,1660372,9.0,37542,757.2857142857143,9.428571428571429,0.0124504810413129,Delta,CHL,,15086520.314285714,4048901.342857143,14401241.828571428,33536663.485714287,175.17142857142858,79.22857142857143,21.457142857142856,75.48571428571428,,,0.0124504810413129,19212000,39.41732845542964,0.49076470063353267
2021-10-10,CL,Chile,AMR,998.0,1661370,12.0,37554,783.7142857142857,10.0,0.0127597520962449,Delta,CHL,,15118399.8,4114276.6,14421804.2,33654480.6,175.8,79.4,21.8,75.6,,,0.0127597520962449,19212000,40.79295678296303,0.5205080158234437
2021-10-11,CL,Chile,AMR,1063.0,1662433,10.0,37564,833.0,10.0,0.0120048019207683,Delta,CHL,,15150279.285714284,4179651.857142857,14442366.57142857,33772297.71428572,176.42857142857142,79.57142857142857,22.142857142857142,75.71428571428571,,,0.0120048019207683,19212000,43.358317718092856,0.5205080158234437
2021-10-12,CL,Chile,AMR,950.0,1663383,7.0,37571,875.2857142857143,10.142857142857142,0.011588052880692,Delta,CHL,,15182158.771428572,4245027.114285714,14462928.942857144,33890114.82857143,177.05714285714285,79.74285714285715,22.485714285714288,75.82857142857142,,,0.011588052880692,19212000,45.559323042146275,0.5279438446209214
2021-10-13,CL,Chile,AMR,609.0,1663992,3.0,37574,891.8571428571429,9.714285714285714,0.0108921992631747,Delta,CHL,,15214038.257142857,4310402.371428572,14483491.314285714,34007931.942857146,177.68571428571428,79.91428571428571,22.82857142857143,75.94285714285714,,,0.0108921992631747,19212000,46.421879182653704,0.5056363582284882
2021-10-14,CL,Chile,AMR,733.0,1664725,4.0,37578,897.2857142857143,9.428571428571429,0.010507880910683,Delta,CHL,,15245917.742857143,4375777.628571428,14504053.685714286,34125749.057142854,178.31428571428572,80.08571428571429,23.17142857142857,76.05714285714285,,,0.010507880910683,19212000,46.70444067695785,0.49076470063353267
2021-10-15,CL,Chile,AMR,1191.0,1665916,5.0,37583,932.8571428571428,7.142857142857143,0.007656967840735,Delta,CHL,,15277797.228571428,4441152.885714286,14524616.057142856,34243566.17142857,178.94285714285715,80.25714285714285,23.514285714285712,76.17142857142858,,,0.007656967840735,19212000,48.55596204752981,0.37179143987388835
2021-10-16,CL,Chile,AMR,1631.0,1667547,11.0,37594,1025.0,7.428571428571429,0.0072473867595818,Delta,CHL,,15309676.714285716,4506528.142857143,14545178.42857143,34361383.28571428,179.57142857142858,80.42857142857143,23.857142857142858,76.28571428571429,,,0.0072473867595818,19212000,53.35207162190297,0.3866630974688439
2021-10-17,CL,Chile,AMR,1689.0,1669236,3.0,37597,1123.7142857142858,6.142857142857143,0.0054665649631324,Delta,CHL,,15341556.2,4571903.4,14565740.8,34479200.4,180.2,80.6,24.2,76.4,,,0.0054665649631324,19212000,58.49022932096012,0.319740638291544
2021-10-18,CL,Chile,AMR,1514.0,1670750,12.0,37609,1188.142857142857,6.428571428571429,0.0054106047853793,Delta,CHL,,15373435.685714286,4637278.657142857,14586303.17142857,34597017.51428571,180.82857142857145,80.77142857142857,24.542857142857144,76.51428571428572,,,0.0054106047853793,19212000,61.84378810862259,0.3346122958864995
2021-10-19,CL,Chile,AMR,1315.0,1672065,11.0,37620,1240.2857142857142,7.0,0.0056438608615526,Delta,CHL,,15405315.171428572,4702653.914285714,14606865.542857142,34714834.62857143,181.45714285714288,80.94285714285715,24.88571428571429,76.62857142857143,,,0.0056438608615526,19212000,64.55786561970197,0.36435561107641057
2021-10-20,CL,Chile,AMR,933.0,1672998,3.0,37623,1286.571428571429,7.0,0.0054408172329558,Delta,CHL,,15437194.657142855,4768029.171428571,14627427.914285714,34832651.74285714,182.0857142857143,81.11428571428571,25.228571428571428,76.74285714285715,,,0.0054408172329558,19212000,66.96707415008478,0.36435561107641057
2021-10-21,CL,Chile,AMR,1228.0,1674226,5.0,37628,1357.2857142857142,7.142857142857143,0.0052626039364277,Delta,CHL,,15469074.142857144,4833404.428571429,14647990.285714284,34950468.85714286,182.7142857142857,81.28571428571429,25.57142857142857,76.85714285714286,,,0.0052626039364277,19212000,70.64780940483627,0.37179143987388835
2021-10-22,CL,Chile,AMR,1793.0,1676019,12.0,37640,1443.2857142857142,8.142857142857142,0.005641888547956,Delta,CHL,,15500953.628571428,4898779.685714286,14668552.657142855,35068285.97142857,183.3428571428572,81.45714285714286,25.914285714285715,76.97142857142858,,,0.005641888547956,19212000,75.12417834091788,0.42384224145623267
2021-10-23,CL,Chile,AMR,2004.0,1678023,11.0,37651,1496.571428571429,8.142857142857142,0.0054410080183276,Delta,CHL,,15532833.114285717,4964154.942857143,14689115.028571429,35186103.08571429,183.97142857142856,81.62857142857143,26.25714285714286,77.08571428571429,,,0.0054410080183276,19212000,77.8977424823771,0.42384224145623267
2021-10-24,CL,Chile,AMR,1994.0,1680017,11.0,37662,1540.142857142857,9.285714285714286,0.0060291253130507,Delta,CHL,,15564712.6,5029530.2,14709677.4,35303920.2,184.6,81.8,26.6,77.2,,,0.0060291253130507,19212000,80.1656702656078,0.4833288718360549
2021-10-25,CL,Chile,AMR,1811.0,1681828,7.0,37669,1582.571428571429,8.571428571428571,0.0054161400974905,Delta,CHL,,15596592.085714286,5094905.457142857,14730239.771428572,35421737.31428571,185.22857142857143,81.97142857142858,26.942857142857143,77.31428571428572,,,0.0054161400974905,19212000,82.37411141845872,0.446149727848666
2021-10-26,CL,Chile,AMR,1623.0,1683451,16.0,37685,1626.571428571429,9.285714285714286,0.0057087651501844,Delta,CHL,,15628471.57142857,5160280.714285715,14750802.142857144,35539554.428571425,185.8571428571429,82.14285714285714,27.285714285714285,77.42857142857143,,,0.0057087651501844,19212000,84.66434668808188,0.4833288718360549
2021-10-27,CL,Chile,AMR,1157.0,1684608,6.0,37691,1658.571428571429,9.714285714285714,0.0058570198105081,Delta,CHL,,15660351.057142856,5225655.971428571,14771364.514285712,35657371.54285714,186.4857142857143,82.31428571428572,27.628571428571423,77.54285714285714,,,0.0058570198105081,19212000,86.32997233871689,0.5056363582284882
2021-10-28,CL,Chile,AMR,1710.0,1686318,6.0,37697,1727.428571428571,9.857142857142858,0.0057062520674826,Delta,CHL,,15692230.542857142,5291031.228571429,14791926.885714283,35775188.657142855,187.1142857142857,82.48571428571428,27.97142857142857,77.65714285714286,,,0.0057062520674826,19212000,89.91404181910114,0.5130721870259659
2021-10-29,CL,Chile,AMR,2136.0,1688454,22.0,37719,1776.428571428571,11.285714285714286,0.0063530357860876,Delta,CHL,,15724110.028571429,5356406.485714286,14812489.257142857,35893005.77142857,187.7428571428572,82.65714285714286,28.31428571428572,77.77142857142857,,,0.0063530357860876,19212000,92.46453109663602,0.5874304750007435
2021-10-30,CL,Chile,AMR,2281.0,1690735,10.0,37729,1816.0,11.142857142857142,0.0061359345500314,Delta,CHL,,15755989.514285712,5421781.742857143,14833051.628571428,36010822.885714285,188.37142857142857,82.82857142857142,28.65714285714286,77.88571428571429,,,0.0061359345500314,19212000,94.52425567353737,0.5799946462032658
2021-10-31,CL,Chile,AMR,2142.0,1692877,14.0,37743,1837.142857142857,11.571428571428571,0.0062986003110419,Delta,CHL,CHL,15787869.0,5487157.0,14853614.0,36128640.0,189.0,83.0,29.0,78.0,2020-12-21,2023-12-29,0.0062986003110419,19212000,95.62475833556408,0.6023021325956992
2021-11-01,CL,Chile,AMR,2171.0,1695048,14.0,37757,1888.571428571429,12.571428571428571,0.0066565809379727,Delta,CHL,,15806084.857142856,5593906.964285715,14898970.857142856,36298482.85714286,189.8928571428572,83.07142857142857,29.535714285714285,78.21428571428571,,,0.0066565809379727,19212000,98.3016567026561,0.6543529341780434
2021-11-02,CL,Chile,AMR,1738.0,1696786,20.0,37777,1905.0,13.142857142857142,0.006899137607799,Delta,CHL,,15824300.714285716,5700656.928571428,14944327.714285716,36468325.71428572,190.78571428571428,83.14285714285714,30.071428571428573,78.42857142857143,,,0.006899137607799,19212000,99.15677701436603,0.6840962493679545
2021-11-03,CL,Chile,AMR,1341.0,1698127,5.0,37782,1931.2857142857144,13.0,0.0067312671055551,Delta,CHL,,15842516.57142857,5807406.892857143,14989684.57142857,36638168.571428575,191.67857142857144,83.21428571428571,30.607142857142858,78.64285714285714,,,0.0067312671055551,19212000,100.52496951310194,0.6766604205704768
2021-11-04,CL,Chile,AMR,1300.0,1699427,8.0,37790,1872.7142857142856,13.285714285714286,0.0070943626516133,Delta,CHL,,15860732.42857143,5914156.857142857,15035041.42857143,36808011.42857143,192.57142857142856,83.28571428571429,31.142857142857142,78.85714285714286,,,0.0070943626516133,19212000,97.47627970613603,0.6915320781654324
2021-11-05,CL,Chile,AMR,1889.0,1701316,4.0,37794,1837.4285714285716,10.714285714285714,0.0058311304618255,Delta,CHL,,15878948.285714284,6020906.821428572,15080398.285714284,36977854.28571428,193.4642857142857,83.35714285714286,31.678571428571427,79.07142857142857,,,0.0058311304618255,19212000,95.63962999315905,0.5576871598108324
2021-11-06,CL,Chile,AMR,2510.0,1703826,20.0,37814,1870.142857142857,12.142857142857142,0.0064930104652051,Delta,CHL,,15897164.142857144,6127656.785714285,15125755.142857144,37147697.14285714,194.3571428571429,83.42857142857143,32.214285714285715,79.28571428571429,,,0.0064930104652051,19212000,97.34243478778144,0.6320454477856102
2021-11-07,CL,Chile,AMR,2796.0,1706622,27.0,37841,1963.571428571429,14.0,0.007129865405602,Delta,CHL,,15915380.0,6234406.75,15171112.0,37317540.0,195.25,83.5,32.75,79.5,,,0.007129865405602,19212000,102.20546682133191,0.7287112221528211
2021-11-08,CL,Chile,AMR,2567.0,1709189,21.0,37862,2020.142857142857,15.0,0.0074252174527968,Delta,CHL,,15933595.857142856,6341156.714285715,15216468.857142856,37487382.85714286,196.1428571428572,83.57142857142857,33.285714285714285,79.71428571428571,,,0.0074252174527968,19212000,105.1500550251331,0.7807620237351655
2021-11-09,CL,Chile,AMR,2253.0,1711442,17.0,37879,2093.714285714286,14.571428571428571,0.0069596069868995,Delta,CHL,,15951811.714285716,6447906.678571429,15261825.714285716,37657225.71428572,197.03571428571428,83.64285714285714,33.82142857142857,79.92857142857143,,,0.0069596069868995,19212000,108.97950685583416,0.7584545373427323
2021-11-10,CL,Chile,AMR,1746.0,1713188,4.0,37883,2151.5714285714284,14.428571428571429,0.0067060620144744,Delta,CHL,,15970027.57142857,6554656.642857143,15307182.57142857,37827068.571428575,197.92857142857144,83.71428571428571,34.357142857142854,80.14285714285714,,,0.0067060620144744,19212000,111.99101751881264,0.7510187085452544
2021-11-11,CL,Chile,AMR,2164.0,1715352,12.0,37895,2275.0,15.0,0.0065934065934065,Delta,CHL,,15988243.42857143,6661406.607142857,15352539.42857143,37996911.42857143,198.82142857142856,83.78571428571429,34.89285714285714,80.35714285714286,,,0.0065934065934065,19212000,118.41557359983344,0.7807620237351655
2021-11-12,CL,Chile,AMR,2733.0,1718085,22.0,37917,2395.5714285714284,17.571428571428573,0.0073349633251833,Delta,CHL,,16006459.285714284,6768156.571428571,15397896.285714284,38166754.28571428,199.7142857142857,83.85714285714286,35.42857142857143,80.57142857142857,,,0.0073349633251833,19212000,124.69141310490465,0.9146069420897653
2021-11-13,CL,Chile,AMR,2940.0,1721025,19.0,37936,2457.0,17.428571428571427,0.0070934356648642,Delta,CHL,,16024675.142857144,6874906.535714285,15443253.142857144,38336597.14285714,200.6071428571429,83.92857142857143,35.964285714285715,80.78571428571429,,,0.0070934356648642,19212000,127.88881948782013,0.9071711132922875
2021-11-14,CL,Chile,AMR,2703.0,1723728,15.0,37951,2443.714285714286,15.714285714285714,0.0064304922249503,Delta,CHL,,16042891.0,6981656.5,15488610.0,38506440.0,201.5,84.0,36.5,81.0,,,0.0064304922249503,19212000,127.19728740965468,0.8179411677225543
2021-11-15,CL,Chile,AMR,2753.0,1726481,24.0,37975,2470.285714285714,16.142857142857142,0.0065348137867221,Delta,CHL,,16061106.857142856,7088406.464285715,15533966.857142856,38676282.85714286,202.3928571428572,84.07142857142857,37.035714285714285,81.21428571428571,,,0.0065348137867221,19212000,128.58035156598555,0.8402486541149876
2021-11-16,CL,Chile,AMR,2286.0,1728767,26.0,38001,2475.0,17.428571428571427,0.007041847041847,Delta,CHL,,16079322.714285716,7195156.428571429,15579323.714285716,38846125.71428572,203.28571428571428,84.14285714285714,37.57142857142857,81.42857142857143,,,0.007041847041847,19212000,128.8257339163023,0.9071711132922875
2021-11-17,CL,Chile,AMR,1689.0,1730456,4.0,38005,2466.8571428571427,17.428571428571427,0.0070650914987259,Delta,CHL,,16097538.57142857,7301906.392857143,15624680.57142857,39015968.571428575,204.17857142857144,84.21428571428571,38.10714285714286,81.64285714285714,,,0.0070650914987259,19212000,128.40189167484607,0.9071711132922875
2021-11-18,CL,Chile,AMR,2120.0,1732576,11.0,38016,2460.5714285714284,17.285714285714285,0.0070250812819321,Delta,CHL,,16115754.42857143,7408656.357142857,15670037.42857143,39185811.42857143,205.07142857142856,84.28571428571429,38.64285714285714,81.85714285714286,,,0.0070250812819321,19212000,128.07471520775707,0.8997352844948098
2021-11-19,CL,Chile,AMR,2611.0,1735187,33.0,38049,2443.1428571428573,18.857142857142858,0.0077183955092971,Delta,CHL,,16133970.285714284,7515406.321428572,15715394.285714284,39355654.28571428,205.9642857142857,84.35714285714286,39.17857142857143,82.07142857142857,,,0.0077183955092971,19212000,127.16754409446479,0.9815294012670653
2021-11-20,CL,Chile,AMR,2698.0,1737885,30.0,38079,2408.5714285714284,20.428571428571427,0.0084816132858837,Delta,CHL,,16152186.142857144,7622156.285714285,15760751.142857144,39525497.14285714,206.8571428571429,84.42857142857143,39.71428571428572,82.28571428571429,,,0.0084816132858837,19212000,125.36807352547515,1.0633235180393206
2021-11-21,CL,Chile,AMR,2611.0,1740496,15.0,38094,2395.428571428572,20.428571428571427,0.0085281488549618,Delta,CHL,,16170402.0,7728906.25,15806108.0,39695340.0,207.75,84.5,40.25,82.5,,,0.0085281488549618,19212000,124.68397727610723,1.0633235180393206
2021-11-22,CL,Chile,AMR,2641.0,1743137,23.0,38117,2379.428571428572,20.285714285714285,0.0085254562920268,Delta,CHL,,16188617.857142856,7835656.214285715,15851464.857142856,39865182.85714286,208.6428571428572,84.57142857142857,40.785714285714285,82.71428571428571,,,0.0085254562920268,19212000,123.85116445078972,1.0558876892418427
2021-11-23,CL,Chile,AMR,2168.0,1745305,32.0,38149,2362.5714285714284,21.142857142857142,0.0089490869512637,Delta,CHL,,16206833.714285716,7942406.178571429,15896821.714285716,40035025.71428572,209.53571428571428,84.64285714285714,41.32142857142857,82.92857142857143,,,0.0089490869512637,19212000,122.9737366526873,1.1005026620267095
2021-11-24,CL,Chile,AMR,1760.0,1747065,12.0,38161,2372.714285714286,22.285714285714285,0.0093924980432295,Delta,CHL,,16225049.57142857,8049156.142857143,15942178.57142857,40204868.57142857,210.42857142857144,84.71428571428571,41.85714285714286,83.14285714285714,,,0.0093924980432295,19212000,123.50168049730823,1.1599892924065316
2021-11-25,CL,Chile,AMR,2034.0,1749099,14.0,38175,2360.428571428572,22.714285714285715,0.0096229498275131,Delta,CHL,,16243265.42857143,8155906.107142857,15987535.42857143,40374711.42857143,211.32142857142856,84.78571428571429,42.39285714285714,83.35714285714286,,,0.0096229498275131,19212000,122.86219922072517,1.1822967787989649
2021-11-26,CL,Chile,AMR,2670.0,1751769,43.0,38218,2368.8571428571427,24.142857142857142,0.010191774213002,Delta,CHL,,16261481.285714284,8262656.071428571,16032892.285714284,40544554.28571428,212.2142857142857,84.85714285714286,42.92857142857143,83.57142857142857,,,0.010191774213002,19212000,123.30091311977631,1.2566550667737426
2021-11-27,CL,Chile,AMR,2674.0,1754443,27.0,38245,2365.428571428572,23.714285714285715,0.0100253653822925,Delta,CHL,,16279697.142857144,8369406.035714285,16078249.142857144,40714397.14285714,213.1071428571429,84.92857142857143,43.46428571428572,83.78571428571429,,,0.0100253653822925,19212000,123.12245322863689,1.2343475803813095
2021-11-28,CL,Chile,AMR,2634.0,1757077,37.0,38282,2368.714285714286,26.857142857142858,0.0113382787527893,Delta,CHL,CHL,16297913.0,8476156.0,16123606.0,40884240.0,214.0,85.0,44.0,84.0,2020-12-21,2023-12-29,0.0113382787527893,19212000,123.29347729097886,1.3979358139258202
2021-11-29,CL,Chile,AMR,2328.0,1759405,31.0,38313,2324.0,28.0,0.0120481927710843,Delta,CHL,,16312875.0,8563478.25,16138079.357142856,41001477.42857143,214.6071428571429,85.07142857142857,44.46428571428572,84.07142857142857,,,0.0120481927710843,19212000,120.96606287736832,1.4574224443056423
2021-11-30,CL,Chile,AMR,1960.0,1761365,30.0,38343,2294.285714285714,27.714285714285715,0.012079701120797,Delta,CHL,,16327837.0,8650800.5,16152552.714285716,41118714.85714286,215.2142857142857,85.14285714285714,44.92857142857143,84.14285714285714,,,0.012079701120797,19212000,119.41941048749293,1.4425507867106868
2021-12-01,CL,Chile,AMR,1386.0,1762751,3.0,38346,2240.8571428571427,26.428571428571427,0.0117939563942369,Omicron,CHL,,16342799.0,8738122.75,16167026.07142857,41235952.28571428,215.82142857142856,85.21428571428571,45.392857142857146,84.21428571428571,,,0.0117939563942369,19212000,116.63841051723624,1.3756283275333867
2021-12-02,CL,Chile,AMR,1523.0,1764274,10.0,38356,2167.8571428571427,25.857142857142858,0.0119275123558484,Omicron,CHL,,16357761.0,8825445.0,16181499.42857143,41353189.71428572,216.42857142857144,85.28571428571429,45.85714285714285,84.28571428571429,,,0.0119275123558484,19212000,112.83870200172511,1.3458850123434758
2021-12-03,CL,Chile,AMR,2219.0,1766493,47.0,38403,2103.428571428572,26.428571428571427,0.0125645205107307,Omicron,CHL,,16372723.0,8912767.25,16195972.785714284,41470427.14285714,217.03571428571428,85.35714285714286,46.32142857142857,84.35714285714286,,,0.0125645205107307,19212000,109.48514321406266,1.3756283275333867
2021-12-04,CL,Chile,AMR,2091.0,1768584,36.0,38439,2020.142857142857,27.714285714285715,0.0137189731985008,Omicron,CHL,,16387685.0,9000089.5,16210446.142857144,41587664.571428575,217.6428571428572,85.42857142857143,46.785714285714285,84.42857142857143,,,0.0137189731985008,19212000,105.1500550251331,1.4425507867106868
2021-12-05,CL,Chile,AMR,2036.0,1770620,26.0,38465,1934.7142857142856,26.142857142857142,0.0135125156907627,Omicron,CHL,,16402647.0,9087411.75,16224919.5,41704902.0,218.25,85.5,47.25,84.5,,,0.0135125156907627,19212000,100.70342940424139,1.3607566699384315
2021-12-06,CL,Chile,AMR,1927.0,1772547,36.0,38501,1877.4285714285716,26.857142857142858,0.0143052807791812,Omicron,CHL,,16417609.0,9174734.0,16239392.857142856,41822139.42857143,218.8571428571429,85.57142857142857,47.71428571428572,84.57142857142857,,,0.0143052807791812,19212000,97.72166205645281,1.3979358139258202
2021-12-07,CL,Chile,AMR,1501.0,1774048,30.0,38531,1811.857142857143,26.857142857142858,0.0148229914058188,Omicron,CHL,,16432571.0,9262056.25,16253866.214285716,41939376.85714286,219.4642857142857,85.64285714285714,48.17857142857143,84.64285714285714,,,0.0148229914058188,19212000,94.30861663841051,1.3979358139258202
2021-12-08,CL,Chile,AMR,1164.0,1775212,4.0,38535,1780.142857142857,27.0,0.0151673220447797,Omicron,CHL,,16447533.0,9349378.5,16268339.57142857,42056614.28571428,220.07142857142856,85.71428571428571,48.642857142857146,84.71428571428571,,,0.0151673220447797,19212000,92.65786264537046,1.4053716427232978
2021-12-09,CL,Chile,AMR,1387.0,1776599,6.0,38541,1760.7142857142858,26.428571428571427,0.0150101419878296,Omicron,CHL,,16462495.0,9436700.75,16282812.92857143,42173851.71428572,220.67857142857144,85.78571428571429,49.10714285714286,84.78571428571429,,,0.0150101419878296,19212000,91.64658992891349,1.3756283275333867
2021-12-10,CL,Chile,AMR,1771.0,1778370,59.0,38600,1696.7142857142858,28.142857142857142,0.016586680138082,Omicron,CHL,,16477457.0,9524023.0,16297286.285714284,42291089.14285714,221.28571428571428,85.85714285714286,49.57142857142857,84.85714285714286,,,0.016586680138082,19212000,88.31533862764344,1.46485827310312
2021-12-11,CL,Chile,AMR,1495.0,1779865,38.0,38638,1611.571428571429,28.428571428571427,0.0176402801170109,Omicron,CHL,,16492419.0,9611345.25,16311759.642857144,42408326.571428575,221.8928571428572,85.92857142857143,50.035714285714285,84.92857142857143,,,0.0176402801170109,19212000,83.8835846643467,1.4797299306980756
2021-12-12,CL,Chile,AMR,1362.0,1781227,8.0,38646,1515.2857142857142,25.857142857142858,0.0170642028848873,Omicron,CHL,,16507381.0,9698667.5,16326233.0,42525564.0,222.5,86.0,50.5,85.0,,,0.0170642028848873,19212000,78.87183605484668,1.3458850123434758
2021-12-13,CL,Chile,AMR,1577.0,1782804,40.0,38686,1465.2857142857142,26.428571428571427,0.018036462903383,Omicron,CHL,,16522343.0,9785989.75,16340706.357142856,42642801.42857143,223.1071428571429,86.07142857142857,50.96428571428572,85.07142857142857,,,0.018036462903383,19212000,76.26929597572945,1.3756283275333867
2021-12-14,CL,Chile,AMR,1361.0,1784165,30.0,38716,1445.2857142857142,26.428571428571427,0.0182860531778195,Omicron,CHL,,16537305.0,9873312.0,16355179.714285716,42760038.85714286,223.7142857142857,86.14285714285714,51.42857142857143,85.14285714285714,,,0.0182860531778195,19212000,75.22827994408257,1.3756283275333867
2021-12-15,CL,Chile,AMR,959.0,1785124,7.0,38723,1416.0,26.857142857142858,0.0189669087974172,Omicron,CHL,,16552267.0,9960634.25,16369653.07142857,42877276.28571428,224.32142857142856,86.21428571428571,51.892857142857146,85.21428571428571,,,0.0189669087974172,19212000,73.70393504059963,1.3979358139258202
2021-12-16,CL,Chile,AMR,1060.0,1786184,4.0,38727,1369.2857142857142,26.571428571428573,0.0194053208137715,Omicron,CHL,,16567229.0,10047956.5,16384126.42857143,42994513.71428572,224.92857142857144,86.28571428571429,52.35714285714286,85.28571428571429,,,0.0194053208137715,19212000,71.2724190238244,1.3830641563308648
2021-12-17,CL,Chile,AMR,1492.0,1787676,46.0,38773,1329.428571428571,24.714285714285715,0.0185901568880292,Omicron,CHL,,16582191.0,10135278.75,16398599.785714284,43111751.14285714,225.53571428571428,86.35714285714286,52.82142857142857,85.35714285714286,,,0.0185901568880292,19212000,69.19782278932809,1.2863983819636537
2021-12-18,CL,Chile,AMR,1433.0,1789109,39.0,38812,1320.571428571429,24.857142857142858,0.0188230203375162,Omicron,CHL,,16597153.0,10222601.0,16413073.142857144,43228988.571428575,226.1428571428572,86.42857142857143,53.285714285714285,85.42857142857143,,,0.0188230203375162,19212000,68.7368014038845,1.2938342107611316
2021-12-19,CL,Chile,AMR,1415.0,1790524,28.0,38840,1328.142857142857,27.714285714285715,0.020866946326772,Omicron,CHL,,16612115.0,10309923.25,16427546.5,43346226.0,226.75,86.5,53.75,85.5,,,0.020866946326772,19212000,69.13090033015081,1.4425507867106868
2021-12-20,CL,Chile,AMR,1252.0,1791776,24.0,38864,1281.7142857142858,25.428571428571427,0.0198395006687472,Omicron,CHL,,16627077.0,10397245.5,16442019.857142856,43463463.42857143,227.3571428571429,86.57142857142857,54.21428571428572,85.57142857142857,,,0.0198395006687472,19212000,66.71425597097053,1.3235775259510425
2021-12-21,CL,Chile,AMR,1126.0,1792902,21.0,38885,1248.142857142857,24.142857142857142,0.0193430239212544,Omicron,CHL,,16642039.0,10484567.75,16456493.214285716,43580700.85714286,227.9642857142857,86.64285714285714,54.67857142857143,85.64285714285714,,,0.0193430239212544,19212000,64.96683620356325,1.2566550667737426
2021-12-22,CL,Chile,AMR,884.0,1793786,9.0,38894,1237.428571428571,24.428571428571427,0.0197413992149619,Omicron,CHL,,16657001.0,10571890.0,16470966.57142857,43697938.28571428,228.57142857142856,86.71428571428571,55.14285714285714,85.71428571428571,,,0.0197413992149619,19212000,64.4091490437524,1.271526724368698
2021-12-23,CL,Chile,AMR,964.0,1794750,6.0,38900,1223.7142857142858,24.714285714285715,0.0201961242120009,Omicron,CHL,,16671963.0,10659212.25,16485439.92857143,43815175.71428572,229.17857142857144,86.78571428571429,55.60714285714286,85.78571428571429,,,0.0201961242120009,19212000,63.695309479194556,1.2863983819636537
2021-12-24,CL,Chile,AMR,1482.0,1796232,54.0,38954,1222.2857142857142,25.857142857142858,0.0211547452080411,Omicron,CHL,,16686925.0,10746534.5,16499913.285714284,43932413.14285714,229.78571428571428,86.85714285714286,56.07142857142857,85.85714285714286,,,0.0211547452080411,19212000,63.620951191219774,1.3458850123434758
2021-12-25,CL,Chile,AMR,1399.0,1797631,30.0,38984,1217.428571428571,24.571428571428573,0.0201830556207463,Omicron,CHL,,16701887.0,10833856.75,16514386.642857144,44049650.571428575,230.3928571428572,86.92857142857143,56.535714285714285,85.92857142857143,,,0.0201830556207463,19212000,63.36813301210552,1.278962553166176
2021-12-26,CL,Chile,AMR,1494.0,1799125,29.0,39013,1228.7142857142858,24.714285714285715,0.020113940239507,Omicron,CHL,CHL,16716849.0,10921179.0,16528860.0,44166888.0,231.0,87.0,57.0,86.0,2020-12-21,2023-12-29,0.020113940239507,19212000,63.95556348710628,1.2863983819636537
2021-12-27,CL,Chile,AMR,1155.0,1800280,21.0,39034,1214.857142857143,24.285714285714285,0.0199905926622765,Omicron,CHL,,16726080.885714283,10969414.314285714,16540872.57142857,44238669.0,231.37142857142857,87.05714285714286,57.25714285714286,86.08571428571429,,,0.0199905926622765,19212000,63.23428809375093,1.2640908955712205
2021-12-28,CL,Chile,AMR,753.0,1801033,22.0,39056,1161.571428571429,24.428571428571427,0.02103062353954,Omicron,CHL,,16735312.771428572,11017649.628571428,16552885.142857144,44310450.0,231.7428571428572,87.11428571428571,57.51428571428571,86.17142857142858,,,0.02103062353954,19212000,60.46072395229174,1.271526724368698
2021-12-29,CL,Chile,AMR,762.0,1801795,3.0,39059,1144.142857142857,23.571428571428573,0.0206018229491821,Omicron,CHL,,16744544.657142855,11065884.942857144,16564897.714285716,44382231.0,232.11428571428573,87.17142857142858,57.77142857142857,86.25714285714285,,,0.0206018229491821,19212000,59.55355283899943,1.2269117515838317
2021-12-30,CL,Chile,AMR,1096.0,1802891,4.0,39063,1163.0,23.285714285714285,0.0200221103058592,Omicron,CHL,,16753776.542857142,11114120.257142857,16576910.285714284,44454012.0,232.4857142857143,87.22857142857143,58.02857142857143,86.34285714285714,,,0.0200221103058592,19212000,60.5350822402665,1.2120400939888758
2021-12-31,CL,Chile,AMR,1791.0,1804682,33.0,39096,1207.142857142857,20.285714285714285,0.0168047337278106,Omicron,CHL,,16763008.42857143,11162355.57142857,16588922.857142856,44525793.0,232.8571428571429,87.28571428571429,58.285714285714285,86.42857142857143,,,0.0168047337278106,19212000,62.83275333868713,1.0558876892418427
2022-01-01,CL,Chile,AMR,1812.0,1806494,19.0,39115,1266.142857142857,18.714285714285715,0.0147805483470608,Omicron,CHL,,16772240.314285714,11210590.885714283,16600935.42857143,44597574.0,233.22857142857143,87.34285714285714,58.54285714285714,86.51428571428572,,,0.0147805483470608,19212000,65.90375063204544,0.9740935724695875
2022-01-02,CL,Chile,AMR,1904.0,1808398,25.0,39140,1324.7142857142858,18.142857142857142,0.0136956756173838,Omicron,CHL,,16781472.2,11258826.2,16612948.0,44669355.0,233.6,87.4,58.8,86.6,,,0.0136956756173838,19212000,68.95244043901134,0.9443502572796764
2022-01-03,CL,Chile,AMR,1904.0,1810302,22.0,39162,1431.7142857142858,18.285714285714285,0.0127719018160047,Omicron,CHL,,16790704.085714284,11307061.514285712,16624960.57142857,44741136.0,233.97142857142856,87.45714285714286,59.05714285714286,86.68571428571428,,,0.0127719018160047,19212000,74.52187620832218,0.9517860860771541
2022-01-04,CL,Chile,AMR,995.0,1811297,11.0,39173,1466.2857142857142,16.714285714285715,0.0113990646921278,Omicron,CHL,,16799935.971428573,11355296.82857143,16636973.142857144,44812917.0,234.3428571428572,87.51428571428572,59.31428571428572,86.77142857142857,,,0.0113990646921278,19212000,76.3213467773118,0.8699919693048987
2022-01-05,CL,Chile,AMR,1051.0,1812348,1.0,39174,1507.571428571429,16.428571428571427,0.0108973751539846,Omicron,CHL,,16809167.85714286,11403532.142857144,16648985.714285716,44884698.0,234.7142857142857,87.57142857142857,59.57142857142857,86.85714285714286,,,0.0108973751539846,19212000,78.47030129978289,0.8551203117099431
2022-01-06,CL,Chile,AMR,1840.0,1814188,3.0,39177,1613.857142857143,16.285714285714285,0.0100911746481366,Omicron,CHL,,16818399.742857143,11451767.457142858,16660998.285714284,44956479.0,235.0857142857143,87.62857142857143,59.82857142857143,86.94285714285714,,,0.0100911746481366,19212000,84.00255792510633,0.8476844829124653
2022-01-07,CL,Chile,AMR,3112.0,1817300,30.0,39207,1802.571428571429,15.857142857142858,0.0087969567284831,Omicron,CHL,,16827631.62857143,11500002.771428572,16673010.857142856,45028260.0,235.45714285714288,87.68571428571428,60.08571428571429,87.02857142857142,,,0.0087969567284831,19212000,93.82528776657448,0.8253769965200322
2022-01-08,CL,Chile,AMR,3771.0,1821071,25.0,39232,2082.428571428572,16.714285714285715,0.008026342868903,Omicron,CHL,,16836863.514285713,11548238.085714286,16685023.42857143,45100041.0,235.82857142857145,87.74285714285715,60.34285714285714,87.11428571428571,,,0.008026342868903,19212000,108.39207638083343,0.8699919693048987
2022-01-09,CL,Chile,AMR,4346.0,1825417,19.0,39251,2431.285714285714,15.857142857142858,0.0065221223338621,Omicron,CHL,,16846095.4,11596473.4,16697036.0,45171822.0,236.2,87.8,60.6,87.2,,,0.0065221223338621,19212000,126.5503703042741,0.8253769965200322
2022-01-10,CL,Chile,AMR,4020.0,1829437,21.0,39272,2733.5714285714284,15.714285714285714,0.005748628168278,Omicron,CHL,,16855327.285714287,11644708.714285716,16709048.57142857,45243603.0,236.57142857142856,87.85714285714286,60.85714285714285,87.28571428571429,,,0.005748628168278,19212000,142.28458403973707,0.8179411677225543
2022-01-11,CL,Chile,AMR,4041.0,1833478,13.0,39285,3168.714285714286,16.0,0.0050493665749966,Omicron,CHL,,16864559.171428572,11692944.028571429,16721061.142857144,45315384.0,236.94285714285715,87.91428571428571,61.114285714285714,87.37142857142857,,,0.0050493665749966,19212000,164.93411855685434,0.8328128253175099
2022-01-12,CL,Chile,AMR,3912.0,1837390,4.0,39289,3577.428571428572,16.428571428571427,0.004592284961265,Omicron,CHL,,16873791.057142857,11741179.342857145,16733073.714285716,45387165.0,237.3142857142857,87.97142857142858,61.371428571428574,87.45714285714286,,,0.004592284961265,19212000,186.20802474643827,0.8551203117099431
2022-01-13,CL,Chile,AMR,4828.0,1842218,1.0,39290,4004.285714285714,16.142857142857142,0.0040313949339992,Omicron,CHL,,16883022.942857143,11789414.657142855,16745086.285714284,45458946.0,237.68571428571428,88.02857142857142,61.62857142857143,87.54285714285714,,,0.0040313949339992,19212000,208.4262811933018,0.8402486541149876
2022-01-14,CL,Chile,AMR,7247.0,1849465,41.0,39331,4595.0,17.714285714285715,0.003855122027048,Omicron,CHL,,16892254.828571428,11837649.971428571,16757098.857142856,45530727.0,238.05714285714285,88.08571428571429,61.885714285714286,87.62857142857143,,,0.003855122027048,19212000,239.17343327087238,0.9220427708872432
2022-01-15,CL,Chile,AMR,8299.0,1857764,24.0,39355,5241.857142857143,17.571428571428573,0.0033521380099746,Omicron,CHL,,16901486.714285713,11885885.285714284,16769111.42857143,45602508.0,238.42857142857144,88.14285714285714,62.14285714285714,87.71428571428571,,,0.0033521380099746,19212000,272.8428660658517,0.9146069420897653
2022-01-16,CL,Chile,AMR,9337.0,1867101,21.0,39376,5954.857142857143,17.857142857142858,0.0029987525189521,Omicron,CHL,,16910718.6,11934120.6,16781124.0,45674289.0,238.8,88.2,62.4,87.8,,,0.0029987525189521,19212000,309.95508759406323,0.9294785996847209
2022-01-17,CL,Chile,AMR,9509.0,1876610,18.0,39394,6739.0,17.428571428571427,0.0025862251711784,Omicron,CHL,,16919950.485714287,11982355.914285714,16793136.57142857,45746070.0,239.17142857142852,88.25714285714285,62.65714285714286,87.88571428571429,,,0.0025862251711784,19212000,350.7703518634187,0.9071711132922875
2022-01-18,CL,Chile,AMR,8930.0,1885540,32.0,39426,7437.428571428572,20.142857142857142,0.0027083093234989,Omicron,CHL,,16929182.37142857,12030591.228571428,16805149.14285714,45817851.0,239.5428571428572,88.31428571428572,62.91428571428571,87.97142857142858,,,0.0027083093234989,19212000,387.1241188542875,1.0484518604443651
2022-01-19,CL,Chile,AMR,7575.0,1893115,1.0,39427,7960.714285714285,19.714285714285715,0.0024764468371467,Omicron,CHL,,16938414.257142857,12078826.542857142,16817161.714285713,45889632.0,239.9142857142857,88.37142857142857,63.17142857142857,88.05714285714285,,,0.0024764468371467,19212000,414.3615597394486,1.0261443740519318
2022-01-20,CL,Chile,AMR,9542.0,1902657,4.0,39431,8634.142857142857,20.142857142857142,0.0023329307235394,Omicron,CHL,,16947646.14285714,12127061.857142858,16829174.285714287,45961413.0,240.28571428571428,88.42857142857143,63.42857142857143,88.14285714285714,,,0.0023329307235394,19212000,449.41405669075874,1.0484518604443651
2022-01-21,CL,Chile,AMR,13865.0,1916522,25.0,39456,9579.57142857143,17.857142857142858,0.0018640857777711,Omicron,CHL,,16956878.028571427,12175297.171428572,16841186.85714286,46033194.0,240.65714285714284,88.48571428571428,63.68571428571428,88.22857142857143,,,0.0018640857777711,19212000,498.6243716724667,0.9294785996847209
2022-01-22,CL,Chile,AMR,17682.0,1934204,18.0,39474,10920.0,17.0,0.0015567765567765,Omicron,CHL,,16966109.914285716,12223532.485714288,16853199.42857143,46104975.0,241.02857142857144,88.54285714285714,63.94285714285714,88.31428571428572,,,0.0015567765567765,19212000,568.3947532792005,0.8848636268998542
2022-01-23,CL,Chile,AMR,15471.0,1949675,23.0,39497,11796.285714285714,17.285714285714285,0.001465352290067,Omicron,CHL,,16975341.8,12271767.8,16865212.0,46176756.0,241.4,88.6,64.2,88.4,,,0.001465352290067,19212000,614.0061271229291,0.8997352844948098
2022-01-24,CL,Chile,AMR,15718.0,1965393,15.0,39512,12683.285714285714,16.857142857142858,0.0013290832704459,Omicron,CHL,,16984573.685714286,12320003.114285717,16877224.57142857,46248537.0,241.77142857142857,88.65714285714286,64.45714285714286,88.48571428571428,,,0.0013290832704459,19212000,660.1751881264686,0.8774277981023765
2022-01-25,CL,Chile,AMR,18797.0,1984190,23.0,39535,14092.857142857143,15.571428571428571,0.0011049163710086,Omicron,CHL,,16993805.57142857,12368238.42857143,16889237.14285714,46320318.0,242.1428571428572,88.71428571428571,64.71428571428571,88.57142857142857,,,0.0011049163710086,19212000,733.5445108711817,0.8105053389250766
2022-01-26,CL,Chile,AMR,17156.0,2001346,8.0,39543,15461.57142857143,16.571428571428573,0.0010717816522068,Omicron,CHL,,17003037.457142856,12416473.742857143,16901249.714285713,46392099.0,242.5142857142857,88.77142857142857,64.97142857142858,88.65714285714286,,,0.0010717816522068,19212000,804.7871865798162,0.862556140507421
2022-01-27,CL,Chile,AMR,18736.0,2020082,4.0,39547,16775.0,16.571428571428573,0.0009878645944219,Omicron,CHL,,17012269.34285714,12464709.057142856,16913262.285714287,46463880.0,242.8857142857143,88.82857142857142,65.22857142857143,88.74285714285715,,,0.0009878645944219,19212000,873.1521965438268,0.862556140507421
2022-01-28,CL,Chile,AMR,25792.0,2045874,47.0,39594,18478.85714285714,19.714285714285715,0.0010668563300142,Omicron,CHL,,17021501.22857143,12512944.371428572,16925274.85714286,46535661.0,243.25714285714287,88.88571428571429,65.48571428571428,88.82857142857142,,,0.0010668563300142,19212000,961.8393266113441,1.0261443740519318
2022-01-29,CL,Chile,AMR,29829.0,2075703,26.0,39620,20214.14285714286,20.857142857142858,0.0010318094120806,Omicron,CHL,,17030733.114285715,12561179.685714286,16937287.42857143,46607442.0,243.62857142857143,88.94285714285714,65.74285714285715,88.91428571428571,,,0.0010318094120806,19212000,1052.1623390143066,1.0856310044317539
2022-01-30,CL,Chile,AMR,31909.0,2107612,33.0,39653,22562.42857142857,22.285714285714285,0.0009877356161,Omicron,CHL,CHL,17039965.0,12609415.0,16949300.0,46679223.0,244.0,89.0,66.0,89.0,2020-12-21,2023-12-29,0.0009877356161,19212000,1174.3924927872458,1.1599892924065316
2022-01-31,CL,Chile,AMR,30131.0,2137743,31.0,39684,24621.42857142857,24.571428571428573,0.0009979692486219,Omicron,CHL,,17045958.82142857,12623382.142857144,16958802.25,46749909.17857143,244.3928571428572,89.03571428571429,66.07142857142857,89.03571428571429,,,0.0009979692486219,19212000,1281.565093245293,1.278962553166176
2022-02-01,CL,Chile,AMR,28241.0,2165984,37.0,39721,25970.571428571428,26.571428571428573,0.0010231360770982,Omicron,CHL,,17051952.64285714,12637349.285714284,16968304.5,46820595.35714286,244.78571428571428,89.07142857142857,66.14285714285714,89.07142857142857,,,0.0010231360770982,19212000,1351.789060408673,1.3830641563308648
2022-02-02,CL,Chile,AMR,24577.0,2190561,12.0,39733,27030.714285714286,27.142857142857142,0.0010041487197103,Omicron,CHL,,17057946.464285713,12651316.42857143,16977806.75,46891281.53571428,245.17857142857144,89.10714285714286,66.21428571428571,89.10714285714286,,,0.0010041487197103,19212000,1406.9703459147556,1.4128074715207757
2022-02-03,CL,Chile,AMR,30715.0,2221276,9.0,39742,28742.0,27.857142857142858,0.0009692137936518,Omicron,CHL,,17063940.285714287,12665283.57142857,16987309.0,46961967.71428572,245.57142857142856,89.14285714285714,66.28571428571429,89.14285714285714,,,0.0009692137936518,19212000,1496.0441390797419,1.4499866155081647
2022-02-04,CL,Chile,AMR,36729.0,2258005,82.0,39824,30304.42857142857,32.857142857142854,0.0010842356845534,Omicron,CHL,,17069934.10714286,12679250.714285716,16996811.25,47032653.89285714,245.9642857142857,89.17857142857143,66.35714285714286,89.17857142857143,,,0.0010842356845534,19212000,1577.369798637756,1.7102406234198861
2022-02-05,CL,Chile,AMR,38707.0,2296712,43.0,39867,31572.714285714286,35.285714285714285,0.0011176015456384,Omicron,CHL,,17075927.92857143,12693217.857142856,17006313.5,47103340.071428575,246.3571428571429,89.21428571428571,66.42857142857143,89.21428571428571,,,0.0011176015456384,19212000,1643.3850867017638,1.8366497129770083
2022-02-06,CL,Chile,AMR,38322.0,2335034,63.0,39930,32488.85714285714,39.57142857142857,0.0012180000175884,Omicron,CHL,,17081921.75,12707185.0,17015815.75,47174026.25,246.75,89.25,66.5,89.25,,,0.0012180000175884,19212000,1691.0710567799886,2.0597245769013415
2022-02-07,CL,Chile,AMR,36799.0,2371833,57.0,39987,33441.42857142857,43.285714285714285,0.0012943739587338,Omicron,CHL,,17087915.57142857,12721152.142857144,17025318.0,47244712.42857143,247.1428571428572,89.28571428571429,66.57142857142857,89.28571428571429,,,0.0012943739587338,19212000,1740.6531632015706,2.2530561256357635
2022-02-08,CL,Chile,AMR,33839.0,2405672,73.0,40060,34241.142857142855,48.42857142857143,0.0014143386402323,Omicron,CHL,,17093909.39285714,12735119.285714284,17034820.25,47315398.60714286,247.53571428571428,89.32142857142857,66.64285714285714,89.32142857142857,,,0.0014143386402323,19212000,1782.2789328098509,2.520745962344963
2022-02-09,CL,Chile,AMR,26173.0,2431845,27.0,40087,34469.142857142855,50.57142857142857,0.0014671507435221,Omicron,CHL,,17099903.214285713,12749086.42857143,17044322.5,47386084.78571428,247.92857142857144,89.35714285714286,66.71428571428571,89.35714285714286,,,0.0014671507435221,19212000,1794.1465155706253,2.6322833943071293
2022-02-10,CL,Chile,AMR,34253.0,2466098,24.0,40111,34974.57142857143,52.71428571428572,0.0015072174886243,Omicron,CHL,,17105897.035714287,12763053.57142857,17053824.75,47456770.96428572,248.32142857142856,89.39285714285714,66.78571428571429,89.39285714285714,,,0.0015072174886243,19212000,1820.4544778561017,2.7438208262692965
2022-02-11,CL,Chile,AMR,38070.0,2504168,162.0,40273,35166.142857142855,64.14285714285714,0.0018239946701982,Omicron,CHL,,17111890.85714286,12777020.714285716,17063327.0,47527457.14285714,248.7142857142857,89.42857142857143,66.85714285714286,89.42857142857143,,,0.0018239946701982,19212000,1830.4259242735193,3.338687130067517
2022-02-12,CL,Chile,AMR,41651.0,2545819,97.0,40370,35586.71428571428,71.85714285714286,0.0020192126275054,Omicron,CHL,,17117884.67857143,12790987.857142856,17072829.25,47598143.321428575,249.1071428571429,89.46428571428571,66.92857142857143,89.46428571428571,,,0.0020192126275054,19212000,1852.3170042532938,3.740221885131317
2022-02-13,CL,Chile,AMR,37115.0,2582934,94.0,40464,35414.28571428572,76.28571428571429,0.0021540943929003,Omicron,CHL,,17123878.5,12804955.0,17082331.5,47668829.5,249.5,89.5,67.0,89.5,,,0.0021540943929003,19212000,1843.3419588947386,3.970732577853128
2022-02-14,CL,Chile,AMR,38493.0,2621427,94.0,40558,35656.28571428572,81.57142857142857,0.0022877152495652,Omicron,CHL,,17129872.32142857,12818922.142857144,17091833.75,47739515.67857143,249.8928571428572,89.53571428571429,67.07142857142857,89.53571428571429,,,0.0022877152495652,19212000,1855.938252877666,4.245858243359805
2022-02-15,CL,Chile,AMR,31286.0,2652713,108.0,40666,35291.57142857143,86.57142857142857,0.0024530341117466,Omicron,CHL,,17135866.14285714,12832889.285714284,17101336.0,47810201.85714286,250.28571428571428,89.57142857142857,67.14285714285714,89.57142857142857,,,0.0024530341117466,19212000,1836.954581957705,4.506112251271527
2022-02-16,CL,Chile,AMR,24979.0,2677692,32.0,40698,35121.0,87.28571428571429,0.0024852855637856,Omicron,CHL,,17141859.964285713,12846856.42857143,17110838.25,47880888.03571428,250.67857142857144,89.60714285714286,67.21428571428571,89.60714285714286,,,0.0024852855637856,19212000,1828.0762023735165,4.543291395258915
2022-02-17,CL,Chile,AMR,32162.0,2709854,37.0,40735,34822.28571428572,89.14285714285714,0.0025599369861664,Omicron,CHL,,17147853.785714287,12860823.57142857,17120340.5,47951574.21428572,251.07142857142856,89.64285714285714,67.28571428571429,89.64285714285714,,,0.0025599369861664,19212000,1812.5278843579906,4.639957169626126
2022-02-18,CL,Chile,AMR,37698.0,2747552,201.0,40936,34769.142857142855,94.71428571428572,0.0027240903263977,Omicron,CHL,,17153847.60714286,12874790.714285716,17129842.75,48022260.39285714,251.4642857142857,89.67857142857143,67.35714285714286,89.67857142857143,,,0.0027240903263977,19212000,1809.7617560453289,4.929954492727759
2022-02-19,CL,Chile,AMR,35906.0,2783458,131.0,41067,33948.42857142857,99.57142857142856,0.0029330202534095,Omicron,CHL,,17159841.42857143,12888757.857142856,17139345.0,48092946.571428575,251.8571428571429,89.71428571428571,67.42857142857143,89.71428571428571,,,0.0029330202534095,19212000,1767.042919603819,5.182772671842002
2022-02-20,CL,Chile,AMR,35788.0,2819246,129.0,41196,33758.857142857145,104.57142857142856,0.0030975997833372,Omicron,CHL,,17165835.25,12902725.0,17148847.25,48163632.75,252.25,89.75,67.5,89.75,,,0.0030975997833372,19212000,1757.175574789566,5.443026679753725
2022-02-21,CL,Chile,AMR,32136.0,2851382,151.0,41347,32850.71428571428,112.71428571428572,0.0034311060859733,Omicron,CHL,,17171829.07142857,12916692.142857144,17158349.5,48234318.92857143,252.6428571428572,89.78571428571429,67.57142857142857,89.78571428571429,,,0.0034311060859733,19212000,1709.9060111239996,5.866868921209958
2022-02-22,CL,Chile,AMR,25073.0,2876455,144.0,41491,31963.14285714286,117.85714285714286,0.0036872826737939,Omicron,CHL,,17177822.89285714,12930659.285714284,17167851.75,48305005.10714286,253.03571428571428,89.82142857142857,67.64285714285714,89.82142857142857,,,0.0036872826737939,19212000,1663.7072068052705,6.134558757919158
2022-02-23,CL,Chile,AMR,19476.0,2895931,35.0,41526,31177.0,118.28571428571428,0.0037940056543514,Omicron,CHL,,17183816.714285713,12944626.42857143,17177354.0,48375691.28571428,253.42857142857144,89.85714285714286,67.71428571428571,89.85714285714286,,,0.0037940056543514,19212000,1622.7878409327504,6.1568662443115905
2022-02-24,CL,Chile,AMR,25200.0,2921131,45.0,41571,30182.42857142857,119.42857142857144,0.0039568907169261,Omicron,CHL,,17189810.535714287,12958593.57142857,17186856.25,48446377.46428572,253.82142857142856,89.89285714285714,67.78571428571429,89.89285714285714,,,0.0039568907169261,19212000,1571.01960084471,6.216352874691414
2022-02-25,CL,Chile,AMR,32764.0,2953895,224.0,41795,29477.571428571428,122.71428571428572,0.0041629713632156,Omicron,CHL,,17195804.35714286,12972560.714285716,17196358.5,48517063.64285714,254.2142857142857,89.92857142857143,67.85714285714286,89.92857142857143,,,0.0041629713632156,19212000,1534.331221557955,6.387376937033403
2022-02-26,CL,Chile,AMR,31978.0,2985873,124.0,41919,28916.42857142857,121.71428571428572,0.004209174221278,Omicron,CHL,,17201798.17857143,12986527.857142856,17205860.75,48587749.821428575,254.6071428571429,89.96428571428571,67.92857142857143,89.96428571428571,,,0.004209174221278,19212000,1505.123286041462,6.335326135451058
2022-02-27,CL,Chile,AMR,29757.0,3015630,151.0,42070,28054.85714285714,124.85714285714286,0.0044504643962848,Omicron,CHL,CHL,17207792.0,13000495.0,17215363.0,48658436.0,255.0,90.0,68.0,90.0,2020-12-21,2023-12-29,0.0044504643962848,19212000,1460.2778025638738,6.498914368995568
2022-02-28,CL,Chile,AMR,25770.0,3041400,130.0,42200,27145.42857142857,121.85714285714286,0.0044890484059404,Omicron,CHL,,17211028.285714287,13021259.357142856,17221144.17857143,48730170.17857143,255.3571428571429,90.0,68.10714285714286,90.03571428571429,,,0.0044890484059404,19212000,1412.94131643913,6.3427619642485356
2022-03-01,CL,Chile,AMR,19619.0,3061019,153.0,42353,26366.285714285717,123.14285714285714,0.0046704666132073,Omicron,CHL,,17214264.57142857,13042023.714285716,17226925.35714286,48801904.35714286,255.7142857142857,90.0,68.21428571428571,90.07142857142857,,,0.0046704666132073,19212000,1372.3863061776867,6.409684423425834
2022-03-02,CL,Chile,AMR,15272.0,3076291,28.0,42381,25765.714285714286,122.14285714285714,0.0047405189620758,Omicron,CHL,,17217500.85714286,13062788.07142857,17232706.535714287,48873638.53571428,256.07142857142856,90.0,68.32142857142857,90.10714285714286,,,0.0047405189620758,19212000,1341.12608191309,6.35763362184349
2022-03-03,CL,Chile,AMR,21819.0,3098110,30.0,42411,25282.714285714286,120.0,0.0047463258352685,Omicron,CHL,,17220737.14285714,13083552.42857143,17238487.714285713,48945372.71428572,256.42857142857144,90.0,68.42857142857143,90.14285714285714,,,0.0047463258352685,19212000,1315.9855447488176,6.246096189881324
2022-03-04,CL,Chile,AMR,24692.0,3122802,272.0,42683,24129.571428571428,126.85714285714286,0.0052573309572723,Omicron,CHL,,17223973.42857143,13104316.785714284,17244268.89285714,49017106.89285714,256.7857142857143,90.0,68.53571428571429,90.17857142857144,,,0.0052573309572723,19212000,1255.963534695577,6.603015972160257
2022-03-05,CL,Chile,AMR,24632.0,3147434,126.0,42809,23080.14285714286,127.14285714285714,0.0055087552070115,Omicron,CHL,,17227209.714285713,13125081.142857144,17250050.07142857,49088841.071428575,257.1428571428572,90.0,68.64285714285714,90.21428571428572,,,0.0055087552070115,19212000,1201.3399363493056,6.617887629755213
2022-03-06,CL,Chile,AMR,20901.0,3168335,146.0,42955,21815.0,126.42857142857144,0.0057954880324809,Omicron,CHL,,17230446.0,13145845.5,17255831.25,49160575.25,257.5,90.0,68.75,90.25,,,0.0057954880324809,19212000,1135.4882365188423,6.580708485767825
2022-03-07,CL,Chile,AMR,20113.0,3188448,122.0,43077,21006.85714285714,125.28571428571428,0.0059640389532669,Omicron,CHL,,17233682.285714287,13166609.857142856,17261612.42857143,49232309.42857143,257.85714285714283,90.0,68.85714285714286,90.28571428571428,,,0.0059640389532669,19212000,1093.4237530115106,6.521221855388001
2022-03-08,CL,Chile,AMR,14114.0,3202562,149.0,43226,20220.42857142857,124.71428571428572,0.0061677370127805,Omicron,CHL,,17236918.57142857,13187374.214285716,17267393.60714286,49304043.60714286,258.2142857142857,90.0,68.96428571428571,90.32142857142856,,,0.0061677370127805,19212000,1052.4895154813953,6.491478540198091
2022-03-09,CL,Chile,AMR,11764.0,3214326,34.0,43260,19719.285714285717,125.57142857142856,0.0063679501575687,Omicron,CHL,,17240154.85714286,13208138.57142857,17273174.785714287,49375777.78571428,258.57142857142856,90.0,69.07142857142857,90.35714285714286,,,0.0063679501575687,19212000,1026.4046280598438,6.536093512982957
2022-03-10,CL,Chile,AMR,16467.0,3230793,23.0,43283,18954.714285714286,124.57142857142856,0.0065720551992342,Omicron,CHL,,17243391.14285714,13228902.92857143,17278955.964285713,49447511.96428572,258.92857142857144,90.0,69.17857142857143,90.39285714285714,,,0.0065720551992342,19212000,986.6080723357426,6.484042711400612
2022-03-11,CL,Chile,AMR,19097.0,3249890,244.0,43527,18155.42857142857,120.57142857142856,0.0066410676066977,Omicron,CHL,,17246627.42857143,13249667.285714284,17284737.14285714,49519246.14285714,259.2857142857143,90.0,69.28571428571429,90.42857142857144,,,0.0066410676066977,19212000,945.0046102138543,6.275839505071234
2022-03-12,CL,Chile,AMR,19172.0,3269062,132.0,43659,17375.428571428572,121.42857142857144,0.0069885223797151,Omicron,CHL,,17249863.714285713,13270431.642857144,17290518.32142857,49590980.321428575,259.6428571428572,90.0,69.39285714285714,90.46428571428572,,,0.0069885223797151,19212000,904.4049849796259,6.320454477856103
2022-03-13,CL,Chile,AMR,17414.0,3286476,126.0,43785,16877.285714285714,118.57142857142856,0.0070255034238748,Omicron,CHL,,17253100.0,13291196.0,17296299.5,49662714.5,260.0,90.0,69.5,90.5,,,0.0070255034238748,19212000,878.4762499628208,6.171737901906545
2022-03-14,CL,Chile,AMR,15271.0,3301747,94.0,43879,16185.57142857143,114.57142857142856,0.0070786149921888,Omicron,CHL,,17256336.285714287,13311960.357142856,17302080.67857143,49734448.67857143,260.35714285714283,90.0,69.60714285714286,90.53571428571428,,,0.0070786149921888,19212000,842.4719669254335,5.963534695577168
2022-03-15,CL,Chile,AMR,11495.0,3313242,126.0,44005,15811.42857142857,111.28571428571428,0.0070383086375135,Omicron,CHL,,17259572.57142857,13332724.714285716,17307861.85714286,49806182.85714286,260.7142857142857,90.0,69.71428571428571,90.57142857142856,,,0.0070383086375135,19212000,822.9975313048392,5.79251063323518
2022-03-16,CL,Chile,AMR,10082.0,3323324,34.0,44039,15571.142857142857,111.28571428571428,0.0071469201269748,Omicron,CHL,,17262808.85714286,13353489.07142857,17313643.035714287,49877917.03571428,261.07142857142856,90.0,69.82142857142857,90.60714285714286,,,0.0071469201269748,19212000,810.4904672674817,5.79251063323518
2022-03-17,CL,Chile,AMR,13290.0,3336614,23.0,44062,15117.285714285714,111.28571428571428,0.0073614877954281,Omicron,CHL,,17266045.14285714,13374253.42857143,17319424.214285713,49949651.21428572,261.42857142857144,90.0,69.92857142857143,90.64285714285714,,,0.0073614877954281,19212000,786.8668391778947,5.79251063323518
2022-03-18,CL,Chile,AMR,16645.0,3353259,184.0,44246,14767.0,102.71428571428572,0.0069556636902746,Omicron,CHL,,17269281.42857143,13395017.785714284,17325205.39285714,50021385.39285714,261.7857142857143,90.0,70.03571428571429,90.67857142857144,,,0.0069556636902746,19212000,768.6341869664793,5.346360905386515
2022-03-19,CL,Chile,AMR,15445.0,3368704,93.0,44339,14234.57142857143,97.14285714285714,0.0068244314646434,Omicron,CHL,,17272517.714285713,13415782.142857144,17330986.57142857,50093119.571428575,262.1428571428572,90.0,70.14285714285714,90.71428571428572,,,0.0068244314646434,19212000,740.9208530382797,5.056363582284882
2022-03-20,CL,Chile,AMR,12977.0,3381681,101.0,44440,13600.714285714286,93.57142857142856,0.0068798907620398,Omicron,CHL,,17275754.0,13436546.5,17336767.75,50164853.75,262.5,90.0,70.25,90.75,,,0.0068798907620398,19212000,707.9280806638708,4.870467862347937
2022-03-21,CL,Chile,AMR,11297.0,3392978,78.0,44518,13033.0,91.28571428571428,0.007004198134406,Omicron,CHL,,17278990.285714287,13457310.857142856,17342548.92857143,50236587.92857143,262.85714285714283,90.0,70.35714285714286,90.78571428571428,,,0.007004198134406,19212000,678.3780970226941,4.751494601588293
2022-03-22,CL,Chile,AMR,8167.0,3401145,,55965,12557.57142857143,85.5,0.0068086413432988,Omicron,CHL,,17282226.57142857,13478075.214285716,17348330.10714286,50308322.10714286,263.2142857142857,90.0,70.46428571428571,90.82142857142856,,,0.0068086413432988,19212000,653.6316587846882,4.450343535290444
2022-03-23,CL,Chile,AMR,5395.0,3406540,11.0,55976,11888.0,81.66666666666667,0.0068696724988784,Omicron,CHL,,17285462.85714286,13498839.57142857,17354111.285714287,50380056.28571428,263.57142857142856,90.0,70.57142857142857,90.85714285714286,,,0.0068696724988784,19212000,618.7799292109099,4.250815462558124
2022-03-24,CL,Chile,AMR,9449.0,3415989,16.0,55992,11339.285714285714,80.5,0.0070992125984251,Omicron,CHL,,17288699.14285714,13519603.92857143,17359892.464285713,50451790.46428572,263.92857142857144,90.0,70.67857142857143,90.89285714285714,,,0.0070992125984251,19212000,590.2189107997978,4.1900895273787215
2022-03-25,CL,Chile,AMR,10158.0,3426147,155.0,56147,10412.57142857143,75.66666666666667,0.0072668569128891,Omicron,CHL,,17291935.42857143,13540368.285714284,17365673.64285714,50523524.64285714,264.2857142857143,90.0,70.78571428571429,90.92857142857144,,,0.0072668569128891,19212000,541.9826893905595,3.938510653064058
2022-03-26,CL,Chile,AMR,8761.0,3434908,75.0,56222,9457.714285714286,72.66666666666667,0.0076833222564598,Omicron,CHL,,17295171.714285713,13561132.642857144,17371454.82142857,50595258.821428575,264.6428571428572,90.0,70.89285714285714,90.96428571428572,,,0.0076833222564598,19212000,492.28160970821807,3.782358248317024
2022-03-27,CL,Chile,AMR,8110.0,3443018,76.0,56298,8762.42857142857,68.5,0.007817467434012,Omicron,CHL,CHL,17298408.0,13581897.0,17377236.0,50666993.0,265.0,90.0,71.0,91.0,2020-12-21,2023-12-29,0.007817467434012,19212000,456.0914309508937,3.5654799083905893
2022-03-28,CL,Chile,AMR,7076.0,3450094,83.0,56381,8159.428571428572,69.33333333333333,0.0084973270770595,Omicron,CHL,,17299862.5,13595811.035714284,17380087.92857143,50737747.14285714,265.35714285714283,90.03571428571429,71.07142857142857,91.0,,,0.0084973270770595,19212000,424.70479759674015,3.608855576375876
2022-03-29,CL,Chile,AMR,4966.0,3455060,65.0,56446,7702.142857142857,68.71428571428571,0.0089214504312343,Omicron,CHL,,17301317.0,13609725.07142857,17382939.85714286,50808501.28571428,265.7142857142857,90.07142857142857,71.14285714285714,91.0,,,0.0089214504312343,19212000,400.9027096160138,3.576633651586805
2022-03-30,CL,Chile,AMR,3439.0,3458499,18.0,56464,7422.714285714285,69.71428571428571,0.0093920206316518,Omicron,CHL,,17302771.5,13623639.107142856,17385791.785714287,50879255.42857143,266.07142857142856,90.10714285714286,71.21428571428571,91.0,,,0.0093920206316518,19212000,386.35822848814723,3.62868445316915
2022-03-31,CL,Chile,AMR,5926.0,3464425,3.0,56467,6919.428571428572,67.85714285714286,0.0098067553059707,Omicron,CHL,,17304226.0,13637553.142857144,17388643.714285713,50950009.571428575,266.42857142857144,90.14285714285714,71.28571428571429,91.0,,,0.0098067553059707,19212000,360.16180363463315,3.5320186788019394
2022-04-01,CL,Chile,AMR,6511.0,3470936,113.0,56580,6398.428571428572,61.85714285714285,0.0096675523007881,Omicron,CHL,,17305680.5,13651467.17857143,17391495.64285714,51020763.71428572,266.7857142857143,90.17857142857144,71.35714285714286,91.0,,,0.0096675523007881,19212000,333.0433360102317,3.2197138693078724
2022-04-02,CL,Chile,AMR,5978.0,3476914,57.0,56637,6000.857142857143,59.285714285714285,0.0098795410179498,Omicron,CHL,,17307135.0,13665381.214285716,17394347.57142857,51091517.85714286,267.1428571428572,90.21428571428572,71.42857142857143,91.0,,,0.0098795410179498,19212000,312.34942446685113,3.085868950953273
2022-04-03,CL,Chile,AMR,5261.0,3482175,52.0,56689,5593.857142857143,55.85714285714285,0.0099854432157724,Omicron,CHL,,17308589.5,13679295.25,17397199.5,51162272.0,267.5,90.25,71.5,91.0,,,0.0099854432157724,19212000,291.1647482228369,2.9074090598138063
2022-04-04,CL,Chile,AMR,4478.0,3486653,61.0,56750,5222.714285714285,52.71428571428572,0.0100932738860472,Omicron,CHL,,17310044.0,13693209.285714284,17400051.42857143,51233026.14285714,267.85714285714283,90.28571428571428,71.57142857142857,91.0,,,0.0100932738860472,19212000,271.8464650069896,2.7438208262692965
2022-04-05,CL,Chile,AMR,3260.0,3489913,48.0,56798,4979.0,50.285714285714285,0.0100995610133991,Omicron,CHL,,17311498.5,13707123.32142857,17402903.35714286,51303780.28571428,268.2142857142857,90.32142857142856,71.64285714285714,91.0,,,0.0100995610133991,19212000,259.1609410784926,2.6174117367121736
2022-04-06,CL,Chile,AMR,2049.0,3491962,11.0,56809,4780.428571428572,49.285714285714285,0.0103098945103547,Omicron,CHL,,17312953.0,13721037.357142856,17405755.285714287,51374534.42857143,268.57142857142856,90.35714285714286,71.71428571428571,91.0,,,0.0103098945103547,19212000,248.8251390499985,2.5653609351298297
2022-04-07,CL,Chile,AMR,3927.0,3495889,13.0,56822,4494.857142857143,50.71428571428572,0.0112827358250699,Omicron,CHL,,17314407.5,13734951.392857144,17408607.214285713,51445288.571428575,268.92857142857144,90.39285714285714,71.78571428571429,91.0,,,0.0112827358250699,19212000,233.96091728384047,2.6397192231046076
2022-04-08,CL,Chile,AMR,4781.0,3500670,90.0,56912,4247.714285714285,47.42857142857143,0.0111656689311898,Omicron,CHL,,17315862.0,13748865.42857143,17411459.14285714,51516042.71428572,269.2857142857143,90.42857142857144,71.85714285714286,91.0,,,0.0111656689311898,19212000,221.09693346420391,2.468695160762619
2022-04-09,CL,Chile,AMR,4113.0,3504783,43.0,56955,3981.285714285714,45.42857142857143,0.0114105278266173,Omicron,CHL,,17317316.5,13762779.464285716,17414311.07142857,51586796.85714286,269.6428571428572,90.46428571428572,71.92857142857143,91.0,,,0.0114105278266173,19212000,207.22911275690788,2.3645935575979298
2022-04-10,CL,Chile,AMR,3773.0,3508556,42.0,56997,3768.714285714286,44.0,0.0116750691785754,Omicron,CHL,,17318771.0,13776693.5,17417163.0,51657551.0,270.0,90.5,72.0,91.0,,,0.0116750691785754,19212000,196.16459950626097,2.290235269623152
2022-04-11,CL,Chile,AMR,3464.0,3512020,44.0,57041,3623.857142857143,41.57142857142857,0.0114715969566759,Omicron,CHL,,17320225.5,13790607.535714284,17420014.92857143,51728305.14285714,270.35714285714283,90.53571428571428,72.07142857142857,91.0,,,0.0114715969566759,19212000,188.62466910561852,2.16382618006603
2022-04-12,CL,Chile,AMR,2271.0,3514291,40.0,57081,3482.5714285714284,40.42857142857143,0.011608827631471,Omicron,CHL,,17321680.0,13804521.57142857,17422866.85714286,51799059.28571428,270.7142857142857,90.57142857142856,72.14285714285714,91.0,,,0.011608827631471,19212000,181.270634424913,2.104339549686208
2022-04-13,CL,Chile,AMR,1587.0,3515878,13.0,57094,3416.5714285714284,40.71428571428572,0.0119167084796788,Omicron,CHL,,17323134.5,13818435.607142856,17425718.785714287,51869813.42857143,271.07142857142856,90.60714285714286,72.21428571428571,91.0,,,0.0119167084796788,19212000,177.83528152047825,2.119211207281164
2022-04-14,CL,Chile,AMR,2922.0,3518800,4.0,57098,3273.0,39.42857142857143,0.0120466151630221,Omicron,CHL,,17324589.0,13832349.642857144,17428570.714285713,51940567.571428575,271.42857142857144,90.64285714285714,72.28571428571429,91.0,,,0.0120466151630221,19212000,170.3622735790131,2.0522887481038636
2022-04-15,CL,Chile,AMR,3622.0,3522422,69.0,57167,3107.428571428572,36.42857142857143,0.0117230599485104,Omicron,CHL,,17326043.5,13846263.67857143,17431422.64285714,52011321.71428572,271.7857142857143,90.67857142857144,72.35714285714286,91.0,,,0.0117230599485104,19212000,161.7441480027364,1.8961363433568306
2022-04-16,CL,Chile,AMR,3423.0,3525845,38.0,57205,3008.8571428571427,35.714285714285715,0.0118697179755009,Omicron,CHL,,17327498.0,13860177.714285716,17434274.57142857,52082075.85714286,272.1428571428572,90.71428571428572,72.42857142857143,91.0,,,0.0118697179755009,19212000,156.61342613247672,1.8589571993694418
2022-04-17,CL,Chile,AMR,2781.0,3528626,26.0,57231,2867.1428571428573,33.42857142857143,0.0116591928251121,Omicron,CHL,,17328952.5,13874091.75,17437126.5,52152830.0,272.5,90.75,72.5,91.0,,,0.0116591928251121,19212000,149.2370839653788,1.7399839386097975
2022-04-18,CL,Chile,AMR,1632.0,3530258,32.0,57263,2605.428571428572,31.714285714285715,0.0121723873231714,Omicron,CHL,,17330407.0,13888005.785714284,17439978.42857143,52223584.14285714,272.85714285714283,90.78571428571428,72.57142857142857,91.0,,,0.0121723873231714,19212000,135.61464560839954,1.6507539930400643
2022-04-19,CL,Chile,AMR,1271.0,3531529,7.0,57270,2462.5714285714284,27.0,0.0109641489731987,Omicron,CHL,,17331861.5,13901919.82142857,17442830.35714286,52294338.28571428,273.2142857142857,90.82142857142856,72.64285714285714,91.0,,,0.0109641489731987,19212000,128.17881681092175,1.4053716427232978
2022-04-20,CL,Chile,AMR,1120.0,3532649,5.0,57275,2395.8571428571427,25.857142857142858,0.0107924393297954,Omicron,CHL,,17333316.0,13915833.857142856,17445682.285714287,52365092.42857143,273.57142857142856,90.85714285714286,72.71428571428571,91.0,,,0.0107924393297954,19212000,124.7062847624996,1.3458850123434758
2022-04-21,CL,Chile,AMR,2885.0,3535534,8.0,57283,2390.5714285714284,26.428571428571427,0.0110553364407792,Omicron,CHL,,17334770.5,13929747.892857144,17448534.214285713,52435846.571428575,273.92857142857144,90.89285714285714,72.78571428571429,91.0,,,0.0110553364407792,19212000,124.43115909699294,1.3756283275333867
2022-04-22,CL,Chile,AMR,3309.0,3538843,42.0,57325,2345.8571428571427,22.571428571428573,0.0096218257109798,Omicron,CHL,,17336225.0,13943661.92857143,17451386.14285714,52506600.71428572,274.2857142857143,90.92857142857144,72.85714285714286,91.0,,,0.0096218257109798,19212000,122.1037446833824,1.174860950001487
2022-04-23,CL,Chile,AMR,2949.0,3541792,26.0,57351,2278.1428571428573,20.857142857142858,0.0091553270207562,Omicron,CHL,,17337679.5,13957575.964285716,17454238.07142857,52577354.85714286,274.6428571428572,90.96428571428572,72.92857142857143,91.0,,,0.0091553270207562,19212000,118.57916183337797,1.0856310044317539
2022-04-24,CL,Chile,AMR,2671.0,3544463,24.0,57375,2262.428571428572,20.571428571428573,0.0090926311801477,Omicron,CHL,CHL,17339134.0,13971490.0,17457090.0,52648109.0,275.0,91.0,73.0,91.0,2020-12-21,2023-12-29,0.0090926311801477,19212000,117.76122066565543,1.0707593468367986
2022-04-25,CL,Chile,AMR,2030.0,3546493,,57375,2319.285714285714,18.666666666666668,0.0080484549840878,Omicron,CHL,,17340487.37142857,13987955.17142857,17458964.057142857,52757874.62857143,275.6,91.0,73.08571428571429,91.02857142857142,,,0.0080484549840878,19212000,120.72068052705154,0.9716149628704283
2022-04-26,CL,Chile,AMR,1484.0,3547977,1.0,57376,2349.714285714286,17.666666666666668,0.00751864461738,Omicron,CHL,,17341840.742857143,14004420.342857145,17460838.114285715,52867640.25714286,276.2,91.0,73.17142857142858,91.05714285714286,,,0.00751864461738,19212000,122.30451206091432,0.9195641612880839
2022-04-27,CL,Chile,AMR,1350.0,3549327,11.0,57387,2382.5714285714284,18.666666666666668,0.0078346724227525,Omicron,CHL,,17343194.114285715,14020885.514285712,17462712.171428572,52977405.885714285,276.8,91.0,73.25714285714285,91.08571428571427,,,0.0078346724227525,19212000,124.0147526843342,0.9716149628704283
2022-04-28,CL,Chile,AMR,2056.0,3551383,81.0,57468,2264.1428571428573,30.83333333333333,0.0136181041916419,Omicron,CHL,,17344547.485714287,14037350.685714286,17464586.22857143,53087171.51428571,277.4,91.0,73.34285714285714,91.11428571428571,,,0.0136181041916419,19212000,117.85045061122514,1.6048997154556177
2022-04-29,CL,Chile,AMR,2573.0,3553956,27.0,57495,2159.0,28.33333333333333,0.0131233595800524,Omicron,CHL,,17345900.85714286,14053815.857142856,17466460.285714287,53196937.14285714,278.0,91.0,73.42857142857143,91.14285714285714,,,0.0131233595800524,19212000,112.37768061628148,1.4747727114997569
2022-04-30,CL,Chile,AMR,2377.0,3556333,14.0,57509,2077.285714285714,26.33333333333333,0.0126767989363409,Omicron,CHL,,17347254.22857143,14070281.028571429,17468334.34285714,53306702.77142857,278.6,91.0,73.51428571428572,91.17142857142858,,,0.0126767989363409,19212000,108.1243865441242,1.370671108335068
2022-05-01,CL,Chile,AMR,2298.0,3558631,18.0,57527,2024.0,25.33333333333333,0.0125164690382081,Omicron,CHL,,17348607.6,14086746.2,17470208.4,53416468.4,279.2,91.0,73.6,91.2,,,0.0125164690382081,19212000,105.350822402665,1.3186203067527238
2022-05-02,CL,Chile,AMR,2385.0,3561016,12.0,57539,2074.714285714286,23.428571428571427,0.0112924326929697,Omicron,CHL,,17349960.971428573,14103211.371428572,17472082.457142856,53526234.02857143,279.8,91.0,73.68571428571428,91.22857142857144,,,0.0112924326929697,19212000,107.99054162576961,1.2194759227863536
2022-05-03,CL,Chile,AMR,1505.0,3562521,2.0,57541,2077.714285714286,23.571428571428573,0.0113448844884488,Omicron,CHL,,17351314.34285714,14119676.542857142,17473956.514285713,53635999.657142855,280.4,91.0,73.77142857142857,91.25714285714284,,,0.0113448844884488,19212000,108.14669403051664,1.2269117515838317
2022-05-04,CL,Chile,AMR,1129.0,3563650,3.0,57544,2046.142857142857,22.428571428571427,0.01096139077009,Omicron,CHL,,17352667.714285713,14136141.714285716,17475830.57142857,53745765.28571428,281.0,91.0,73.85714285714286,91.28571428571428,,,0.01096139077009,19212000,106.50337586627406,1.1674251212040094
2022-05-05,CL,Chile,AMR,2533.0,3566183,36.0,57580,2114.285714285714,16.0,0.0075675675675675,Omicron,CHL,,17354021.085714284,14152606.885714283,17477704.62857143,53855530.91428571,281.6,91.0,73.94285714285714,91.31428571428572,,,0.0075675675675675,19212000,110.05026620267094,0.8328128253175099
2022-05-06,CL,Chile,AMR,3309.0,3569492,17.0,57597,2219.428571428572,14.571428571428571,0.0065653964984552,Omicron,CHL,,17355374.457142856,14169072.057142856,17479578.685714286,53965296.54285714,282.2,91.0,74.02857142857142,91.34285714285714,,,0.0065653964984552,19212000,115.52303619761462,0.7584545373427323
2022-05-07,CL,Chile,AMR,3325.0,3572817,17.0,57614,2354.8571428571427,15.0,0.0063698131521475,Omicron,CHL,,17356727.828571428,14185537.228571428,17481452.742857143,54075062.17142857,282.8,91.0,74.11428571428571,91.37142857142857,,,0.0063698131521475,19212000,122.5722018976235,0.7807620237351655
2022-05-08,CL,Chile,AMR,3322.0,3576139,15.0,57629,2501.1428571428573,14.571428571428571,0.0058259081562714,Omicron,CHL,,17358081.2,14202002.4,17483326.8,54184827.8,283.4,91.0,74.2,91.4,,,0.0058259081562714,19212000,130.18649058624075,0.7584545373427323
2022-05-09,CL,Chile,AMR,3210.0,3579349,8.0,57637,2619.0,14.0,0.0053455517373043,Omicron,CHL,,17359434.57142857,14218467.57142857,17485200.85714286,54294593.42857143,284.0,91.0,74.28571428571429,91.42857142857144,,,0.0053455517373043,19212000,136.3210493441599,0.7287112221528211
2022-05-10,CL,Chile,AMR,2025.0,3581374,2.0,57639,2693.285714285714,14.0,0.0051981117063597,Omicron,CHL,,17360787.942857143,14234932.742857143,17487074.914285716,54404359.05714285,284.6,91.0,74.37142857142857,91.45714285714286,,,0.0051981117063597,19212000,140.18768031884832,0.7287112221528211
2022-05-11,CL,Chile,AMR,1853.0,3583227,3.0,57642,2796.714285714286,14.0,0.0050058742401798,Omicron,CHL,,17362141.314285714,14251397.914285714,17488948.971428573,54514124.68571429,285.2,91.0,74.45714285714286,91.48571428571428,,,0.0050058742401798,19212000,145.57122036822224,0.7287112221528211
2022-05-12,CL,Chile,AMR,3295.0,3586522,25.0,57667,2905.5714285714284,12.428571428571429,0.0042774964354196,Omicron,CHL,,17363494.685714286,14267863.085714286,17490823.028571427,54623890.31428572,285.8,91.0,74.54285714285714,91.51428571428572,,,0.0042774964354196,19212000,151.2373219119003,0.6469171053805658
2022-05-13,CL,Chile,AMR,4575.0,3591097,13.0,57680,3086.428571428572,11.857142857142858,0.0038417033094191,Omicron,CHL,,17364848.057142857,14284328.257142857,17492697.085714284,54733655.942857146,286.4,91.0,74.62857142857143,91.54285714285714,,,0.0038417033094191,19212000,160.6510811695072,0.6171737901906548
2022-05-14,CL,Chile,AMR,4871.0,3595968,17.0,57697,3307.285714285714,11.857142857142858,0.0035851583084963,Omicron,CHL,,17366201.42857143,14300793.42857143,17494571.14285714,54843421.571428575,287.0,91.0,74.71428571428571,91.57142857142856,,,0.0035851583084963,19212000,172.1468724904078,0.6171737901906548
2022-05-15,CL,Chile,AMR,4928.0,3600896,17.0,57714,3536.714285714286,12.142857142857142,0.003433372379529,Omicron,CHL,,17367554.8,14317258.6,17496445.2,54953187.2,287.6,91.0,74.8,91.6,,,0.003433372379529,19212000,184.0888135391571,0.6320454477856102
2022-05-16,CL,Chile,AMR,4626.0,3605522,8.0,57722,3739.0,12.142857142857142,0.0032476215947732,Omicron,CHL,,17368908.171428572,14333723.771428572,17498319.257142857,55062952.82857143,288.2,91.0,74.88571428571429,91.62857142857143,,,0.0032476215947732,19212000,194.6179471163856,0.6320454477856102
2022-05-17,CL,Chile,AMR,3816.0,3609338,3.0,57725,3994.857142857143,12.285714285714286,0.0030753826348161,Omicron,CHL,,17370261.542857144,14350188.942857144,17500193.314285714,55172718.45714286,288.8,91.0,74.97142857142858,91.65714285714286,,,0.0030753826348161,19212000,207.93551649266828,0.639481276583088
2022-05-18,CL,Chile,AMR,2475.0,3611813,8.0,57733,4083.714285714286,13.0,0.0031833764779962,Omicron,CHL,,17371614.914285716,14366654.114285717,17502067.37142857,55282484.08571429,289.4,91.0,75.05714285714285,91.68571428571428,,,0.0031833764779962,19212000,212.56060200469943,0.6766604205704768
2022-05-19,CL,Chile,AMR,5137.0,3616950,21.0,57754,4346.857142857143,12.428571428571429,0.0028592086236361,Omicron,CHL,,17372968.285714287,14383119.285714284,17503941.42857143,55392249.71428572,290.0,91.0,75.14285714285714,91.71428571428572,,,0.0028592086236361,19212000,226.2573986496535,0.6469171053805658
2022-05-20,CL,Chile,AMR,6939.0,3623889,13.0,57767,4684.571428571428,12.428571428571429,0.0026530861185655,Omicron,CHL,,17374321.65714286,14399584.457142858,17505815.485714287,55502015.342857145,290.6,91.0,75.22857142857143,91.74285714285716,,,0.0026530861185655,19212000,243.83569792689093,0.6469171053805658
2022-05-21,CL,Chile,AMR,6852.0,3630741,15.0,57782,4967.571428571428,12.142857142857142,0.0024444252724815,Omicron,CHL,,17375675.028571427,14416049.628571428,17507689.542857144,55611780.97142857,291.2,91.0,75.31428571428572,91.77142857142856,,,0.0024444252724815,19212000,258.56607477469436,0.6320454477856102
2022-05-22,CL,Chile,AMR,6252.0,3636993,12.0,57794,5156.714285714285,11.428571428571429,0.0022162506579494,Omicron,CHL,,17377028.4,14432514.8,17509563.6,55721546.6,291.8,91.0,75.4,91.8,,,0.0022162506579494,19212000,268.4111121025549,0.5948663037982214
2022-05-23,CL,Chile,AMR,6143.0,3643136,8.0,57802,5373.428571428572,11.428571428571429,0.0021268676556601,Omicron,CHL,,17378381.77142857,14448979.971428571,17511437.65714286,55831312.22857143,292.4,91.0,75.48571428571428,91.82857142857142,,,0.0021268676556601,19212000,279.6912643883287,0.5948663037982214
2022-05-24,CL,Chile,AMR,4225.0,3647361,8.0,57810,5431.857142857143,12.142857142857142,0.0022354890461036,Omicron,CHL,,17379735.14285714,14465445.142857144,17513311.714285713,55941077.85714286,293.0,91.0,75.57142857142857,91.85714285714286,,,0.0022354890461036,19212000,282.7325183664971,0.6320454477856102
2022-05-25,CL,Chile,AMR,3715.0,3651076,3.0,57813,5609.0,11.428571428571429,0.0020375417059317,Omicron,CHL,,17381088.514285713,14481910.314285714,17515185.77142857,56050843.48571429,293.6,91.0,75.65714285714286,91.88571428571429,,,0.0020375417059317,19212000,291.9529460753696,0.5948663037982214
2022-05-26,CL,Chile,AMR,6112.0,3657188,22.0,57835,5748.285714285715,11.571428571428571,0.0020130225160296,Omicron,CHL,,17382441.885714285,14498375.485714288,17517059.828571428,56160609.11428572,294.2,91.0,75.74285714285715,91.91428571428573,,,0.0020130225160296,19212000,299.2028791529104,0.6023021325956992
2022-05-27,CL,Chile,AMR,8674.0,3665862,16.0,57851,5996.142857142857,12.0,0.002001286541348,Omicron,CHL,,17383795.257142857,14514840.657142855,17518933.885714285,56270374.74285714,294.8,91.0,75.82857142857142,91.94285714285714,,,0.002001286541348,19212000,312.1040421165343,0.6246096189881324
2022-05-28,CL,Chile,AMR,9223.0,3675085,16.0,57867,6334.857142857143,12.142857142857142,0.0019168320404113,Omicron,CHL,,17385148.62857143,14531305.82857143,17520807.942857143,56380140.37142857,295.4,91.0,75.91428571428571,91.97142857142858,,,0.0019168320404113,19212000,329.7343921953541,0.6320454477856102
2022-05-29,CL,Chile,AMR,9500.0,3684585,10.0,57877,6798.857142857143,11.857142857142858,0.0017439905866532,Omicron,CHL,CHL,17386502.0,14547771.0,17522682.0,56489906.0,296.0,91.0,76.0,92.0,2020-12-21,2023-12-29,0.0017439905866532,19212000,353.8859641295619,0.6171737901906548
2022-05-30,CL,Chile,AMR,8656.0,3693241,,57877,7157.857142857143,12.5,0.0017463327013272,Omicron,CHL,,17387732.464285713,14564010.964285716,17524378.60714286,56585745.03571428,296.5,91.0,76.07142857142857,92.0,,,0.0017463327013272,19212000,372.57220189762353,0.6506350197793046
2022-05-31,CL,Chile,AMR,5426.0,3698667,10.0,57887,7329.428571428572,12.833333333333334,0.001750932314609,Omicron,CHL,,17388962.92857143,14580250.92857143,17526075.214285713,56681584.071428575,297.0,91.0,76.14285714285714,92.0,,,0.001750932314609,19212000,381.5026322833943,0.6679852869734194
2022-06-01,CL,Chile,AMR,4274.0,3702941,5.0,57892,7409.285714285715,13.166666666666666,0.0017770493910472,Omicron,CHL,,17390193.39285714,14596490.892857144,17527771.82142857,56777423.10714286,297.5,91.0,76.21428571428571,92.0,,,0.0017770493910472,19212000,385.6592605811844,0.6853355541675341
2022-06-02,CL,Chile,AMR,7580.0,3710521,5.0,57897,7619.0,10.333333333333334,0.0013562584766154,Omicron,CHL,,17391423.85714286,14612730.857142856,17529468.42857143,56873262.14285714,298.0,91.0,76.28571428571429,92.0,,,0.0013562584766154,19212000,396.57505725588175,0.5378582830175586
2022-06-03,CL,Chile,AMR,9813.0,3720334,23.0,57920,7781.714285714285,11.5,0.0014778234689381,Omicron,CHL,,17392654.32142857,14628970.82142857,17531165.035714287,56969101.17857143,298.5,91.0,76.35714285714286,92.0,,,0.0014778234689381,19212000,405.0444662562089,0.5985842181969603
2022-06-04,CL,Chile,AMR,9572.0,3729906,12.0,57932,7831.571428571428,10.833333333333334,0.0013832898585092,Omicron,CHL,,17393884.785714287,14645210.785714284,17532861.64285714,57064940.21428572,299.0,91.0,76.42857142857143,92.0,,,0.0013832898585092,19212000,407.6395705065286,0.5638836838087307
2022-06-05,CL,Chile,AMR,9890.0,3739796,23.0,57955,7887.285714285715,13.0,0.0016482222745467,Omicron,CHL,,17395115.25,14661450.75,17534558.25,57160779.25,299.5,91.0,76.5,92.0,,,0.0016482222745467,19212000,410.53954373754505,0.6766604205704768
2022-06-06,CL,Chile,AMR,8823.0,3748619,18.0,57973,7911.142857142857,13.714285714285714,0.0017335403951027,Omicron,CHL,,17396345.714285713,14677690.714285716,17536254.85714286,57256618.28571428,300.0,91.0,76.57142857142857,92.0,,,0.0017335403951027,19212000,411.78132714672375,0.7138395645578656
2022-06-07,CL,Chile,AMR,7601.0,3756220,18.0,57991,8221.857142857143,14.857142857142858,0.0018070300418744,Omicron,CHL,,17397576.17857143,14693930.67857143,17537951.464285713,57352457.321428575,300.5,91.0,76.64285714285714,92.0,,,0.0018070300418744,19212000,427.9542547812379,0.7733261949376878
2022-06-08,CL,Chile,AMR,4671.0,3760891,6.0,57997,8278.57142857143,15.0,0.0018119068162208,Omicron,CHL,,17398806.64285714,14710170.642857144,17539648.07142857,57448296.35714286,301.0,91.0,76.71428571428571,92.0,,,0.0018119068162208,19212000,430.90627881383665,0.7807620237351655
2022-06-09,CL,Chile,AMR,10618.0,3771509,8.0,58005,8712.57142857143,15.428571428571429,0.0017708401652784,Omicron,CHL,,17400037.10714286,14726410.607142856,17541344.67857143,57544135.39285714,301.5,91.0,76.78571428571429,92.0,,,0.0017708401652784,19212000,453.4963267005741,0.8030695101275989
2022-06-10,CL,Chile,AMR,12436.0,3783945,31.0,58036,9087.285714285714,16.571428571428573,0.0018235839713257,Omicron,CHL,,17401267.57142857,14742650.57142857,17543041.285714287,57639974.42857143,302.0,91.0,76.85714285714286,92.0,,,0.0018235839713257,19212000,473.0005056363582,0.862556140507421
2022-06-11,CL,Chile,AMR,12964.0,3796909,18.0,58054,9571.857142857143,17.428571428571427,0.0018208139934032,Omicron,CHL,,17402498.035714287,14758890.535714284,17544737.89285714,57735813.46428572,302.5,91.0,76.92857142857143,92.0,,,0.0018208139934032,19212000,498.2228369174029,0.9071711132922875
2022-06-12,CL,Chile,AMR,12061.0,3808970,22.0,58076,9882.0,17.285714285714285,0.0017492121317257,Omicron,CHL,,17403728.5,14775130.5,17546434.5,57831652.5,303.0,91.0,77.0,92.0,,,0.0017492121317257,19212000,514.3660212367271,0.8997352844948098
2022-06-13,CL,Chile,AMR,11039.0,3820009,19.0,58095,10198.57142857143,17.428571428571427,0.0017089228183218,Omicron,CHL,,17404958.964285713,14791370.464285716,17548131.10714286,57927491.53571428,303.5,91.0,77.07142857142857,92.0,,,0.0017089228183218,19212000,530.8438178519377,0.9071711132922875
2022-06-14,CL,Chile,AMR,9110.0,3829119,14.0,58109,10414.142857142857,16.857142857142858,0.0016186778968161,Omicron,CHL,,17406189.42857143,14807610.42857143,17549827.714285713,58023330.571428575,304.0,91.0,77.14285714285714,92.0,,,0.0016186778968161,19212000,542.0644835073317,0.8774277981023765
2022-06-15,CL,Chile,AMR,4901.0,3834020,10.0,58119,10447.0,17.428571428571427,0.0016682848117709,Omicron,CHL,,17407419.89285714,14823850.392857144,17551524.32142857,58119169.60714286,304.5,91.0,77.21428571428571,92.0,,,0.0016682848117709,19212000,543.7747241307516,0.9071711132922875
2022-06-16,CL,Chile,AMR,10648.0,3844668,16.0,58135,10451.285714285714,18.571428571428573,0.0017769515712352,Omicron,CHL,,17408650.35714286,14840090.357142856,17553220.92857143,58215008.64285714,305.0,91.0,77.28571428571429,92.0,,,0.0017769515712352,19212000,543.9977989946759,0.9666577436721098
2022-06-17,CL,Chile,AMR,12975.0,3857643,36.0,58171,10528.285714285714,19.285714285714285,0.001831800048848,Omicron,CHL,,17409880.82142857,14856330.32142857,17554917.535714287,58310847.67857143,305.5,91.0,77.35714285714286,92.0,,,0.001831800048848,19212000,548.0057107165164,1.0038368876594985
2022-06-18,CL,Chile,AMR,13104.0,3870747,23.0,58194,10548.285714285714,20.0,0.0018960426880468,Omicron,CHL,,17411111.285714287,14872570.285714284,17556614.14285714,58406686.71428572,306.0,91.0,77.42857142857143,92.0,,,0.0018960426880468,19212000,549.0467267481633,1.0410160316468875
2022-06-19,CL,Chile,AMR,11678.0,3882425,32.0,58226,10493.57142857143,21.428571428571427,0.0020420665713702,Omicron,CHL,,17412341.75,14888810.25,17558310.75,58502525.75,306.5,91.0,77.5,92.0,,,0.0020420665713702,19212000,546.1988043187293,1.1153743196216648
2022-06-20,CL,Chile,AMR,11301.0,3893726,25.0,58251,10531.0,22.285714285714285,0.0021162011476321,Omicron,CHL,,17413572.214285713,14905050.214285716,17560007.35714286,58598364.78571428,307.0,91.0,77.57142857142857,92.0,,,0.0021162011476321,19212000,548.1469914636685,1.1599892924065316
2022-06-21,CL,Chile,AMR,7489.0,3901215,26.0,58277,10299.42857142857,24.0,0.0023302263648468,Omicron,CHL,,17414802.67857143,14921290.17857143,17561703.964285713,58694203.821428575,307.5,91.0,77.64285714285714,92.0,,,0.0023302263648468,19212000,536.0935129829571,1.2492192379762648
2022-06-22,CL,Chile,AMR,4892.0,3906107,9.0,58286,10298.142857142857,23.857142857142858,0.0023166451648702,Omicron,CHL,,17416033.14285714,14937530.142857144,17563400.57142857,58790042.85714286,308.0,91.0,77.71428571428571,92.0,,,0.0023166451648702,19212000,536.0265905237798,1.241783409178787
2022-06-23,CL,Chile,AMR,9546.0,3915653,10.0,58296,10140.714285714286,23.0,0.0022680848066492,Omicron,CHL,,17417263.60714286,14953770.107142856,17565097.17857143,58885881.89285714,308.5,91.0,77.78571428571429,92.0,,,0.0022680848066492,19212000,527.8323071889592,1.1971684363939206
2022-06-24,CL,Chile,AMR,8594.0,3924247,39.0,58335,9514.857142857143,23.428571428571427,0.0024623145757011,Omicron,CHL,,17418494.07142857,14970010.07142857,17566793.785714287,58981720.92857143,309.0,91.0,77.85714285714286,92.0,,,0.0024623145757011,19212000,495.25594122720923,1.2194759227863536
2022-06-25,CL,Chile,AMR,11128.0,3935375,11.0,58346,9232.57142857143,21.714285714285715,0.0023519217676548,Omicron,CHL,,17419724.535714287,14986250.035714284,17568490.39285714,59077559.96428572,309.5,91.0,77.92857142857143,92.0,,,0.0023519217676548,19212000,480.5627435233932,1.1302459772166207
2022-06-26,CL,Chile,AMR,12637.0,3948012,39.0,58385,9369.57142857143,22.714285714285715,0.0024242609053623,Omicron,CHL,CHL,17420955.0,15002490.0,17570187.0,59173399.0,310.0,91.0,78.0,92.0,2020-12-21,2023-12-29,0.0024242609053623,19212000,487.69370334017435,1.1822967787989649
2022-06-27,CL,Chile,AMR,11313.0,3959325,31.0,58416,9371.285714285714,23.571428571428573,0.0025152822451561,Omicron,CHL,,17421891.085714284,15012946.714285716,17571620.2,59225083.14285714,310.25714285714287,91.0,78.05714285714286,92.0,,,0.0025152822451561,19212000,487.78293328574404,1.2269117515838317
2022-06-28,CL,Chile,AMR,8449.0,3967774,29.0,58445,9508.42857142857,24.0,0.0025240763833591,Omicron,CHL,,17422827.171428572,15023403.42857143,17573053.4,59276767.28571428,310.51428571428573,91.0,78.11428571428571,92.0,,,0.0025240763833591,19212000,494.92132893132265,1.2492192379762648
2022-06-29,CL,Chile,AMR,5517.0,3973291,14.0,58459,9597.714285714286,24.714285714285715,0.0025750178613955,Omicron,CHL,,17423763.257142857,15033860.142857144,17574486.6,59328451.42857143,310.77142857142854,91.0,78.17142857142858,92.0,,,0.0025750178613955,19212000,499.5687219297463,1.2863983819636537
2022-06-30,CL,Chile,AMR,6506.0,3979797,8.0,58467,9163.42857142857,24.428571428571427,0.0026658767772511,Omicron,CHL,,17424699.34285714,15044316.857142856,17575919.8,59380135.571428575,311.0285714285714,91.0,78.22857142857143,92.0,,,0.0026658767772511,19212000,476.9638023854138,1.271526724368698
2022-07-01,CL,Chile,AMR,10896.0,3990693,12.0,58479,9492.285714285714,20.571428571428573,0.0021671733437678,Post-Omicron,CHL,,17425635.42857143,15054773.57142857,17577353.0,59431819.71428572,311.2857142857143,91.0,78.28571428571429,92.0,,,0.0021671733437678,19212000,494.08108027720766,1.0707593468367986
2022-07-02,CL,Chile,AMR,11845.0,4002538,46.0,58525,9594.714285714286,25.571428571428573,0.0026651578994386,Post-Omicron,CHL,,17426571.514285713,15065230.285714284,17578786.2,59483503.85714286,311.54285714285714,91.0,78.34285714285714,92.0,,,0.0026651578994386,19212000,499.4125695249993,1.3310133547485203
2022-07-03,CL,Chile,AMR,11365.0,4013903,38.0,58563,9413.0,25.428571428571427,0.002701431151447,Post-Omicron,CHL,,17427507.6,15075687.0,17580219.4,59535188.0,311.8,91.0,78.4,92.0,,,0.002701431151447,19212000,489.95419529460753,1.3235775259510425
2022-07-04,CL,Chile,AMR,9794.0,4023697,26.0,58589,9196.0,24.714285714285715,0.0026875038836761,Post-Omicron,CHL,,17428443.685714286,15086143.714285716,17581652.6,59586872.14285714,312.0571428571429,91.0,78.45714285714286,92.0,,,0.0026875038836761,19212000,478.6591713512388,1.2863983819636537
2022-07-05,CL,Chile,AMR,6570.0,4030267,28.0,58617,8927.57142857143,24.571428571428573,0.0027523082585249,Post-Omicron,CHL,,17429379.77142857,15096600.42857143,17583085.8,59638556.28571428,312.3142857142857,91.0,78.51428571428572,92.0,,,0.0027523082585249,19212000,464.6872490407781,1.278962553166176
2022-07-06,CL,Chile,AMR,5112.0,4035379,14.0,58631,8869.714285714286,24.571428571428573,0.0027702615642314,Post-Omicron,CHL,,17430315.85714286,15107057.142857144,17584519.0,59690240.42857143,312.57142857142856,91.0,78.57142857142857,92.0,,,0.0027702615642314,19212000,461.6757383777996,1.278962553166176
2022-07-07,CL,Chile,AMR,9232.0,4044611,18.0,58649,9259.142857142857,26.0,0.0028080353010152,Post-Omicron,CHL,,17431251.942857143,15117513.857142856,17585952.2,59741924.571428575,312.8285714285714,91.0,78.62857142857143,92.0,,,0.0028080353010152,19212000,481.94580767972394,1.3533208411409536
2022-07-08,CL,Chile,AMR,11082.0,4055693,68.0,58717,9285.714285714286,34.0,0.0036615384615384,Post-Omicron,CHL,,17432188.028571427,15127970.57142857,17587385.4,59793608.71428572,313.0857142857143,91.0,78.68571428571428,92.0,,,0.0036615384615384,19212000,483.3288718360549,1.7697272537997084
2022-07-09,CL,Chile,AMR,10185.0,4065878,40.0,58757,9048.57142857143,33.142857142857146,0.0036627723397537,Post-Omicron,CHL,,17433124.114285715,15138427.285714284,17588818.6,59845292.85714286,313.3428571428572,91.0,78.74285714285715,92.0,,,0.0036627723397537,19212000,470.9853960322418,1.725112281014842
2022-07-10,CL,Chile,AMR,9655.0,4075533,30.0,58787,8804.285714285714,32.0,0.0036345935421061,Post-Omicron,CHL,,17434060.2,15148884.0,17590251.8,59896977.0,313.6,91.0,78.8,92.0,,,0.0036345935421061,19212000,458.27012878855476,1.6656256506350198
2022-07-11,CL,Chile,AMR,8775.0,4084308,31.0,58818,8658.714285714286,32.714285714285715,0.0037781920773456,Post-Omicron,CHL,,17434996.285714287,15159340.714285716,17591685.0,59948661.14285714,313.85714285714283,91.0,78.85714285714286,92.0,,,0.0037781920773456,19212000,450.693019243925,1.7028047946224087
2022-07-12,CL,Chile,AMR,6215.0,4090523,42.0,58860,8608.0,34.714285714285715,0.0040327934147636,Post-Omicron,CHL,,17435932.37142857,15169797.42857143,17593118.2,60000345.28571428,314.1142857142857,91.0,78.91428571428571,92.0,,,0.0040327934147636,19212000,448.0533000208203,1.8069063977870974
2022-07-13,CL,Chile,AMR,4573.0,4095096,18.0,58878,8531.0,35.285714285714285,0.0041361756283805,Post-Omicron,CHL,,17436868.457142856,15180254.142857144,17594551.4,60052029.42857143,314.37142857142857,91.0,78.97142857142858,92.0,,,0.0041361756283805,19212000,444.0453882989798,1.8366497129770083
2022-07-14,CL,Chile,AMR,8494.0,4103590,6.0,58884,8425.57142857143,33.57142857142857,0.0039844690483053,Post-Omicron,CHL,,17437804.542857144,15190710.857142856,17595984.6,60103713.571428575,314.62857142857143,91.0,79.02857142857142,92.0,,,0.0039844690483053,19212000,438.5577466464412,1.7474197674072751
2022-07-15,CL,Chile,AMR,9698.0,4113288,71.0,58955,8227.857142857143,34.0,0.0041323031513152,Post-Omicron,CHL,,17438740.62857143,15201167.57142857,17597417.8,60155397.71428572,314.8857142857143,91.0,79.08571428571429,92.0,,,0.0041323031513152,19212000,428.266559590732,1.7697272537997084
2022-07-16,CL,Chile,AMR,9113.0,4122401,35.0,58990,8074.714285714285,33.285714285714285,0.0041222157351874,Post-Omicron,CHL,,17439676.714285713,15211624.285714284,17598851.0,60207081.85714286,315.1428571428572,91.0,79.14285714285714,92.0,,,0.0041222157351874,19212000,420.2953511198358,1.7325481098123197
2022-07-17,CL,Chile,AMR,7831.0,4130232,49.0,59039,7814.142857142857,36.0,0.0046070312071518,Post-Omicron,CHL,,17440612.8,15222081.0,17600284.2,60258766.0,315.4,91.0,79.2,92.0,,,0.0046070312071518,19212000,406.73239939323634,1.8738288569643973
2022-07-18,CL,Chile,AMR,6920.0,4137152,47.0,59086,7549.142857142857,38.285714285714285,0.0050715312996745,Post-Omicron,CHL,,17441548.885714285,15232537.714285716,17601717.4,60310450.14285714,315.65714285714284,91.0,79.25714285714285,92.0,,,0.0050715312996745,19212000,392.9389369739151,1.9928021177240414
2022-07-19,CL,Chile,AMR,4626.0,4141778,40.0,59126,7322.142857142857,38.0,0.0051897375865769,Post-Omicron,CHL,,17442484.971428573,15242994.42857143,17603150.6,60362134.28571428,315.9142857142857,91.0,79.31428571428572,92.0,,,0.0051897375865769,19212000,381.1234050147229,1.977930460129086
2022-07-20,CL,Chile,AMR,3674.0,4145452,14.0,59140,7193.714285714285,37.42857142857143,0.0052029549606799,Post-Omicron,CHL,,17443421.057142857,15253451.142857144,17604583.8,60413818.42857143,316.1714285714286,91.0,79.37142857142857,92.0,,,0.0052029549606799,19212000,374.4385949257904,1.948187144939175
2022-07-21,CL,Chile,AMR,7023.0,4152475,6.0,59146,6983.571428571428,37.42857142857143,0.0053595172343254,Post-Omicron,CHL,,17444357.14285714,15263907.857142856,17606017.0,60465502.571428575,316.42857142857144,91.0,79.42857142857143,92.0,,,0.0053595172343254,19212000,363.50049076470066,1.948187144939175
2022-07-22,CL,Chile,AMR,9003.0,4161478,70.0,59216,6884.285714285715,37.285714285714285,0.0054160614235318,Post-Omicron,CHL,,17445293.22857143,15274364.57142857,17607450.2,60517186.71428572,316.6857142857143,91.0,79.48571428571428,92.0,,,0.0054160614235318,19212000,358.3325897504536,1.9407513161416974
2022-07-23,CL,Chile,AMR,8076.0,4169554,47.0,59263,6736.142857142857,39.0,0.0057896634360486,Post-Omicron,CHL,,17446229.314285714,15284821.285714284,17608883.4,60568870.85714286,316.9428571428571,91.0,79.54285714285714,92.0,,,0.0057896634360486,19212000,350.62163528746913,2.02998126171143
2022-07-24,CL,Chile,AMR,7963.0,4177517,40.0,59303,6755.0,37.71428571428572,0.0055831659088505,Post-Omicron,CHL,,17447165.4,15295278.0,17610316.6,60620555.0,317.2,91.0,79.6,92.0,,,0.0055831659088505,19212000,351.60316468873623,1.9630588025341311
2022-07-25,CL,Chile,AMR,7730.0,4185247,29.0,59332,6870.714285714285,35.142857142857146,0.0051148768063208,Post-Omicron,CHL,,17448101.485714287,15305734.714285716,17611749.8,60672239.14285714,317.45714285714286,91.0,79.65714285714286,92.0,,,0.0051148768063208,19212000,357.6261860146932,1.8292138841795307
2022-07-26,CL,Chile,AMR,6100.0,4191347,51.0,59383,7081.285714285715,36.71428571428572,0.0051846920454316,Post-Omicron,CHL,,17449037.57142857,15316191.42857143,17613183.0,60723923.28571428,317.7142857142857,91.0,79.71428571428571,92.0,,,0.0051846920454316,19212000,368.58659766217545,1.9110080009517867
2022-07-27,CL,Chile,AMR,4433.0,4195780,10.0,59393,7189.714285714285,36.142857142857146,0.0050270227308853,Post-Omicron,CHL,,17449973.65714286,15326648.142857144,17614616.2,60775607.42857143,317.9714285714286,91.0,79.77142857142857,92.0,,,0.0050270227308853,19212000,374.23039171946107,1.881264685761875
2022-07-28,CL,Chile,AMR,9044.0,4204824,12.0,59405,7478.428571428572,37.0,0.004947563468261,Post-Omicron,CHL,,17450909.742857143,15337104.857142856,17616049.4,60827291.571428575,318.2285714285714,91.0,79.82857142857142,92.0,,,0.004947563468261,19212000,389.25820171916365,1.9258796585467417
2022-07-29,CL,Chile,AMR,9945.0,4214769,72.0,59477,7613.0,37.285714285714285,0.0048976374997654,Post-Omicron,CHL,,17451845.828571428,15347561.57142857,17617482.6,60878975.71428572,318.48571428571427,91.0,79.88571428571429,92.0,,,0.0048976374997654,19212000,396.26275244638765,1.9407513161416974
2022-07-30,CL,Chile,AMR,9592.0,4224361,44.0,59521,7829.571428571428,36.85714285714285,0.0047074278832995,Post-Omicron,CHL,,17452781.914285716,15358018.285714284,17618915.8,60930659.85714286,318.74285714285713,91.0,79.94285714285714,92.0,,,0.0047074278832995,19212000,407.53546890336395,1.9184438297492634
2022-07-31,CL,Chile,AMR,9188.0,4233549,31.0,59552,8004.571428571428,35.57142857142857,0.0044438892061679,Post-Omicron,CHL,CHL,17453718.0,15368475.0,17620349.0,60982344.0,319.0,91.0,80.0,92.0,2020-12-21,2023-12-29,0.0044438892061679,19212000,416.6443591802742,1.8515213705719638
2022-08-01,CL,Chile,AMR,7997.0,4241546,25.0,59577,8042.714285714285,35.0,0.0043517646849855,Post-Omicron,CHL,,17454677.535714287,15375104.07142857,17621678.785714287,61014766.25,319.17857142857144,91.0,80.03571428571429,92.0,,,0.0043517646849855,19212000,418.62972546920076,1.8217780553820528
2022-08-02,CL,Chile,AMR,6502.0,4248048,45.0,59622,8100.142857142857,34.142857142857146,0.0042150932082326,Post-Omicron,CHL,,17455637.07142857,15381733.142857144,17623008.57142857,61047188.5,319.35714285714283,91.0,80.07142857142857,92.0,,,0.0042150932082326,19212000,421.61892864578687,1.7771630825971865
2022-08-03,CL,Chile,AMR,5008.0,4253056,7.0,59629,8182.285714285715,33.714285714285715,0.0041203994692366,Post-Omicron,CHL,,17456596.60714286,15388362.214285716,17624338.35714286,61079610.75,319.5357142857143,91.0,80.10714285714286,92.0,,,0.0041203994692366,19212000,425.8945302043366,1.754855596204753
2022-08-04,CL,Chile,AMR,9860.0,4262916,4.0,59633,8298.857142857143,32.57142857142857,0.003924808923776,Post-Omicron,CHL,,17457556.14285714,15394991.285714284,17625668.14285714,61112033.0,319.7142857142857,91.0,80.14285714285714,92.0,,,0.003924808923776,19212000,431.96216650307844,1.6953689658249307
2022-08-05,CL,Chile,AMR,11697.0,4274613,65.0,59698,8549.142857142857,31.571428571428573,0.0036929349642403,Post-Omicron,CHL,,17458515.67857143,15401620.357142856,17626997.92857143,61144455.25,319.8928571428572,91.0,80.17857142857143,92.0,,,0.0036929349642403,19212000,444.98973855625945,1.6433181642425865
2022-08-06,CL,Chile,AMR,11603.0,4286216,43.0,59741,8836.42857142857,31.428571428571427,0.0035567051976396,Post-Omicron,CHL,,17459475.214285713,15408249.42857143,17628327.714285713,61176877.5,320.07142857142856,91.0,80.21428571428571,92.0,,,0.0035567051976396,19212000,459.94319026798723,1.6358823354451086
2022-08-07,CL,Chile,AMR,10928.0,4297144,32.0,59773,9085.0,31.571428571428573,0.0034751159682364,Post-Omicron,CHL,,17460434.75,15414878.5,17629657.5,61209299.75,320.25,91.0,80.25,92.0,,,0.0034751159682364,19212000,472.8815323755986,1.6433181642425865
2022-08-08,CL,Chile,AMR,9811.0,4306955,27.0,59800,9344.142857142857,31.857142857142858,0.0034093167606904,Post-Omicron,CHL,,17461394.285714287,15421507.57142857,17630987.285714287,61241722.0,320.42857142857144,91.0,80.28571428571429,92.0,,,0.0034093167606904,19212000,486.3701258142233,1.658189821837542
2022-08-09,CL,Chile,AMR,7504.0,4314459,35.0,59835,9487.285714285714,30.428571428571427,0.0032072999954826,Post-Omicron,CHL,,17462353.82142857,15428136.642857144,17632317.07142857,61274144.25,320.60714285714283,91.0,80.32142857142857,92.0,,,0.0032072999954826,19212000,493.820826269296,1.5838315338627642
2022-08-10,CL,Chile,AMR,5714.0,4320173,5.0,59840,9588.142857142857,30.142857142857142,0.0031437638750242,Post-Omicron,CHL,,17463313.35714286,15434765.714285716,17633646.85714286,61306566.5,320.7857142857143,91.0,80.35714285714286,92.0,,,0.0031437638750242,19212000,499.0705214003153,1.5689598762678088
2022-08-11,CL,Chile,AMR,11243.0,4331416,5.0,59845,9785.714285714286,30.285714285714285,0.0030948905109489,Post-Omicron,CHL,,17464272.89285714,15441394.785714284,17634976.64285714,61338988.75,320.9642857142857,91.0,80.39285714285714,92.0,,,0.0030948905109489,19212000,509.35427262722703,1.5763957050652866
2022-08-12,CL,Chile,AMR,13494.0,4344910,51.0,59896,10042.42857142857,28.285714285714285,0.0028166209084313,Post-Omicron,CHL,,17465232.42857143,15448023.857142856,17636306.42857143,61371411.0,321.1428571428572,91.0,80.42857142857143,92.0,,,0.0028166209084313,19212000,522.7164569762946,1.4722941019005977
2022-08-13,CL,Chile,AMR,12908.0,4357818,34.0,59930,10228.857142857143,27.0,0.002639591072875,Post-Omicron,CHL,,17466191.964285713,15454652.92857143,17637636.214285713,61403833.25,321.32142857142856,91.0,80.46428571428571,92.0,,,0.002639591072875,19212000,532.4202135570031,1.4053716427232978
2022-08-14,CL,Chile,AMR,11888.0,4369706,31.0,59961,10366.0,26.857142857142858,0.0025908877925084,Post-Omicron,CHL,,17467151.5,15461282.0,17638966.0,61436255.5,321.5,91.0,80.5,92.0,,,0.0025908877925084,19212000,539.5586092025817,1.3979358139258202
2022-08-15,CL,Chile,AMR,10442.0,4380148,28.0,59989,10456.142857142857,27.0,0.0025822141461615,Post-Omicron,CHL,,17468111.035714287,15467911.07142857,17640295.785714287,61468677.75,321.67857142857144,91.0,80.53571428571429,92.0,,,0.0025822141461615,19212000,544.2506171737901,1.4053716427232978
2022-08-16,CL,Chile,AMR,7583.0,4387731,34.0,60023,10467.42857142857,26.857142857142858,0.002565782290643,Post-Omicron,CHL,,17469070.57142857,15474540.142857144,17641625.57142857,61501100.0,321.85714285714283,91.0,80.57142857142857,92.0,,,0.002565782290643,19212000,544.838047648791,1.3979358139258202
2022-08-17,CL,Chile,AMR,5513.0,4393244,5.0,60028,10438.714285714286,26.857142857142858,0.0025728401144092,Post-Omicron,CHL,,17470030.10714286,15481169.214285716,17642955.35714286,61533522.25,322.0357142857143,91.0,80.60714285714286,92.0,,,0.0025728401144092,19212000,543.343446060498,1.3979358139258202
2022-08-18,CL,Chile,AMR,6164.0,4399408,8.0,60036,9713.142857142857,27.285714285714285,0.0028091540181197,Post-Omicron,CHL,,17470989.64285714,15487798.285714284,17644285.14285714,61565944.5,322.2142857142857,91.0,80.64285714285714,92.0,,,0.0028091540181197,19212000,505.57687159810837,1.4202433003182535
2022-08-19,CL,Chile,AMR,10465.0,4409873,7.0,60043,9280.42857142857,21.0,0.0022628265320259,Post-Omicron,CHL,,17471949.17857143,15494427.357142856,17645614.92857143,61598366.75,322.3928571428572,91.0,80.67857142857143,92.0,,,0.0022628265320259,19212000,483.05374617054815,1.0930668332292317
2022-08-20,CL,Chile,AMR,11942.0,4421815,92.0,60135,9142.42857142857,29.285714285714285,0.0032032751535228,Post-Omicron,CHL,,17472908.714285713,15501056.42857143,17646944.714285713,61630789.0,322.57142857142856,91.0,80.71428571428571,92.0,,,0.0032032751535228,19212000,475.8707355521846,1.5243449034829422
2022-08-21,CL,Chile,AMR,10771.0,4432586,39.0,60174,8982.857142857143,30.428571428571427,0.0033874045801526,Post-Omicron,CHL,,17473868.25,15507685.5,17648274.5,61663211.25,322.75,91.0,80.75,92.0,,,0.0033874045801526,19212000,467.564914785402,1.5838315338627642
2022-08-22,CL,Chile,AMR,9487.0,4442073,28.0,60202,8846.42857142857,30.428571428571427,0.00343964473153,Post-Omicron,CHL,,17474827.785714287,15514314.57142857,17649604.285714287,61695633.5,322.92857142857144,91.0,80.78571428571429,92.0,,,0.00343964473153,19212000,460.4636982838107,1.5838315338627642
2022-08-23,CL,Chile,AMR,6943.0,4449016,34.0,60236,8755.0,30.428571428571427,0.0034755649832748,Post-Omicron,CHL,,17475787.32142857,15520943.642857144,17650934.07142857,61728055.75,323.10714285714283,91.0,80.82142857142857,92.0,,,0.0034755649832748,19212000,455.704767853425,1.5838315338627642
2022-08-24,CL,Chile,AMR,4541.0,4453557,12.0,60248,8616.142857142857,31.428571428571427,0.003647638154295,Post-Omicron,CHL,,17476746.85714286,15527572.714285716,17652263.85714286,61760478.0,323.2857142857143,91.0,80.85714285714286,92.0,,,0.003647638154295,19212000,448.4771422622765,1.6358823354451086
2022-08-25,CL,Chile,AMR,8312.0,4461869,6.0,60254,8923.0,31.142857142857142,0.0034901778709914,Post-Omicron,CHL,,17477706.39285714,15534201.785714284,17653593.64285714,61792900.25,323.4642857142857,91.0,80.89285714285714,92.0,,,0.0034901778709914,19212000,464.4493025192588,1.6210106778501532
2022-08-26,CL,Chile,AMR,9249.0,4471118,67.0,60321,8749.285714285714,39.71428571428572,0.004539146052739,Post-Omicron,CHL,,17478665.92857143,15540830.857142856,17654923.42857143,61825322.5,323.6428571428572,91.0,80.92857142857143,92.0,,,0.004539146052739,19212000,455.40733470152577,2.0671604056988198
2022-08-27,CL,Chile,AMR,8526.0,4479644,32.0,60353,8261.285714285714,31.142857142857142,0.003769734908091,Post-Omicron,CHL,,17479625.464285713,15547459.92857143,17656253.214285713,61857744.75,323.82142857142856,91.0,80.96428571428571,92.0,,,0.003769734908091,19212000,430.00654352934174,1.6210106778501532
2022-08-28,CL,Chile,AMR,7809.0,4487453,29.0,60382,7838.142857142857,29.714285714285715,0.0037909854739643,Post-Omicron,CHL,CHL,17480585.0,15554089.0,17657583.0,61890167.0,324.0,91.0,81.0,92.0,2020-12-21,2023-12-29,0.0037909854739643,19212000,407.98161863121265,1.5466523898753757
2022-08-29,CL,Chile,AMR,6951.0,4494404,30.0,60412,7475.857142857143,30.0,0.0040129177734039,Post-Omicron,CHL,,17481098.035714287,15557530.42857143,17658324.10714286,61907134.71428572,324.07142857142856,91.03571428571428,81.03571428571429,92.0,,,0.0040129177734039,19212000,389.12435680080904,1.561524047470331
2022-08-30,CL,Chile,AMR,4819.0,4499223,23.0,60435,7172.428571428572,28.428571428571427,0.0039635907343597,Post-Omicron,CHL,,17481611.07142857,15560971.857142856,17659065.214285713,61924102.42857143,324.1428571428572,91.07142857142856,81.07142857142857,92.0,,,0.0039635907343597,19212000,373.3306564349662,1.4797299306980756
2022-08-31,CL,Chile,AMR,3451.0,4502674,10.0,60445,7016.714285714285,28.142857142857142,0.004010831280412,Post-Omicron,CHL,,17482124.10714286,15564413.285714284,17659806.32142857,61941070.14285714,324.2142857142857,91.10714285714286,81.10714285714286,92.0,,,0.004010831280412,19212000,365.22560304571545,1.46485827310312
2022-09-01,CL,Chile,AMR,5748.0,4508422,6.0,60451,6650.428571428572,28.142857142857142,0.0042317358709427,Post-Omicron,CHL,,17482637.14285714,15567854.714285716,17660547.42857143,61958037.85714286,324.2857142857143,91.14285714285714,81.14285714285714,92.0,,,0.0042317358709427,19212000,346.16013800898247,1.46485827310312
2022-09-02,CL,Chile,AMR,6948.0,4515370,57.0,60508,6321.714285714285,26.714285714285715,0.0042257977040585,Post-Omicron,CHL,,17483150.17857143,15571296.142857144,17661288.535714287,61975005.571428575,324.35714285714283,91.17857142857144,81.17857142857143,92.0,,,0.0042257977040585,19212000,329.05029594598614,1.3904999851283426
2022-09-03,CL,Chile,AMR,6925.0,4522295,35.0,60543,6093.0,27.142857142857142,0.0044547607324564,Post-Omicron,CHL,,17483663.214285713,15574737.57142857,17662029.64285714,61991973.28571428,324.42857142857144,91.21428571428572,81.21428571428571,92.0,,,0.0044547607324564,19212000,317.1455340412242,1.4128074715207757
2022-09-04,CL,Chile,AMR,5238.0,4527533,28.0,60571,5725.714285714285,27.0,0.0047155688622754,Post-Omicron,CHL,,17484176.25,15578179.0,17662770.75,62008941.0,324.5,91.25,81.25,92.0,,,0.0047155688622754,19212000,298.02801820290887,1.4053716427232978
2022-09-05,CL,Chile,AMR,5029.0,4532562,39.0,60610,5451.142857142857,28.285714285714285,0.0051889512028932,Post-Omicron,CHL,,17484689.285714287,15581620.42857143,17663511.85714286,62025908.71428572,324.57142857142856,91.28571428571428,81.28571428571429,92.0,,,0.0051889512028932,19212000,283.73635525415665,1.4722941019005977
2022-09-06,CL,Chile,AMR,3818.0,4536380,29.0,60639,5308.142857142857,29.142857142857142,0.0054902171865328,Post-Omicron,CHL,,17485202.32142857,15585061.857142856,17664252.964285713,62042876.42857143,324.6428571428572,91.32142857142856,81.32142857142857,92.0,,,0.0054902171865328,19212000,276.2930906278814,1.5169090746854645
2022-09-07,CL,Chile,AMR,2478.0,4538858,6.0,60645,5169.142857142857,28.571428571428573,0.0055273048861375,Post-Omicron,CHL,,17485715.35714286,15588503.285714284,17664994.07142857,62059844.14285714,324.7142857142857,91.35714285714286,81.35714285714286,92.0,,,0.0055273048861375,19212000,269.05802920793553,1.4871657594955534
2022-09-08,CL,Chile,AMR,5124.0,4543982,3.0,60648,5080.0,28.142857142857142,0.0055399325084364,Post-Omicron,CHL,,17486228.39285714,15591944.714285716,17665735.17857143,62076811.85714286,324.7857142857143,91.39285714285714,81.39285714285714,92.0,,,0.0055399325084364,19212000,264.4180720383094,1.46485827310312
2022-09-09,CL,Chile,AMR,5945.0,4549927,48.0,60696,4936.714285714285,26.857142857142858,0.0054402870619556,Post-Omicron,CHL,,17486741.42857143,15595386.142857144,17666476.285714287,62093779.571428575,324.85714285714283,91.42857142857144,81.42857142857143,92.0,,,0.0054402870619556,19212000,256.9599357544392,1.3979358139258202
2022-09-10,CL,Chile,AMR,5326.0,4555253,25.0,60721,4708.285714285715,25.428571428571427,0.0054008131561381,Post-Omicron,CHL,,17487254.464285713,15598827.57142857,17667217.39285714,62110747.28571428,324.92857142857144,91.46428571428572,81.46428571428571,92.0,,,0.0054008131561381,19212000,245.07004550727228,1.3235775259510425
2022-09-11,CL,Chile,AMR,4548.0,4559801,28.0,60749,4609.714285714285,25.428571428571427,0.0055163009792983,Post-Omicron,CHL,,17487767.5,15602269.0,17667958.5,62127715.0,325.0,91.5,81.5,92.0,,,0.0055163009792983,19212000,239.93932363701256,1.3235775259510425
2022-09-12,CL,Chile,AMR,4006.0,4563807,27.0,60776,4463.571428571428,23.714285714285715,0.0053128500560089,Post-Omicron,CHL,,17488280.535714287,15605710.42857143,17668699.60714286,62144682.71428572,325.07142857142856,91.53571428571428,81.53571428571429,92.0,,,0.0053128500560089,19212000,232.3324707771928,1.2343475803813095
2022-09-13,CL,Chile,AMR,2741.0,4566548,36.0,60812,4309.714285714285,24.714285714285715,0.0057345531689207,Post-Omicron,CHL,,17488793.57142857,15609151.857142856,17669440.714285713,62161650.42857143,325.1428571428572,91.57142857142856,81.57142857142857,92.0,,,0.0057345531689207,19212000,224.32408316230925,1.2863983819636537
2022-09-14,CL,Chile,AMR,1947.0,4568495,10.0,60822,4233.857142857143,25.285714285714285,0.0059722643992306,Post-Omicron,CHL,,17489306.60714286,15612593.285714284,17670181.82142857,62178618.14285714,325.2142857142857,91.60714285714286,81.60714285714286,92.0,,,0.0059722643992306,19212000,220.3756580708486,1.3161416971535647
2022-09-15,CL,Chile,AMR,3855.0,4572350,8.0,60830,4052.571428571429,26.0,0.0064156796390298,Post-Omicron,CHL,,17489819.64285714,15616034.714285716,17670922.92857143,62195585.85714286,325.2857142857143,91.64285714285714,81.64285714285714,92.0,,,0.0064156796390298,19212000,210.9395913268493,1.3533208411409536
2022-09-16,CL,Chile,AMR,4423.0,4576773,51.0,60881,3835.142857142857,26.428571428571427,0.0068911569693809,Post-Omicron,CHL,,17490332.67857143,15619476.142857144,17671664.035714287,62212553.571428575,325.35714285714283,91.67857142857144,81.67857142857143,92.0,,,0.0068911569693809,19212000,199.6222598970881,1.3756283275333867
2022-09-17,CL,Chile,AMR,3696.0,4580469,28.0,60909,3602.285714285714,26.857142857142858,0.0074555837563451,Post-Omicron,CHL,,17490845.714285713,15622917.57142857,17672405.14285714,62229521.28571428,325.42857142857144,91.71428571428572,81.71428571428571,92.0,,,0.0074555837563451,19212000,187.50185895719935,1.3979358139258202
2022-09-18,CL,Chile,AMR,3185.0,4583654,14.0,60923,3407.5714285714284,24.857142857142858,0.0072946799144761,Post-Omicron,CHL,,17491358.75,15626359.0,17673146.25,62246489.0,325.5,91.75,81.75,92.0,,,0.0072946799144761,19212000,177.36682430623716,1.2938342107611316
2022-09-19,CL,Chile,AMR,1896.0,4585550,,60923,3106.1428571428573,24.5,0.0078875960079105,Post-Omicron,CHL,,17491871.785714287,15629800.42857143,17673887.35714286,62263456.71428572,325.57142857142856,91.78571428571428,81.78571428571429,92.0,,,0.0078875960079105,19212000,161.6772255435591,1.275244638767437
2022-09-20,CL,Chile,AMR,1602.0,4587152,,60923,2943.428571428572,22.2,0.0075422248107163,Post-Omicron,CHL,,17492384.82142857,15633241.857142856,17674628.464285713,62280424.42857143,325.6428571428572,91.82142857142856,81.82142857142857,92.0,,,0.0075422248107163,19212000,153.20781654323193,1.155527795128045
2022-09-21,CL,Chile,AMR,1381.0,4588533,,60923,2862.5714285714284,25.25,0.0088207405928735,Post-Omicron,CHL,,17492897.85714286,15636683.285714284,17675369.57142857,62297392.14285714,325.7142857142857,91.85714285714286,81.85714285714286,92.0,,,0.0088207405928735,19212000,148.9991374438595,1.3142827399541954
2022-09-22,CL,Chile,AMR,1888.0,4590421,43.0,60966,2581.5714285714284,34.0,0.0131702728127939,Post-Omicron,CHL,,17493410.89285714,15640124.714285716,17676110.67857143,62314359.85714286,325.7857142857143,91.89285714285714,81.89285714285714,92.0,,,0.0131702728127939,19212000,134.37286219922072,1.7697272537997084
2022-09-23,CL,Chile,AMR,4098.0,4594519,8.0,60974,2535.1428571428573,23.25,0.0091710808069424,Post-Omicron,CHL,,17493923.92857143,15643566.142857144,17676851.785714287,62331327.571428575,325.85714285714283,91.92857142857144,81.92857142857143,92.0,,,0.0091710808069424,19212000,131.95621784004047,1.2101811367895066
2022-09-24,CL,Chile,AMR,4660.0,4599179,43.0,61017,2672.8571428571427,27.0,0.0101015499732763,Post-Omicron,CHL,,17494436.964285713,15647007.57142857,17677592.89285714,62348295.28571428,325.92857142857144,91.96428571428572,81.96428571428571,92.0,,,0.0101015499732763,19212000,139.12435680080898,1.4053716427232978
2022-09-25,CL,Chile,AMR,4335.0,4603514,29.0,61046,2837.1428571428573,30.75,0.0108383685800604,Post-Omicron,CHL,CHL,17494950.0,15650449.0,17678334.0,62365263.0,326.0,92.0,82.0,92.0,2020-12-21,2023-12-29,0.0108383685800604,19212000,147.67555991790846,1.6005621486570893
2022-09-26,CL,Chile,AMR,4052.0,4607566,16.0,61062,3145.1428571428573,27.8,0.0088390261627906,Post-Omicron,CHL,,17495111.885714285,15651356.4,17678581.65714286,62368983.37142857,326.0285714285714,92.0,82.0,92.02857142857142,,,0.0088390261627906,19212000,163.70720680527052,1.4470122839891735
2022-09-27,CL,Chile,AMR,2787.0,4610353,23.0,61085,3314.428571428572,27.0,0.0081462005948019,Post-Omicron,CHL,,17495273.77142857,15652263.8,17678829.314285714,62372703.74285714,326.0571428571429,92.0,82.0,92.05714285714286,,,0.0081462005948019,19212000,172.5186639302817,1.4053716427232978
2022-09-28,CL,Chile,AMR,1925.0,4612278,2.0,61087,3392.1428571428573,23.428571428571427,0.0069067172036218,Post-Omicron,CHL,,17495435.65714286,15653171.2,17679076.971428573,62376424.11428572,326.0857142857143,92.0,82.0,92.08571428571427,,,0.0069067172036218,19212000,176.56375479610958,1.2194759227863536
2022-09-29,CL,Chile,AMR,4016.0,4616294,5.0,61092,3696.142857142857,18.0,0.004869941638001,Post-Omicron,CHL,,17495597.542857144,15654078.6,17679324.62857143,62380144.48571429,326.1142857142857,92.0,82.0,92.11428571428571,,,0.004869941638001,19212000,192.38719847714225,0.9369144284821986
2022-09-30,CL,Chile,AMR,4083.0,4620377,49.0,61141,3694.0,23.857142857142858,0.0064583494469796,Post-Omicron,CHL,,17495759.42857143,15654986.0,17679572.285714287,62383864.85714286,326.1428571428572,92.0,82.0,92.14285714285714,,,0.0064583494469796,19212000,192.2756610451801,1.241783409178787
2022-10-01,CL,Chile,AMR,3930.0,4624307,13.0,61154,3589.714285714286,19.571428571428573,0.0054520853231454,Post-Omicron,CHL,,17495921.314285714,15655893.4,17679819.942857143,62387585.22857143,326.1714285714286,92.0,82.0,92.17142857142858,,,0.0054520853231454,19212000,186.84750602302134,1.018708545254454
2022-10-02,CL,Chile,AMR,3616.0,4627923,24.0,61178,3487.0,18.857142857142858,0.0054078413699864,Post-Omicron,CHL,,17496083.2,15656800.8,17680067.6,62391305.6,326.2,92.0,82.0,92.2,,,0.0054078413699864,19212000,181.50114511763482,0.9815294012670653
2022-10-03,CL,Chile,AMR,3012.0,4630935,22.0,61200,3338.428571428572,19.714285714285715,0.0059052591039411,Post-Omicron,CHL,,17496245.085714284,15657708.2,17680315.257142857,62395025.97142857,326.22857142857146,92.0,82.0,92.22857142857144,,,0.0059052591039411,19212000,173.76788316825798,1.0261443740519318
2022-10-04,CL,Chile,AMR,2193.0,4633128,19.0,61219,3253.5714285714284,19.142857142857142,0.0058836443468715,Post-Omicron,CHL,,17496406.971428573,15658615.6,17680562.914285716,62398746.342857145,326.25714285714287,92.0,82.0,92.25714285714284,,,0.0058836443468715,19212000,169.35100086255613,0.9964010588620207
2022-10-05,CL,Chile,AMR,1761.0,4634889,8.0,61227,3230.1428571428573,20.0,0.0061916766175755,Post-Omicron,CHL,,17496568.85714286,15659523.0,17680810.57142857,62402466.71428572,326.2857142857143,92.0,82.0,92.28571428571428,,,0.0061916766175755,19212000,168.13152493976978,1.0410160316468875
2022-10-06,CL,Chile,AMR,3349.0,4638238,6.0,61233,3134.8571428571427,20.142857142857142,0.0064254465913233,Post-Omicron,CHL,,17496730.742857143,15660430.4,17681058.22857143,62406187.08571429,326.3142857142857,92.0,82.0,92.31428571428572,,,0.0064254465913233,19212000,163.17182713185213,1.0484518604443651
2022-10-07,CL,Chile,AMR,3795.0,4642033,35.0,61268,3093.714285714286,18.142857142857142,0.0058644255633542,Post-Omicron,CHL,,17496892.62857143,15661337.8,17681305.885714285,62409907.45714286,326.3428571428572,92.0,82.0,92.34285714285714,,,0.0058644255633542,19212000,161.03030843817854,0.9443502572796764
2022-10-08,CL,Chile,AMR,3577.0,4645610,22.0,61290,3043.285714285714,19.428571428571427,0.0063840773599962,Post-Omicron,CHL,,17497054.514285713,15662245.2,17681553.542857144,62413627.82857143,326.37142857142857,92.0,82.0,92.37142857142857,,,0.0063840773599962,19212000,158.40546087266887,1.0112727164569764
2022-10-09,CL,Chile,AMR,3738.0,4649348,16.0,61306,3060.714285714286,18.285714285714285,0.0059743290548424,Post-Omicron,CHL,,17497216.4,15663152.6,17681801.2,62417348.2,326.4,92.0,82.0,92.4,,,0.0059743290548424,19212000,159.31263198596116,0.9517860860771541
2022-10-10,CL,Chile,AMR,3428.0,4652776,19.0,61325,3120.1428571428573,17.857142857142858,0.0057231811730232,Post-Omicron,CHL,,17497378.285714287,15664060.0,17682048.85714286,62421068.571428575,326.42857142857144,92.0,82.0,92.42857142857144,,,0.0057231811730232,19212000,162.4059367657119,0.9294785996847209
2022-10-11,CL,Chile,AMR,2282.0,4655058,14.0,61339,3132.8571428571427,17.142857142857142,0.0054719562243502,Post-Omicron,CHL,,17497540.171428572,15664967.4,17682296.514285713,62424788.942857146,326.45714285714286,92.0,82.0,92.45714285714286,,,0.0054719562243502,19212000,163.06772552868742,0.892299455697332
2022-10-12,CL,Chile,AMR,1784.0,4656842,6.0,61345,3136.1428571428573,16.857142857142858,0.0053751195736345,Post-Omicron,CHL,,17497702.057142857,15665874.8,17682544.171428572,62428509.31428572,326.48571428571427,92.0,82.0,92.48571428571428,,,0.0053751195736345,19212000,163.23874959102943,0.8774277981023765
2022-10-13,CL,Chile,AMR,2359.0,4659201,5.0,61350,2994.714285714286,16.714285714285715,0.0055812622239183,Post-Omicron,CHL,,17497863.942857143,15666782.2,17682791.828571428,62432229.68571428,326.51428571428573,92.0,82.0,92.51428571428572,,,0.0055812622239183,19212000,155.87727908152644,0.8699919693048987
2022-10-14,CL,Chile,AMR,4894.0,4664095,5.0,61355,3151.714285714286,12.428571428571429,0.003943432145771,Post-Omicron,CHL,,17498025.828571428,15667689.6,17683039.485714287,62435950.05714285,326.54285714285714,92.0,82.0,92.54285714285714,,,0.003943432145771,19212000,164.0492549299545,0.6469171053805658
2022-10-15,CL,Chile,AMR,5308.0,4669403,42.0,61397,3399.0,15.285714285714286,0.0044971210019753,Post-Omicron,CHL,,17498187.714285713,15668597.0,17683287.14285714,62439670.42857143,326.57142857142856,92.0,82.0,92.57142857142856,,,0.0044971210019753,19212000,176.9206745783885,0.7956336813301211
2022-10-16,CL,Chile,AMR,4970.0,4674373,15.0,61412,3575.0,15.142857142857142,0.0042357642357642,Post-Omicron,CHL,,17498349.6,15669504.4,17683534.8,62443390.8,326.6,92.0,82.0,92.6,,,0.0042357642357642,19212000,186.0816156568811,0.7881978525326433
2022-10-17,CL,Chile,AMR,4271.0,4678644,21.0,61433,3695.428571428572,15.428571428571429,0.0041750425235812,Post-Omicron,CHL,,17498511.485714287,15670411.8,17683782.457142856,62447111.17142857,326.62857142857143,92.0,82.0,92.62857142857143,,,0.0041750425235812,19212000,192.3500193331549,0.8030695101275989
2022-10-18,CL,Chile,AMR,3423.0,4682067,15.0,61448,3858.428571428572,15.571428571428571,0.0040356918064348,Post-Omicron,CHL,,17498673.37142857,15671319.2,17684030.114285715,62450831.54285714,326.65714285714284,92.0,82.0,92.65714285714286,,,0.0040356918064348,19212000,200.83429999107705,0.8105053389250766
2022-10-19,CL,Chile,AMR,2703.0,4684770,7.0,61455,3989.714285714286,15.714285714285714,0.0039386995130335,Post-Omicron,CHL,,17498835.257142857,15672226.6,17684277.77142857,62454551.91428571,326.6857142857143,92.0,82.0,92.68571428571428,,,0.0039386995130335,19212000,207.66782665595906,0.8179411677225543
2022-10-20,CL,Chile,AMR,5743.0,4690513,4.0,61459,4473.142857142857,15.571428571428571,0.0034810935104752,Post-Omicron,CHL,,17498997.14285714,15673134.0,17684525.42857143,62458272.28571428,326.7142857142857,92.0,82.0,92.71428571428572,,,0.0034810935104752,19212000,232.83067130662383,0.8105053389250766
2022-10-21,CL,Chile,AMR,6375.0,4696888,36.0,61495,4684.714285714285,20.0,0.0042692037934925,Post-Omicron,CHL,,17499159.028571427,15674041.4,17684773.085714284,62461992.657142855,326.74285714285713,92.0,82.0,92.74285714285716,,,0.0042692037934925,19212000,243.8431337556884,1.0410160316468875
2022-10-22,CL,Chile,AMR,5993.0,4702881,18.0,61513,4782.571428571428,16.571428571428573,0.0034649620646394,Post-Omicron,CHL,,17499320.914285716,15674948.8,17685020.742857143,62465713.02857143,326.77142857142854,92.0,82.0,92.77142857142856,,,0.0034649620646394,19212000,248.9366764819607,0.862556140507421
2022-10-23,CL,Chile,AMR,5989.0,4708870,22.0,61535,4928.142857142857,17.571428571428573,0.0035655274371684,Post-Omicron,CHL,,17499482.8,15675856.2,17685268.4,62469433.4,326.8,92.0,82.0,92.8,,,0.0035655274371684,19212000,256.5137860265905,0.9146069420897653
2022-10-24,CL,Chile,AMR,6228.0,4715098,14.0,61549,5207.714285714285,16.571428571428573,0.0031820925001371,Post-Omicron,CHL,,17499644.685714286,15676763.6,17685516.057142857,62473153.77142857,326.8285714285714,92.0,82.0,92.82857142857142,,,0.0031820925001371,19212000,271.0657029832545,0.862556140507421
2022-10-25,CL,Chile,AMR,3867.0,4718965,,61549,5271.142857142857,16.833333333333332,0.0031934883552857,Post-Omicron,CHL,,17499806.57142857,15677671.0,17685763.714285713,62476874.14285714,326.85714285714283,92.0,82.0,92.85714285714286,,,0.0031934883552857,19212000,274.3672109693346,0.8761884933027968
2022-10-26,CL,Chile,AMR,3219.0,4722184,28.0,61577,5344.857142857143,20.33333333333333,0.0038042800377755,Post-Omicron,CHL,,17499968.457142856,15678578.4,17686011.37142857,62480594.51428571,326.8857142857143,92.0,82.0,92.88571428571429,,,0.0038042800377755,19212000,278.20409862883315,1.0583662988410019
2022-10-27,CL,Chile,AMR,6754.0,4728938,7.0,61584,5489.285714285715,20.83333333333333,0.0037952721752331,Post-Omicron,CHL,,17500130.34285714,15679485.8,17686259.028571427,62484314.885714285,326.9142857142857,92.0,82.0,92.91428571428573,,,0.0037952721752331,19212000,285.7217215430832,1.084391699632174
2022-10-28,CL,Chile,AMR,8274.0,4737212,23.0,61607,5760.571428571428,18.666666666666668,0.003240419270575,Post-Omicron,CHL,,17500292.22857143,15680393.2,17686506.685714286,62488035.25714286,326.9428571428571,92.0,82.0,92.94285714285714,,,0.003240419270575,19212000,299.84236042949345,0.9716149628704283
2022-10-29,CL,Chile,AMR,7131.0,4744343,25.0,61632,5923.142857142857,19.83333333333333,0.0033484475744858,Post-Omicron,CHL,,17500454.114285715,15681300.6,17686754.34285714,62491755.62857143,326.9714285714286,92.0,82.0,92.97142857142858,,,0.0033484475744858,19212000,308.30433360102313,1.0323408980498296
2022-10-30,CL,Chile,AMR,6432.0,4750775,20.0,61652,5986.428571428572,19.5,0.0032573678558644,Post-Omicron,CHL,CHL,17500616.0,15682208.0,17687002.0,62495476.0,327.0,92.0,82.0,93.0,2020-12-21,2023-12-29,0.0032573678558644,19212000,311.59840575830583,1.014990630855715
2022-10-31,CL,Chile,AMR,5431.0,4756206,25.0,61677,5872.571428571428,21.33333333333333,0.0036327073400149,Post-Omicron,CHL,,17500774.32142857,15682844.67857143,17687188.14285714,62520742.42857143,327.1428571428572,92.0,82.0,93.0,,,0.0036327073400149,19212000,305.67205020671605,1.1104171004233463
2022-11-01,CL,Chile,AMR,3980.0,4760186,,61677,5888.714285714285,21.33333333333333,0.0036227489224747,Post-Omicron,CHL,,17500932.64285714,15683481.357142856,17687374.285714287,62546008.85714286,327.2857142857143,92.0,82.0,93.0,,,0.0036227489224747,19212000,306.512298860831,1.1104171004233463
2022-11-02,CL,Chile,AMR,2587.0,4762773,,61677,5798.428571428572,20.0,0.0034492103771957,Post-Omicron,CHL,,17501090.964285713,15684118.035714284,17687560.42857143,62571275.28571428,327.42857142857144,92.0,82.0,93.0,,,0.0034492103771957,19212000,301.8128550608251,1.0410160316468875
2022-11-03,CL,Chile,AMR,3156.0,4765929,,61677,5284.428571428572,23.25,0.0043997188505312,Post-Omicron,CHL,,17501249.285714287,15684754.714285716,17687746.57142857,62596541.71428572,327.57142857142856,92.0,82.0,93.0,,,0.0043997188505312,19212000,275.05874304750006,1.2101811367895066
2022-11-04,CL,Chile,AMR,3709.0,4769638,48.0,61725,4632.285714285715,29.5,0.0063683463887004,Post-Omicron,CHL,,17501407.60714286,15685391.392857144,17687932.714285713,62621808.14285714,327.7142857142857,92.0,82.0,93.0,,,0.0063683463887004,19212000,241.11418458701408,1.5354986466791587
2022-11-05,CL,Chile,AMR,7570.0,4777208,12.0,61737,4695.0,26.25,0.005591054313099,Post-Omicron,CHL,,17501565.92857143,15686028.07142857,17688118.85714286,62647074.571428575,327.85714285714283,92.0,82.0,93.0,,,0.005591054313099,19212000,244.37851342910682,1.3663335415365396
2022-11-06,CL,Chile,AMR,8990.0,4786198,52.0,61789,5060.428571428572,34.25,0.0067682014510346,Post-Omicron,CHL,,17501724.25,15686664.75,17688305.0,62672341.0,328.0,92.0,82.0,93.0,,,0.0067682014510346,19212000,263.3993634930549,1.7827399541952946
2022-11-07,CL,Chile,AMR,7704.0,4793902,24.0,61813,5385.142857142857,34.0,0.0063136672325976,Post-Omicron,CHL,,17501882.57142857,15687301.42857143,17688491.14285714,62697607.42857143,328.1428571428572,92.0,82.0,93.0,,,0.0063136672325976,19212000,280.30100234972184,1.7697272537997084
2022-11-08,CL,Chile,AMR,5319.0,4799221,40.0,61853,5576.428571428572,35.2,0.0063122838478288,Post-Omicron,CHL,,17502040.89285714,15687938.107142856,17688677.285714287,62722873.85714286,328.2857142857143,92.0,82.0,93.0,,,0.0063122838478288,19212000,290.2575771095446,1.8321882156985219
2022-11-09,CL,Chile,AMR,4030.0,4803251,15.0,61868,5782.571428571428,31.83333333333333,0.0055050480096183,Post-Omicron,CHL,,17502199.214285713,15688574.785714284,17688863.42857143,62748140.28571428,328.42857142857144,92.0,82.0,93.0,,,0.0055050480096183,19212000,300.98747806430504,1.6569505170379621
2022-11-10,CL,Chile,AMR,7523.0,4810774,2.0,61870,6406.428571428572,27.571428571428573,0.0043037127884937,Post-Omicron,CHL,,17502357.535714287,15689211.464285716,17689049.57142857,62773406.71428572,328.57142857142856,92.0,82.0,93.0,,,0.0043037127884937,19212000,333.45974242289043,1.435114957913209
2022-11-11,CL,Chile,AMR,8225.0,4818999,53.0,61923,7051.571428571428,28.285714285714285,0.0040112639533234,Post-Omicron,CHL,,17502515.85714286,15689848.142857144,17689235.714285713,62798673.14285714,328.7142857142857,92.0,82.0,93.0,,,0.0040112639533234,19212000,367.03994527230003,1.4722941019005977
2022-11-12,CL,Chile,AMR,7235.0,4826234,30.0,61953,7003.714285714285,30.857142857142858,0.0044058254803573,Post-Omicron,CHL,,17502674.17857143,15690484.82142857,17689421.85714286,62823939.571428575,328.85714285714283,92.0,82.0,93.0,,,0.0044058254803573,19212000,364.54894262514495,1.6061390202551977
2022-11-13,CL,Chile,AMR,6604.0,4832838,30.0,61983,6662.857142857143,27.714285714285715,0.0041595197255574,Post-Omicron,CHL,,17502832.5,15691121.5,17689608.0,62849206.0,329.0,92.0,82.0,93.0,,,0.0041595197255574,19212000,346.8070551143631,1.4425507867106868
2022-11-14,CL,Chile,AMR,5820.0,4838658,25.0,62008,6393.714285714285,27.857142857142858,0.0043569577263383,Post-Omicron,CHL,,17502990.82142857,15691758.17857143,17689794.14285714,62874472.42857143,329.1428571428572,92.0,82.0,93.0,,,0.0043569577263383,19212000,332.79795365991487,1.4499866155081647
2022-11-15,CL,Chile,AMR,3974.0,4842632,24.0,62032,6201.571428571428,25.571428571428573,0.0041233788671074,Post-Omicron,CHL,,17503149.14285714,15692394.857142856,17689980.285714287,62899738.85714286,329.2857142857143,92.0,82.0,93.0,,,0.0041233788671074,19212000,322.7967639273073,1.3310133547485203
2022-11-16,CL,Chile,AMR,3116.0,4845748,13.0,62045,6071.0,25.285714285714285,0.0041649998823446,Post-Omicron,CHL,,17503307.464285713,15693031.535714284,17690166.42857143,62925005.28571428,329.42857142857144,92.0,82.0,93.0,,,0.0041649998823446,19212000,316.0004164064126,1.3161416971535647
2022-11-17,CL,Chile,AMR,6589.0,4852337,7.0,62052,5937.571428571428,26.0,0.0043788946899886,Post-Omicron,CHL,,17503465.785714287,15693668.214285716,17690352.57142857,62950271.71428572,329.57142857142856,92.0,82.0,93.0,,,0.0043788946899886,19212000,309.05535230956843,1.3533208411409536
2022-11-18,CL,Chile,AMR,6904.0,4859241,50.0,62102,5748.857142857143,25.571428571428573,0.0044480890611798,Post-Omicron,CHL,,17503624.10714286,15694304.892857144,17690538.714285713,62975538.14285714,329.7142857142857,92.0,82.0,93.0,,,0.0044480890611798,19212000,299.2326224681003,1.3310133547485203
2022-11-19,CL,Chile,AMR,6457.0,4865698,28.0,62130,5637.714285714285,25.285714285714285,0.0044851003446178,Post-Omicron,CHL,,17503782.42857143,15694941.57142857,17690724.85714286,63000804.571428575,329.85714285714283,92.0,82.0,93.0,,,0.0044851003446178,19212000,293.4475476636626,1.3161416971535647
2022-11-20,CL,Chile,AMR,6153.0,4871851,35.0,62165,5573.285714285715,26.0,0.0046651116294568,Post-Omicron,CHL,,17503940.75,15695578.25,17690911.0,63026071.0,330.0,92.0,82.0,93.0,,,0.0046651116294568,19212000,290.09398887600014,1.3533208411409536
2022-11-21,CL,Chile,AMR,5397.0,4877248,22.0,62187,5512.857142857143,25.571428571428573,0.0046385073853329,Post-Omicron,CHL,,17504099.07142857,15696214.92857143,17691097.14285714,63051337.42857143,330.1428571428572,92.0,82.0,93.0,,,0.0046385073853329,19212000,286.948633294667,1.3310133547485203
2022-11-22,CL,Chile,AMR,3636.0,4880884,24.0,62211,5464.571428571428,25.571428571428573,0.0046794938826728,Post-Omicron,CHL,,17504257.39285714,15696851.607142856,17691283.285714287,63076603.85714286,330.2857142857143,92.0,82.0,93.0,,,0.0046794938826728,19212000,284.4353231611195,1.3310133547485203
2022-11-23,CL,Chile,AMR,2698.0,4883582,6.0,62217,5404.857142857143,24.571428571428573,0.0045461753977903,Post-Omicron,CHL,,17504415.714285713,15697488.285714284,17691469.42857143,63101870.28571428,330.42857142857144,92.0,82.0,93.0,,,0.0045461753977903,19212000,281.32714672377386,1.278962553166176
2022-11-24,CL,Chile,AMR,5604.0,4889186,14.0,62231,5264.142857142857,25.571428571428573,0.0048576623517598,Post-Omicron,CHL,,17504574.035714287,15698124.964285716,17691655.57142857,63127136.71428572,330.57142857142856,92.0,82.0,93.0,,,0.0048576623517598,19212000,274.0028553582582,1.3310133547485203
2022-11-25,CL,Chile,AMR,6106.0,4895292,57.0,62288,5150.142857142857,26.571428571428573,0.0051593575767662,Post-Omicron,CHL,,17504732.35714286,15698761.642857144,17691841.714285713,63152403.14285714,330.7142857142857,92.0,82.0,93.0,,,0.0051593575767662,19212000,268.069063977871,1.3830641563308648
2022-11-26,CL,Chile,AMR,5559.0,4900851,44.0,62332,5021.857142857143,28.857142857142858,0.0057463089921201,Post-Omicron,CHL,,17504890.67857143,15699398.32142857,17692027.85714286,63177669.571428575,330.85714285714283,92.0,82.0,93.0,,,0.0057463089921201,19212000,261.39168971773597,1.5020374170905089
2022-11-27,CL,Chile,AMR,4684.0,4905535,25.0,62357,4812.0,27.428571428571427,0.0057000356252226,Post-Omicron,CHL,CHL,17505049.0,15700035.0,17692214.0,63202936.0,331.0,92.0,82.0,93.0,2020-12-21,2023-12-29,0.0057000356252226,19212000,250.46845721424108,1.4276791291157311
2022-11-28,CL,Chile,AMR,4343.0,4909878,20.0,62377,4661.428571428572,27.142857142857142,0.0058228623965675,Post-Omicron,CHL,,17505153.64285714,15700369.392857144,17692331.285714287,63222484.071428575,331.07142857142856,92.0,82.0,93.0,,,0.0058228623965675,19212000,242.63109366169954,1.4128074715207757
2022-11-29,CL,Chile,AMR,2927.0,4912805,30.0,62407,4560.142857142857,28.0,0.0061401585163372,Post-Omicron,CHL,,17505258.285714287,15700703.785714284,17692448.57142857,63242032.14285714,331.1428571428572,92.0,82.0,93.0,,,0.0061401585163372,19212000,237.35909104428777,1.4574224443056423
2022-11-30,CL,Chile,AMR,2329.0,4915134,10.0,62417,4507.428571428572,28.571428571428573,0.0063387423935091,Post-Omicron,CHL,,17505362.92857143,15701038.17857143,17692565.85714286,63261580.21428572,331.2142857142857,92.0,82.0,93.0,,,0.0063387423935091,19212000,234.6152702180185,1.4871657594955534
2022-12-01,CL,Chile,AMR,4876.0,4920010,5.0,62422,4403.428571428572,27.285714285714285,0.0061964702828964,Post-Omicron,CHL,,17505467.57142857,15701372.57142857,17692683.14285714,63281128.28571428,331.2857142857143,92.0,82.0,93.0,,,0.0061964702828964,19212000,229.20198685345468,1.4202433003182535
2022-12-02,CL,Chile,AMR,5041.0,4925051,62.0,62484,4251.285714285715,28.0,0.0065862428172989,Post-Omicron,CHL,,17505572.214285713,15701706.964285716,17692800.42857143,63300676.35714286,331.35714285714283,92.0,82.0,93.0,,,0.0065862428172989,19212000,221.2828291841409,1.4574224443056423
2022-12-03,CL,Chile,AMR,4447.0,4929498,26.0,62510,4092.428571428572,25.428571428571427,0.0062135651202569,Post-Omicron,CHL,,17505676.85714286,15702041.357142856,17692917.714285713,63320224.42857143,331.42857142857144,92.0,82.0,93.0,,,0.0062135651202569,19212000,213.0141875613456,1.3235775259510425
2022-12-04,CL,Chile,AMR,4027.0,4933525,33.0,62543,3998.571428571429,26.571428571428573,0.0066452304394426,Post-Omicron,CHL,,17505781.5,15702375.75,17693035.0,63339772.5,331.5,92.0,82.0,93.0,,,0.0066452304394426,19212000,208.12884804140273,1.3830641563308648
2022-12-05,CL,Chile,AMR,3522.0,4937047,28.0,62571,3881.285714285714,27.714285714285715,0.0071404910007729,Post-Omicron,CHL,,17505886.14285714,15702710.142857144,17693152.285714287,63359320.571428575,331.57142857142856,92.0,82.0,93.0,,,0.0071404910007729,19212000,202.02403259867344,1.4425507867106868
2022-12-06,CL,Chile,AMR,2257.0,4939304,16.0,62587,3785.571428571429,25.714285714285715,0.0067927091588361,Post-Omicron,CHL,,17505990.785714287,15703044.535714284,17693269.57142857,63378868.64285714,331.6428571428572,92.0,82.0,93.0,,,0.0067927091588361,19212000,197.04202730436336,1.338449183545998
2022-12-07,CL,Chile,AMR,1923.0,4941227,10.0,62597,3727.571428571429,25.714285714285715,0.0068984018702333,Post-Omicron,CHL,,17506095.42857143,15703378.92857143,17693386.85714286,63398416.71428572,331.7142857142857,92.0,82.0,93.0,,,0.0068984018702333,19212000,194.0230808125874,1.338449183545998
2022-12-08,CL,Chile,AMR,4198.0,4945425,8.0,62605,3630.714285714286,26.142857142857142,0.0072004721621089,Post-Omicron,CHL,,17506200.07142857,15703713.32142857,17693504.14285714,63417964.78571428,331.7857142857143,92.0,82.0,93.0,,,0.0072004721621089,19212000,188.98158888789743,1.3607566699384315
2022-12-09,CL,Chile,AMR,4230.0,4949655,54.0,62659,3514.8571428571427,25.0,0.0071126646073809,Post-Omicron,CHL,,17506304.714285713,15704047.714285716,17693621.42857143,63437512.85714286,331.85714285714283,92.0,82.0,93.0,,,0.0071126646073809,19212000,182.95113173314297,1.3012700395586092
2022-12-10,CL,Chile,AMR,3539.0,4953194,24.0,62683,3385.1428571428573,24.714285714285715,0.0073008102633355,Post-Omicron,CHL,,17506409.35714286,15704382.107142856,17693738.714285713,63457060.92857143,331.92857142857144,92.0,82.0,93.0,,,0.0073008102633355,19212000,176.19939918503317,1.2863983819636537
2022-12-11,CL,Chile,AMR,2342.0,4955536,25.0,62708,3144.428571428572,23.571428571428573,0.0074962518740629,Post-Omicron,CHL,,17506514.0,15704716.5,17693856.0,63476609.0,332.0,92.0,82.0,93.0,,,0.0074962518740629,19212000,163.67002766128317,1.2269117515838317
2022-12-12,CL,Chile,AMR,3280.0,4958816,7.0,62715,3109.8571428571427,20.571428571428573,0.0066149111121319,Post-Omicron,CHL,,17506618.64285714,15705050.892857144,17693973.285714287,63496157.071428575,332.07142857142856,92.0,82.0,93.0,,,0.0066149111121319,19212000,161.8705570922935,1.0707593468367986
2022-12-13,CL,Chile,AMR,2335.0,4961151,30.0,62745,3121.0,22.571428571428573,0.0072321142490959,Post-Omicron,CHL,,17506723.285714287,15705385.285714284,17694090.57142857,63515705.14285714,332.1428571428572,92.0,82.0,93.0,,,0.0072321142490959,19212000,162.45055173849676,1.174860950001487
2022-12-14,CL,Chile,AMR,2053.0,4963204,4.0,62749,3139.5714285714284,21.714285714285715,0.0069163216089548,Post-Omicron,CHL,,17506827.92857143,15705719.67857143,17694207.85714286,63535253.21428572,332.2142857142857,92.0,82.0,93.0,,,0.0069163216089548,19212000,163.4172094821689,1.1302459772166207
2022-12-15,CL,Chile,AMR,4290.0,4967494,4.0,62753,3152.714285714286,21.142857142857142,0.0067062395215007,Post-Omicron,CHL,,17506932.57142857,15706054.07142857,17694325.14285714,63554801.28571428,332.2857142857143,92.0,82.0,93.0,,,0.0067062395215007,19212000,164.10130573153685,1.1005026620267095
2022-12-16,CL,Chile,AMR,4359.0,4971853,42.0,62795,3171.1428571428573,19.428571428571427,0.0061266780791062,Post-Omicron,CHL,,17507037.214285713,15706388.464285716,17694442.42857143,63574349.35714286,332.35714285714283,92.0,82.0,93.0,,,0.0061266780791062,19212000,165.0605276464115,1.0112727164569764
2022-12-17,CL,Chile,AMR,4009.0,4975862,27.0,62822,3238.285714285714,19.857142857142858,0.0061319922357508,Post-Omicron,CHL,,17507141.85714286,15706722.857142856,17694559.714285713,63593897.42857143,332.42857142857144,92.0,82.0,93.0,,,0.0061319922357508,19212000,168.55536718122602,1.0335802028494097
2022-12-18,CL,Chile,AMR,3771.0,4979633,28.0,62850,3442.428571428572,20.285714285714285,0.0058928497323318,Post-Omicron,CHL,,17507246.5,15707057.25,17694677.0,63613445.5,332.5,92.0,82.0,93.0,,,0.0058928497323318,19212000,179.18116653282178,1.0558876892418427
2022-12-19,CL,Chile,AMR,3459.0,4983092,25.0,62875,3468.0,22.857142857142858,0.0065908716427747,Post-Omicron,CHL,,17507351.14285714,15707391.642857144,17694794.285714287,63632993.571428575,332.57142857142856,92.0,82.0,93.0,,,0.0065908716427747,19212000,180.51217988757028,1.1897326075964427
2022-12-20,CL,Chile,AMR,2596.0,4985688,28.0,62903,3505.285714285714,22.571428571428573,0.006439255002649,Post-Omicron,CHL,,17507455.785714287,15707726.035714284,17694911.57142857,63652541.64285714,332.6428571428572,92.0,82.0,93.0,,,0.006439255002649,19212000,182.45293120371196,1.174860950001487
2022-12-21,CL,Chile,AMR,2159.0,4987847,2.0,62905,3520.428571428572,22.285714285714285,0.0063303980846487,Post-Omicron,CHL,,17507560.42857143,15708060.42857143,17695028.85714286,63672089.71428572,332.7142857142857,92.0,82.0,93.0,,,0.0063303980846487,19212000,183.24112905624463,1.1599892924065316
2022-12-22,CL,Chile,AMR,4278.0,4992125,8.0,62913,3518.714285714286,22.857142857142858,0.0064958791766473,Post-Omicron,CHL,,17507665.07142857,15708394.82142857,17695146.14285714,63691637.78571428,332.7857142857143,92.0,82.0,93.0,,,0.0064958791766473,19212000,183.1518991106749,1.1897326075964427
2022-12-23,CL,Chile,AMR,4931.0,4997056,50.0,62963,3600.428571428572,24.0,0.006665873110344,Post-Omicron,CHL,,17507769.714285713,15708729.214285716,17695263.42857143,63711185.85714286,332.85714285714283,92.0,82.0,93.0,,,0.006665873110344,19212000,187.4051931828322,1.2492192379762648
2022-12-24,CL,Chile,AMR,4681.0,5001737,25.0,62988,3696.428571428572,23.714285714285715,0.006415458937198,Post-Omicron,CHL,,17507874.35714286,15709063.607142856,17695380.714285713,63730733.92857143,332.92857142857144,92.0,82.0,93.0,,,0.006415458937198,19212000,192.40207013473724,1.2343475803813095
2022-12-25,CL,Chile,AMR,4422.0,5006159,24.0,63012,3789.428571428572,23.142857142857142,0.00610721556209,Post-Omicron,CHL,CHL,17507979.0,15709398.0,17695498.0,63750282.0,333.0,92.0,82.0,93.0,2020-12-21,2023-12-29,0.00610721556209,19212000,197.24279468189528,1.2046042651913984
2022-12-26,CL,Chile,AMR,3902.0,5010061,27.0,63039,3852.714285714286,23.428571428571427,0.0060810560272905,Post-Omicron,CHL,,,,,,,,,,,,0.0060810560272905,19212000,200.5368668391779,1.2194759227863536
2022-12-27,CL,Chile,AMR,2685.0,5012746,,63039,3865.428571428572,22.666666666666668,0.0058639465838815,Post-Omicron,CHL,,,,,,,,,,,,0.0058639465838815,19212000,201.19865560215345,1.1798181691998058
2022-12-28,CL,Chile,AMR,2041.0,5014787,32.0,63071,3848.571428571429,27.666666666666668,0.0071888146498391,Post-Omicron,CHL,,,,,,,,,,,,0.0071888146498391,19212000,200.32122780405106,1.4400721771115275
2022-12-29,CL,Chile,AMR,5622.0,5020409,5.0,63076,4040.571428571429,27.166666666666668,0.0067234714561825,Post-Omicron,CHL,,,,,,,,,,,,0.0067234714561825,19212000,210.3149817078612,1.4140467763203555
2022-12-30,CL,Chile,AMR,6125.0,5026534,51.0,63127,4211.142857142857,27.33333333333333,0.00649071624036,Post-Omicron,CHL,,,,,,,,,,,,0.00649071624036,19212000,219.1933612920496,1.4227219099174124
2022-12-31,CL,Chile,AMR,5818.0,5032352,22.0,63149,4373.571428571428,26.83333333333333,0.0061353367085851,Post-Omicron,CHL,,,,,,,,,,,,0.0061353367085851,19212000,227.64789863478182,1.3966965091262404
2020-01-04,IE,Ireland,EUR,,0,,0,,,,Pre-Alpha,IRL,,,,,,,,,,,,,5028000,,
2020-01-05,IE,Ireland,EUR,,0,,0,,,,Pre-Alpha,IRL,,,,,,,,,,,,,5028000,,
2020-01-06,IE,Ireland,EUR,,0,,0,,,,Pre-Alpha,IRL,,,,,,,,,,,,,5028000,,
2020-01-07,IE,Ireland,EUR,,0,,0,,,,Pre-Alpha,IRL,,,,,,,,,,,,,5028000,,
2020-01-08,IE,Ireland,EUR,,0,,0,,,,Pre-Alpha,IRL,,,,,,,,,,,,,5028000,,
2020-01-09,IE,Ireland,EUR,,0,,0,,,,Pre-Alpha,IRL,,,,,,,,,,,,,5028000,,
2020-01-10,IE,Ireland,EUR,,0,,0,,,,Pre-Alpha,IRL,,,,,,,,,,,,,5028000,,
2020-01-11,IE,Ireland,EUR,,0,,0,,,,Pre-Alpha,IRL,,,,,,,,,,,,,5028000,,
2020-01-12,IE,Ireland,EUR,,0,,0,,,,Pre-Alpha,IRL,,,,,,,,,,,,,5028000,,
2020-01-13,IE,Ireland,EUR,,0,,0,,,,Pre-Alpha,IRL,,,,,,,,,,,,,5028000,,
2020-01-14,IE,Ireland,EUR,,0,,0,,,,Pre-Alpha,IRL,,,,,,,,,,,,,5028000,,
2020-01-15,IE,Ireland,EUR,,0,,0,,,,Pre-Alpha,IRL,,,,,,,,,,,,,5028000,,
2020-01-16,IE,Ireland,EUR,,0,,0,,,,Pre-Alpha,IRL,,,,,,,,,,,,,5028000,,
2020-01-17,IE,Ireland,EUR,,0,,0,,,,Pre-Alpha,IRL,,,,,,,,,,,,,5028000,,
2020-01-18,IE,Ireland,EUR,,0,,0,,,,Pre-Alpha,IRL,,,,,,,,,,,,,5028000,,
2020-01-19,IE,Ireland,EUR,,0,,0,,,,Pre-Alpha,IRL,,,,,,,,,,,,,5028000,,
2020-01-20,IE,Ireland,EUR,,0,,0,,,,Pre-Alpha,IRL,,,,,,,,,,,,,5028000,,
2020-01-21,IE,Ireland,EUR,,0,,0,,,,Pre-Alpha,IRL,,,,,,,,,,,,,5028000,,
2020-01-22,IE,Ireland,EUR,,0,,0,,,,Pre-Alpha,IRL,,,,,,,,,,,,,5028000,,
2020-01-23,IE,Ireland,EUR,,0,,0,,,,Pre-Alpha,IRL,,,,,,,,,,,,,5028000,,
2020-01-24,IE,Ireland,EUR,,0,,0,,,,Pre-Alpha,IRL,,,,,,,,,,,,,5028000,,
2020-01-25,IE,Ireland,EUR,,0,,0,,,,Pre-Alpha,IRL,,,,,,,,,,,,,5028000,,
2020-01-26,IE,Ireland,EUR,,0,,0,,,,Pre-Alpha,IRL,,,,,,,,,,,,,5028000,,
2020-01-27,IE,Ireland,EUR,,0,,0,,,,Pre-Alpha,IRL,,,,,,,,,,,,,5028000,,
2020-01-28,IE,Ireland,EUR,,0,,0,,,,Pre-Alpha,IRL,,,,,,,,,,,,,5028000,,
2020-01-29,IE,Ireland,EUR,,0,,0,,,,Pre-Alpha,IRL,,,,,,,,,,,,,5028000,,
2020-01-30,IE,Ireland,EUR,,0,,0,,,,Pre-Alpha,IRL,,,,,,,,,,,,,5028000,,
2020-01-31,IE,Ireland,EUR,,0,,0,,,,Pre-Alpha,IRL,,,,,,,,,,,,,5028000,,
2020-02-01,IE,Ireland,EUR,,0,,0,,,,Pre-Alpha,IRL,,,,,,,,,,,,,5028000,,
2020-02-02,IE,Ireland,EUR,,0,,0,,,,Pre-Alpha,IRL,,,,,,,,,,,,,5028000,,
2020-02-03,IE,Ireland,EUR,,0,,0,,,,Pre-Alpha,IRL,,,,,,,,,,,,,5028000,,
2020-02-04,IE,Ireland,EUR,,0,,0,,,,Pre-Alpha,IRL,,,,,,,,,,,,,5028000,,
2020-02-05,IE,Ireland,EUR,,0,,0,,,,Pre-Alpha,IRL,,,,,,,,,,,,,5028000,,
2020-02-06,IE,Ireland,EUR,,0,,0,,,,Pre-Alpha,IRL,,,,,,,,,,,,,5028000,,
2020-02-07,IE,Ireland,EUR,,0,,0,,,,Pre-Alpha,IRL,,,,,,,,,,,,,5028000,,
2020-02-08,IE,Ireland,EUR,,0,,0,,,,Pre-Alpha,IRL,,,,,,,,,,,,,5028000,,
2020-02-09,IE,Ireland,EUR,,0,,0,,,,Pre-Alpha,IRL,,,,,,,,,,,,,5028000,,
2020-02-10,IE,Ireland,EUR,,0,,0,,,,Pre-Alpha,IRL,,,,,,,,,,,,,5028000,,
2020-02-11,IE,Ireland,EUR,,0,,0,,,,Pre-Alpha,IRL,,,,,,,,,,,,,5028000,,
2020-02-12,IE,Ireland,EUR,,0,,0,,,,Pre-Alpha,IRL,,,,,,,,,,,,,5028000,,
2020-02-13,IE,Ireland,EUR,,0,,0,,,,Pre-Alpha,IRL,,,,,,,,,,,,,5028000,,
2020-02-14,IE,Ireland,EUR,,0,,0,,,,Pre-Alpha,IRL,,,,,,,,,,,,,5028000,,
2020-02-15,IE,Ireland,EUR,,0,,0,,,,Pre-Alpha,IRL,,,,,,,,,,,,,5028000,,
2020-02-16,IE,Ireland,EUR,,0,,0,,,,Pre-Alpha,IRL,,,,,,,,,,,,,5028000,,
2020-02-17,IE,Ireland,EUR,,0,,0,,,,Pre-Alpha,IRL,,,,,,,,,,,,,5028000,,
2020-02-18,IE,Ireland,EUR,,0,,0,,,,Pre-Alpha,IRL,,,,,,,,,,,,,5028000,,
2020-02-19,IE,Ireland,EUR,,0,,0,,,,Pre-Alpha,IRL,,,,,,,,,,,,,5028000,,
2020-02-20,IE,Ireland,EUR,,0,,0,,,,Pre-Alpha,IRL,,,,,,,,,,,,,5028000,,
2020-02-21,IE,Ireland,EUR,,0,,0,,,,Pre-Alpha,IRL,,,,,,,,,,,,,5028000,,
2020-02-22,IE,Ireland,EUR,,0,,0,,,,Pre-Alpha,IRL,,,,,,,,,,,,,5028000,,
2020-02-23,IE,Ireland,EUR,,0,,0,,,,Pre-Alpha,IRL,,,,,,,,,,,,,5028000,,
2020-02-24,IE,Ireland,EUR,,0,,0,,,,Pre-Alpha,IRL,,,,,,,,,,,,,5028000,,
2020-02-25,IE,Ireland,EUR,,0,,0,,,,Pre-Alpha,IRL,,,,,,,,,,,,,5028000,,
2020-02-26,IE,Ireland,EUR,,0,,0,,,,Pre-Alpha,IRL,,,,,,,,,,,,,5028000,,
2020-02-27,IE,Ireland,EUR,,0,,0,,,,Pre-Alpha,IRL,,,,,,,,,,,,,5028000,,
2020-02-28,IE,Ireland,EUR,,0,,0,,,,Pre-Alpha,IRL,,,,,,,,,,,,,5028000,,
2020-02-29,IE,Ireland,EUR,,0,,0,,,,Pre-Alpha,IRL,,,,,,,,,,,,,5028000,,
2020-03-01,IE,Ireland,EUR,,0,,0,,,,Pre-Alpha,IRL,,,,,,,,,,,,,5028000,,
2020-03-02,IE,Ireland,EUR,1.0,1,,0,1.0,,,Pre-Alpha,IRL,,,,,,,,,,,,,5028000,0.19888623707239458,
2020-03-03,IE,Ireland,EUR,,1,,0,1.0,,,Pre-Alpha,IRL,,,,,,,,,,,,,5028000,0.19888623707239458,
2020-03-04,IE,Ireland,EUR,,1,1.0,1,1.0,1.0,1.0,Pre-Alpha,IRL,,,,,,,,,,,,,5028000,0.19888623707239458,0.19888623707239458
2020-03-05,IE,Ireland,EUR,1.0,2,,1,1.0,1.0,1.0,Pre-Alpha,IRL,,,,,,,,,,,,,5028000,0.19888623707239458,0.19888623707239458
2020-03-06,IE,Ireland,EUR,4.0,6,,1,2.0,1.0,0.5,Pre-Alpha,IRL,,,,,,,,,,,,,5028000,0.39777247414478917,0.19888623707239458
2020-03-07,IE,Ireland,EUR,7.0,13,,1,3.25,1.0,0.3076923076923077,Pre-Alpha,IRL,,,,,,,,,,,,,5028000,0.6463802704852823,0.19888623707239458
2020-03-08,IE,Ireland,EUR,5.0,18,,1,3.6,1.0,0.2777777777777778,Pre-Alpha,IRL,,,,,,,,,,,,,5028000,0.7159904534606205,0.19888623707239458
2020-03-09,IE,Ireland,EUR,1.0,19,,1,3.6,1.0,0.2777777777777778,Pre-Alpha,IRL,,,,,,,,,,,,,5028000,0.7159904534606205,0.19888623707239458
2020-03-10,IE,Ireland,EUR,2.0,21,,1,3.333333333333333,1.0,0.3,Pre-Alpha,IRL,,,,,,,,,,,,,5028000,0.6629541235746486,0.19888623707239458
2020-03-11,IE,Ireland,EUR,3.0,24,,1,3.2857142857142856,,,Pre-Alpha,IRL,,,,,,,,,,,,,5028000,0.653483350380725,
2020-03-12,IE,Ireland,EUR,10.0,34,,1,4.571428571428571,,,Pre-Alpha,IRL,,,,,,,,,,,,,5028000,0.9091942266166609,
2020-03-13,IE,Ireland,EUR,9.0,43,,1,5.285714285714286,,,Pre-Alpha,IRL,,,,,,,,,,,,,5028000,1.0512558245255144,
2020-03-14,IE,Ireland,EUR,27.0,70,1.0,2,8.142857142857142,1.0,0.1228070175438596,Pre-Alpha,IRL,,,,,,,,,,,,0.1228070175438596,5028000,1.6195022161609274,0.19888623707239458
2020-03-15,IE,Ireland,EUR,20.0,90,,2,10.285714285714286,1.0,0.0972222222222222,Pre-Alpha,IRL,,,,,,,,,,,,0.0972222222222222,5028000,2.0456870098874873,0.19888623707239458
2020-03-16,IE,Ireland,EUR,39.0,129,,2,15.714285714285714,1.0,0.0636363636363636,Pre-Alpha,IRL,,,,,,,,,,,,0.0636363636363636,5028000,3.125355153994772,0.19888623707239458
2020-03-17,IE,Ireland,EUR,40.0,169,1.0,3,21.142857142857142,1.0,0.0472972972972973,Pre-Alpha,IRL,,,,,,,,,,,,0.0472972972972973,5028000,4.205023298102057,0.19888623707239458
2020-03-18,IE,Ireland,EUR,54.0,223,,3,28.428571428571427,1.0,0.0351758793969849,Pre-Alpha,IRL,,,,,,,,,,,,0.0351758793969849,5028000,5.65405159677236,0.19888623707239458
2020-03-19,IE,Ireland,EUR,69.0,292,,3,36.85714285714285,1.0,0.0271317829457364,Pre-Alpha,IRL,,,,,,,,,,,,0.0271317829457364,5028000,7.330378452096827,0.19888623707239458
2020-03-20,IE,Ireland,EUR,74.0,366,,3,46.142857142857146,1.0,0.0216718266253869,Pre-Alpha,IRL,,,,,,,,,,,,0.0216718266253869,5028000,9.17717922491192,0.19888623707239458
2020-03-21,IE,Ireland,EUR,191.0,557,1.0,4,69.57142857142857,1.0,0.0143737166324435,Pre-Alpha,IRL,,,,,,,,,,,,0.0143737166324435,5028000,13.83679963632231,0.19888623707239458
2020-03-22,IE,Ireland,EUR,126.0,683,1.0,5,84.71428571428571,1.0,0.0118043844856661,Pre-Alpha,IRL,,,,,,,,,,,,0.0118043844856661,5028000,16.84850551199,0.19888623707239458
2020-03-23,IE,Ireland,EUR,102.0,785,3.0,8,93.71428571428572,1.5,0.0160060975609756,Pre-Alpha,IRL,,,,,,,,,,,,0.0160060975609756,5028000,18.63848164564155,0.2983293556085919
2020-03-24,IE,Ireland,EUR,121.0,906,5.0,13,105.28571428571428,2.5,0.0237449118046132,Pre-Alpha,IRL,,,,,,,,,,,,0.0237449118046132,5028000,20.939879531764973,0.4972155926809864
2020-03-25,IE,Ireland,EUR,219.0,1125,2.0,15,128.85714285714286,2.4,0.0186252771618625,Pre-Alpha,IRL,,,,,,,,,,,,0.0186252771618625,5028000,25.627912262757132,0.47732696897374705
2020-03-26,IE,Ireland,EUR,204.0,1329,7.0,22,148.14285714285714,3.1666666666666665,0.0213757634201221,Pre-Alpha,IRL,,,,,,,,,,,,0.0213757634201221,5028000,29.46357540629617,0.6298064173959161
2020-03-27,IE,Ireland,EUR,235.0,1564,8.0,30,171.14285714285714,3.857142857142857,0.0225375626043405,Pre-Alpha,IRL,,,,,,,,,,,,0.0225375626043405,5028000,34.03795885896125,0.7671326287078077
2020-03-28,IE,Ireland,EUR,255.0,1819,9.0,39,180.28571428571428,5.0,0.0277337559429477,Pre-Alpha,IRL,,,,,,,,,,,,0.0277337559429477,5028000,35.856347312194565,0.9944311853619728
2020-03-29,IE,Ireland,EUR,302.0,2121,15.0,54,205.42857142857144,7.0,0.0340751043115438,Pre-Alpha,IRL,,,,,,,,,,,,0.0340751043115438,5028000,40.8569155585862,1.392203659506762
2020-03-30,IE,Ireland,EUR,294.0,2415,4.0,58,232.8571428571429,7.142857142857143,0.0306748466257668,Pre-Alpha,IRL,,,,,,,,,,,,0.0306748466257668,5028000,46.31208091828618,1.4206159790885329
2020-03-31,IE,Ireland,EUR,210.0,2625,14.0,72,245.57142857142856,8.428571428571429,0.0343222803955788,Pre-Alpha,IRL,,,,,,,,,,,,0.0343222803955788,5028000,48.84077736106376,1.6763268553244688
2020-04-01,IE,Ireland,EUR,285.0,2910,21.0,93,255.0,11.142857142857142,0.0436974789915966,Pre-Alpha,IRL,,,,,,,,,,,,0.0436974789915966,5028000,50.71599045346062,2.216160927378111
2020-04-02,IE,Ireland,EUR,325.0,3235,16.0,109,272.2857142857143,12.428571428571429,0.0456453305351521,Pre-Alpha,IRL,,,,,,,,,,,,0.0456453305351521,5028000,54.15388112285487,2.471871803614047
2020-04-03,IE,Ireland,EUR,212.0,3447,20.0,129,269.0,14.142857142857142,0.052575677110993,Pre-Alpha,IRL,,,,,,,,,,,,0.052575677110993,5028000,53.500397772474145,2.8128196385952946
2020-04-04,IE,Ireland,EUR,402.0,3849,22.0,151,290.0,16.0,0.0551724137931034,Pre-Alpha,IRL,,,,,,,,,,,,0.0551724137931034,5028000,57.67700875099443,3.1821797931583133
2020-04-05,IE,Ireland,EUR,424.0,4273,24.0,175,307.42857142857144,17.285714285714285,0.0562267657992565,Pre-Alpha,IRL,,,,,,,,,,,,0.0562267657992565,5028000,61.143311739970464,3.437890669394249
2020-04-06,IE,Ireland,EUR,331.0,4604,36.0,211,312.7142857142857,21.857142857142858,0.0698949291914116,Pre-Alpha,IRL,,,,,,,,,,,,0.0698949291914116,5028000,62.19456756449596,4.3470848960109105
2020-04-07,IE,Ireland,EUR,390.0,4994,42.0,253,338.42857142857144,25.857142857142858,0.0764035457999155,Pre-Alpha,IRL,,,,,,,,,,,,0.0764035457999155,5028000,67.30878508921468,5.142629844300489
2020-04-08,IE,Ireland,EUR,865.0,5859,36.0,289,421.2857142857143,28.0,0.0664632078670735,Pre-Alpha,IRL,,,,,,,,,,,,0.0664632078670735,5028000,83.78793044664167,5.568814638027048
2020-04-09,IE,Ireland,EUR,365.0,6224,34.0,323,427.0,30.571428571428573,0.0715958514553362,Pre-Alpha,IRL,,,,,,,,,,,,0.0715958514553362,5028000,84.92442322991249,6.0802363904989205
2020-04-10,IE,Ireland,EUR,464.0,6688,51.0,374,463.0,35.0,0.0755939524838013,Pre-Alpha,IRL,,,,,,,,,,,,0.0755939524838013,5028000,92.0843277645187,6.961018297533811
2020-04-11,IE,Ireland,EUR,705.0,7393,34.0,408,506.2857142857143,36.71428571428572,0.0725169300225733,Pre-Alpha,IRL,,,,,,,,,,,,0.0725169300225733,5028000,100.6932605977952,7.30196613251506
2020-04-12,IE,Ireland,EUR,696.0,8089,46.0,454,545.1428571428571,39.85714285714285,0.0731132075471698,Pre-Alpha,IRL,,,,,,,,,,,,0.0731132075471698,5028000,108.42141152403681,7.927037163314011
2020-04-13,IE,Ireland,EUR,839.0,8928,48.0,502,617.7142857142857,41.57142857142857,0.0672987974098057,Pre-Alpha,IRL,,,,,,,,,,,,0.0672987974098057,5028000,122.85486987157631,8.26798499829526
2020-04-14,IE,Ireland,EUR,727.0,9655,46.0,548,665.8571428571429,42.142857142857146,0.0632911392405063,Pre-Alpha,IRL,,,,,,,,,,,,0.0632911392405063,5028000,132.429821570633,8.381634276622343
2020-04-15,IE,Ireland,EUR,992.0,10647,57.0,605,684.0,45.142857142857146,0.0659983291562239,Pre-Alpha,IRL,,,,,,,,,,,,0.0659983291562239,5028000,136.03818615751788,8.978292987839529
2020-04-16,IE,Ireland,EUR,831.0,11478,47.0,652,750.5714285714286,47.0,0.0626189569851541,Pre-Alpha,IRL,,,,,,,,,,,,0.0626189569851541,5028000,149.27832708262304,9.347653142402546
2020-04-17,IE,Ireland,EUR,1069.0,12547,50.0,702,837.0,46.85714285714285,0.0559822495306366,Pre-Alpha,IRL,,,,,,,,,,,,0.0559822495306366,5028000,166.46778042959428,9.319240822820772
2020-04-18,IE,Ireland,EUR,724.0,13271,51.0,753,839.7142857142857,49.285714285714285,0.0586934331405239,Pre-Alpha,IRL,,,,,,,,,,,,0.0586934331405239,5028000,167.0076145016479,9.802250255710875
2020-04-19,IE,Ireland,EUR,709.0,13980,43.0,796,841.5714285714286,48.85714285714285,0.058054659650314,Pre-Alpha,IRL,,,,,,,,,,,,0.058054659650314,5028000,167.37697465621093,9.717013296965563
2020-04-20,IE,Ireland,EUR,778.0,14758,54.0,850,832.8571428571429,49.71428571428572,0.0596912521440823,Pre-Alpha,IRL,,,,,,,,,,,,0.0596912521440823,5028000,165.64382316172293,9.88748721445619
2020-04-21,IE,Ireland,EUR,493.0,15251,45.0,895,799.4285714285714,49.57142857142857,0.0620085775553967,Pre-Alpha,IRL,,,,,,,,,,,,0.0620085775553967,5028000,158.9953403795886,9.859074894874418
2020-04-22,IE,Ireland,EUR,401.0,15652,39.0,934,715.0,47.0,0.0657342657342657,Pre-Alpha,IRL,,,,,,,,,,,,0.0657342657342657,5028000,142.20365950676214,9.347653142402546
2020-04-23,IE,Ireland,EUR,388.0,16040,39.0,973,651.7142857142857,45.85714285714285,0.0703638754932047,Pre-Alpha,IRL,,,,,,,,,,,,0.0703638754932047,5028000,129.61700193203774,9.120354585748379
2020-04-24,IE,Ireland,EUR,631.0,16671,44.0,1017,589.1428571428571,45.0,0.0763821532492725,Pre-Alpha,IRL,,,,,,,,,,,,0.0763821532492725,5028000,117.17240595522217,8.949880668257755
2020-04-25,IE,Ireland,EUR,936.0,17607,35.0,1052,619.4285714285714,42.71428571428572,0.0689575645756457,Pre-Alpha,IRL,,,,,,,,,,,,0.0689575645756457,5028000,123.19581770655756,8.495283554949427
2020-04-26,IE,Ireland,EUR,577.0,18184,34.0,1086,600.5714285714286,41.42857142857143,0.0689819219790675,Pre-Alpha,IRL,,,,,,,,,,,,0.0689819219790675,5028000,119.44539152176382,8.23957267871349
2020-04-27,IE,Ireland,EUR,377.0,18561,48.0,1134,543.2857142857143,40.57142857142857,0.0746778858795687,Pre-Alpha,IRL,,,,,,,,,,,,0.0746778858795687,5028000,108.0520513694738,8.069098761222866
2020-04-28,IE,Ireland,EUR,701.0,19262,18.0,1152,573.0,36.71428571428572,0.0640737970580902,Pre-Alpha,IRL,,,,,,,,,,,,0.0640737970580902,5028000,113.9618138424821,7.30196613251506
2020-04-29,IE,Ireland,EUR,386.0,19648,39.0,1191,570.8571428571429,36.71428571428572,0.0643143143143143,Pre-Alpha,IRL,,,,,,,,,,,,0.0643143143143143,5028000,113.53562904875555,7.30196613251506
2020-04-30,IE,Ireland,EUR,229.0,19877,21.0,1212,548.1428571428571,34.142857142857146,0.0622882460255408,Pre-Alpha,IRL,,,,,,,,,,,,0.0622882460255408,5028000,109.018070235254,6.790544380043187
2020-05-01,IE,Ireland,EUR,376.0,20253,19.0,1231,511.7142857142857,30.571428571428573,0.0597431602456728,Pre-Alpha,IRL,,,,,,,,,,,,0.0597431602456728,5028000,101.77292874190249,6.0802363904989205
2020-05-02,IE,Ireland,EUR,359.0,20612,28.0,1259,429.2857142857143,29.571428571428573,0.0688851913477537,Pre-Alpha,IRL,,,,,,,,,,,,0.0688851913477537,5028000,85.37902034322083,5.881350153426526
2020-05-03,IE,Ireland,EUR,221.0,20833,28.0,1287,378.4285714285714,28.714285714285715,0.0758776896942242,Pre-Alpha,IRL,,,,,,,,,,,,0.0758776896942242,5028000,75.26423457211047,5.710876235935902
2020-05-04,IE,Ireland,EUR,343.0,21176,24.0,1311,373.57142857142856,25.285714285714285,0.0676864244741873,Pre-Alpha,IRL,,,,,,,,,,,,0.0676864244741873,5028000,74.29821570633027,5.028980565973407
2020-05-05,IE,Ireland,EUR,330.0,21506,27.0,1338,320.57142857142856,26.571428571428573,0.0828877005347593,Pre-Alpha,IRL,,,,,,,,,,,,0.0828877005347593,5028000,63.75724514149335,5.2846914422093425
2020-05-06,IE,Ireland,EUR,266.0,21772,25.0,1363,303.42857142857144,24.571428571428573,0.0809792843691148,Pre-Alpha,IRL,,,,,,,,,,,,0.0809792843691148,5028000,60.347766791680876,4.8869189680645535
2020-05-07,IE,Ireland,EUR,211.0,21983,18.0,1381,300.85714285714283,24.142857142857142,0.0802469135802469,Pre-Alpha,IRL,,,,,,,,,,,,0.0802469135802469,5028000,59.836345039209,4.80168200931924
2020-05-08,IE,Ireland,EUR,265.0,22248,24.0,1405,285.0,24.857142857142858,0.0872180451127819,Pre-Alpha,IRL,,,,,,,,,,,,0.0872180451127819,5028000,56.68257756563246,4.943743607228094
2020-05-09,IE,Ireland,EUR,137.0,22385,29.0,1434,253.28571428571428,25.0,0.0987027636773829,Pre-Alpha,IRL,,,,,,,,,,,,0.0987027636773829,5028000,50.37504261847937,4.972155926809865
2020-05-10,IE,Ireland,EUR,156.0,22541,18.0,1452,244.0,23.571428571428573,0.0966042154566744,Pre-Alpha,IRL,,,,,,,,,,,,0.0966042154566744,5028000,48.528241845664276,4.688032730992158
2020-05-11,IE,Ireland,EUR,219.0,22760,18.0,1470,226.28571428571428,22.714285714285715,0.1003787878787878,Pre-Alpha,IRL,,,,,,,,,,,,0.1003787878787878,5028000,45.005114217524714,4.517558813501534
2020-05-12,IE,Ireland,EUR,236.0,22996,14.0,1484,212.8571428571429,20.857142857142858,0.097986577181208,Pre-Alpha,IRL,,,,,,,,,,,,0.097986577181208,5028000,42.334356176838284,4.148198658938516
2020-05-13,IE,Ireland,EUR,139.0,23135,11.0,1495,194.7142857142857,18.857142857142858,0.0968451944240645,Pre-Alpha,IRL,,,,,,,,,,,,0.0968451944240645,5028000,38.7259915899534,3.750426184793727
2020-05-14,IE,Ireland,EUR,107.0,23242,12.0,1507,179.85714285714286,18.0,0.1000794281175536,Pre-Alpha,IRL,,,,,,,,,,,,0.1000794281175536,5028000,35.77111035344926,3.5799522673031023
2020-05-15,IE,Ireland,EUR,159.0,23401,6.0,1513,164.71428571428572,15.428571428571429,0.0936686903729401,Pre-Alpha,IRL,,,,,,,,,,,,0.0936686903729401,5028000,32.759404477781565,3.068530514831231
2020-05-16,IE,Ireland,EUR,426.0,23827,15.0,1528,206.0,13.428571428571429,0.0651872399445215,Pre-Alpha,IRL,,,,,,,,,,,,0.0651872399445215,5028000,40.97056483691329,2.6707580406864415
2020-05-17,IE,Ireland,EUR,129.0,23956,7.0,1535,202.14285714285717,11.857142857142858,0.0586572438162544,Pre-Alpha,IRL,,,,,,,,,,,,0.0586572438162544,5028000,40.203432208205484,2.3582225252869646
2020-05-18,IE,Ireland,EUR,92.0,24048,14.0,1549,184.0,11.285714285714286,0.061335403726708,Pre-Alpha,IRL,,,,,,,,,,,,0.061335403726708,5028000,36.5950676213206,2.2445732469598823
2020-05-19,IE,Ireland,EUR,64.0,24112,8.0,1557,159.42857142857142,10.428571428571429,0.0654121863799283,Pre-Alpha,IRL,,,,,,,,,,,,0.0654121863799283,5028000,31.708148653256046,2.074099329469258
2020-05-20,IE,Ireland,EUR,88.0,24200,12.0,1569,152.14285714285714,10.571428571428571,0.0694835680751173,Pre-Alpha,IRL,,,,,,,,,,,,0.0694835680751173,5028000,30.259120354585747,2.1025116490510287
2020-05-21,IE,Ireland,EUR,51.0,24251,9.0,1578,144.14285714285714,10.142857142857142,0.0703666997026759,Pre-Alpha,IRL,,,,,,,,,,,,0.0703666997026759,5028000,28.66803045800659,2.0172746903057166
2020-05-22,IE,Ireland,EUR,64.0,24315,8.0,1586,130.57142857142858,10.428571428571429,0.0798687089715536,Pre-Alpha,IRL,,,,,,,,,,,,0.0798687089715536,5028000,25.968860097738382,2.074099329469258
2020-05-23,IE,Ireland,EUR,76.0,24391,5.0,1591,80.57142857142857,9.0,0.1117021276595744,Pre-Alpha,IRL,,,,,,,,,,,,0.1117021276595744,5028000,16.024548244118648,1.7899761336515512
2020-05-24,IE,Ireland,EUR,115.0,24506,5.0,1596,78.57142857142857,8.714285714285714,0.1109090909090909,Pre-Alpha,IRL,,,,,,,,,,,,0.1109090909090909,5028000,15.62677576997386,1.7331514944880098
2020-05-25,IE,Ireland,EUR,76.0,24582,3.0,1599,76.28571428571429,7.142857142857143,0.0936329588014981,Pre-Alpha,IRL,,,,,,,,,,,,0.0936329588014981,5028000,15.172178656665531,1.4206159790885329
2020-05-26,IE,Ireland,EUR,57.0,24639,6.0,1605,75.28571428571429,6.857142857142857,0.0910815939278937,Pre-Alpha,IRL,,,,,,,,,,,,0.0910815939278937,5028000,14.973292419593136,1.3637913399249912
2020-05-27,IE,Ireland,EUR,59.0,24698,5.0,1610,71.14285714285714,5.857142857142857,0.0823293172690763,Pre-Alpha,IRL,,,,,,,,,,,,0.0823293172690763,5028000,14.149335151721786,1.1649051028525967
2020-05-28,IE,Ireland,EUR,37.0,24735,8.0,1618,69.14285714285714,5.714285714285714,0.0826446280991735,Pre-Alpha,IRL,,,,,,,,,,,,0.0826446280991735,5028000,13.751562677576995,1.1364927832708263
2020-05-29,IE,Ireland,EUR,68.0,24803,6.0,1624,69.71428571428571,5.428571428571429,0.0778688524590164,Pre-Alpha,IRL,,,,,,,,,,,,0.0778688524590164,5028000,13.865211955904078,1.079668144107285
2020-05-30,IE,Ireland,EUR,38.0,24841,4.0,1628,64.28571428571429,5.285714285714286,0.0822222222222222,Pre-Alpha,IRL,,,,,,,,,,,,0.0822222222222222,5028000,12.785543811796796,1.0512558245255144
2020-05-31,IE,Ireland,EUR,35.0,24876,7.0,1635,52.85714285714285,5.571428571428571,0.1054054054054054,Pre-Alpha,IRL,,,,,,,,,,,,0.1054054054054054,5028000,10.512558245255141,1.1080804636890556
2020-06-01,IE,Ireland,EUR,53.0,24929,5.0,1640,49.57142857142857,5.857142857142857,0.1181556195965417,Pre-Alpha,IRL,,,,,,,,,,,,0.1181556195965417,5028000,9.859074894874418,1.1649051028525967
2020-06-02,IE,Ireland,EUR,61.0,24990,5.0,1645,50.142857142857146,5.714285714285714,0.1139601139601139,Pre-Alpha,IRL,,,,,,,,,,,,0.1139601139601139,5028000,9.9727241732015,1.1364927832708263
2020-06-03,IE,Ireland,EUR,72.0,25062,4.0,1649,52.0,5.571428571428571,0.1071428571428571,Pre-Alpha,IRL,,,,,,,,,,,,0.1071428571428571,5028000,10.342084327764518,1.1080804636890556
2020-06-04,IE,Ireland,EUR,4.0,25066,2.0,1651,47.285714285714285,4.714285714285714,0.0996978851963746,Pre-Alpha,IRL,,,,,,,,,,,,0.0996978851963746,5028000,9.404477781566088,0.9376065461984318
2020-06-05,IE,Ireland,EUR,45.0,25111,2.0,1653,44.0,4.142857142857143,0.0941558441558441,Pre-Alpha,IRL,,,,,,,,,,,,0.0941558441558441,5028000,8.750994431185363,0.8239572678713492
2020-06-06,IE,Ireland,EUR,31.0,25142,5.0,1658,43.0,4.285714285714286,0.0996677740863787,Pre-Alpha,IRL,,,,,,,,,,,,0.0996677740863787,5028000,8.552108194112968,0.8523695874531196
2020-06-07,IE,Ireland,EUR,21.0,25163,4.0,1662,41.0,3.857142857142857,0.0940766550522648,Pre-Alpha,IRL,,,,,,,,,,,,0.0940766550522648,5028000,8.154335719968177,0.7671326287078077
2020-06-08,IE,Ireland,EUR,20.0,25183,3.0,1665,36.285714285714285,3.571428571428572,0.0984251968503937,Pre-Alpha,IRL,,,,,,,,,,,,0.0984251968503937,5028000,7.216729173769746,0.7103079895442665
2020-06-09,IE,Ireland,EUR,18.0,25201,4.0,1669,30.142857142857142,3.4285714285714284,0.1137440758293838,Pre-Alpha,IRL,,,,,,,,,,,,0.1137440758293838,5028000,5.994999431753608,0.6818956699624956
2020-06-10,IE,Ireland,EUR,6.0,25207,5.0,1674,20.714285714285715,3.571428571428572,0.1724137931034483,Pre-Alpha,IRL,,,,,,,,,,,,0.1724137931034483,5028000,4.119786339356745,0.7103079895442665
2020-06-11,IE,Ireland,EUR,8.0,25215,3.0,1677,21.285714285714285,3.7142857142857135,0.174496644295302,Pre-Alpha,IRL,,,,,,,,,,,,0.174496644295302,5028000,4.233435617683828,0.7387203091260369
2020-06-12,IE,Ireland,EUR,16.0,25231,2.0,1679,17.142857142857142,3.7142857142857135,0.2166666666666666,Pre-Alpha,IRL,,,,,,,,,,,,0.2166666666666666,5028000,3.4094783498124785,0.7387203091260369
2020-06-13,IE,Ireland,EUR,7.0,25238,4.0,1683,13.714285714285714,3.571428571428572,0.2604166666666667,Pre-Alpha,IRL,,,,,,,,,,,,0.2604166666666667,5028000,2.7275826798499825,0.7103079895442665
2020-06-14,IE,Ireland,EUR,12.0,25250,2.0,1685,12.428571428571429,3.2857142857142856,0.264367816091954,Pre-Alpha,IRL,,,,,,,,,,,,0.264367816091954,5028000,2.471871803614047,0.653483350380725
2020-06-15,IE,Ireland,EUR,45.0,25295,2.0,1687,16.0,3.142857142857143,0.1964285714285714,Pre-Alpha,IRL,,,,,,,,,,,,0.1964285714285714,5028000,3.1821797931583133,0.6250710307989544
2020-06-16,IE,Ireland,EUR,8.0,25303,1.0,1688,14.571428571428571,2.7142857142857144,0.1862745098039215,Pre-Alpha,IRL,,,,,,,,,,,,0.1862745098039215,5028000,2.898056597340607,0.5398340720536425
2020-06-17,IE,Ireland,EUR,18.0,25321,2.0,1690,16.285714285714285,2.2857142857142856,0.1403508771929824,Pre-Alpha,IRL,,,,,,,,,,,,0.1403508771929824,5028000,3.2390044323218548,0.45459711330833047
2020-06-18,IE,Ireland,EUR,13.0,25334,2.0,1692,17.0,2.142857142857143,0.1260504201680672,Pre-Alpha,IRL,,,,,,,,,,,,0.1260504201680672,5028000,3.381066030230708,0.4261847937265598
2020-06-19,IE,Ireland,EUR,7.0,25341,2.0,1694,15.714285714285714,2.142857142857143,0.1363636363636363,Pre-Alpha,IRL,,,,,,,,,,,,0.1363636363636363,5028000,3.125355153994772,0.4261847937265598
2020-06-20,IE,Ireland,EUR,14.0,25355,3.0,1697,16.714285714285715,2.0,0.1196581196581196,Pre-Alpha,IRL,,,,,,,,,,,,0.1196581196581196,5028000,3.324241391067167,0.39777247414478917
2020-06-21,IE,Ireland,EUR,13.0,25368,2.0,1699,16.857142857142858,2.0,0.1186440677966101,Pre-Alpha,IRL,,,,,,,,,,,,0.1186440677966101,5028000,3.3526537106489376,0.39777247414478917
2020-06-22,IE,Ireland,EUR,6.0,25374,,1699,11.285714285714286,2.0,0.1772151898734177,Pre-Alpha,IRL,,,,,,,,,,,,0.1772151898734177,5028000,2.2445732469598823,0.39777247414478917
2020-06-23,IE,Ireland,EUR,5.0,25379,,1699,10.857142857142858,2.2,0.2026315789473684,Pre-Alpha,IRL,,,,,,,,,,,,0.2026315789473684,5028000,2.15933628821457,0.43754972155926813
2020-06-24,IE,Ireland,EUR,4.0,25383,2.0,1701,8.857142857142858,2.2,0.2483870967741935,Pre-Alpha,IRL,,,,,,,,,,,,0.2483870967741935,5028000,1.7615638140697807,0.43754972155926813
2020-06-25,IE,Ireland,EUR,8.0,25391,6.0,1707,8.142857142857142,3.0,0.368421052631579,Pre-Alpha,IRL,,,,,,,,,,,,0.368421052631579,5028000,1.6195022161609274,0.5966587112171838
2020-06-26,IE,Ireland,EUR,5.0,25396,1.0,1708,7.857142857142857,2.8,0.3563636363636364,Pre-Alpha,IRL,,,,,,,,,,,,0.3563636363636364,5028000,1.562677576997386,0.5568814638027049
2020-06-27,IE,Ireland,EUR,9.0,25405,1.0,1709,7.142857142857143,2.4,0.3359999999999999,Pre-Alpha,IRL,,,,,,,,,,,,0.3359999999999999,5028000,1.4206159790885329,0.47732696897374705
2020-06-28,IE,Ireland,EUR,9.0,25414,2.0,1711,6.571428571428571,2.4,0.3652173913043478,Pre-Alpha,IRL,,,,,,,,,,,,0.3652173913043478,5028000,1.30696670076145,0.47732696897374705
2020-06-29,IE,Ireland,EUR,23.0,25437,1.0,1712,9.0,2.1666666666666665,0.2407407407407407,Pre-Alpha,IRL,,,,,,,,,,,,0.2407407407407407,5028000,1.7899761336515512,0.4309201803235216
2020-06-30,IE,Ireland,EUR,2.0,25439,1.0,1713,8.571428571428571,2.0,0.2333333333333333,Pre-Alpha,IRL,,,,,,,,,,,,0.2333333333333333,5028000,1.7047391749062393,0.39777247414478917
2020-07-01,IE,Ireland,EUR,23.0,25462,1.0,1714,11.285714285714286,1.8571428571428568,0.1645569620253164,Pre-Alpha,IRL,,,,,,,,,,,,0.1645569620253164,5028000,2.2445732469598823,0.36936015456301846
2020-07-02,IE,Ireland,EUR,11.0,25473,2.0,1716,11.714285714285714,1.2857142857142858,0.1097560975609756,Pre-Alpha,IRL,,,,,,,,,,,,0.1097560975609756,5028000,2.3298102057051935,0.2557108762359359
2020-07-03,IE,Ireland,EUR,4.0,25477,,1716,11.571428571428571,1.3333333333333333,0.1152263374485596,Pre-Alpha,IRL,,,,,,,,,,,,0.1152263374485596,5028000,2.301397886123423,0.26518164942985945
2020-07-04,IE,Ireland,EUR,12.0,25489,,1716,12.0,1.4,0.1166666666666666,Pre-Alpha,IRL,,,,,,,,,,,,0.1166666666666666,5028000,2.3866348448687353,0.27844073190135243
2020-07-05,IE,Ireland,EUR,9.0,25498,3.0,1719,12.0,1.6,0.1333333333333333,Pre-Alpha,IRL,,,,,,,,,,,,0.1333333333333333,5028000,2.3866348448687353,0.31821797931583135
2020-07-06,IE,Ireland,EUR,11.0,25509,1.0,1720,10.285714285714286,1.6,0.1555555555555555,Pre-Alpha,IRL,,,,,,,,,,,,0.1555555555555555,5028000,2.0456870098874873,0.31821797931583135
2020-07-07,IE,Ireland,EUR,18.0,25527,,1720,12.571428571428571,1.75,0.1392045454545454,Pre-Alpha,IRL,,,,,,,,,,,,0.1392045454545454,5028000,2.5002841231958177,0.3480509148766905
2020-07-08,IE,Ireland,EUR,4.0,25531,1.0,1721,9.857142857142858,1.75,0.1775362318840579,Pre-Alpha,IRL,,,,,,,,,,,,0.1775362318840579,5028000,1.9604500511421752,0.3480509148766905
2020-07-09,IE,Ireland,EUR,7.0,25538,,1721,9.285714285714286,1.6666666666666667,0.1794871794871795,Pre-Alpha,IRL,,,,,,,,,,,,0.1794871794871795,5028000,1.8468007728150928,0.33147706178732433
2020-07-10,IE,Ireland,EUR,4.0,25542,2.0,1723,9.285714285714286,1.75,0.1884615384615384,Pre-Alpha,IRL,,,,,,,,,,,,0.1884615384615384,5028000,1.8468007728150928,0.3480509148766905
2020-07-11,IE,Ireland,EUR,23.0,25565,,1723,10.857142857142858,1.75,0.1611842105263158,Pre-Alpha,IRL,,,,,,,,,,,,0.1611842105263158,5028000,2.15933628821457,0.3480509148766905
2020-07-12,IE,Ireland,EUR,24.0,25589,,1723,13.0,1.3333333333333333,0.1025641025641025,Pre-Alpha,IRL,,,,,,,,,,,,0.1025641025641025,5028000,2.5855210819411294,0.26518164942985945
2020-07-13,IE,Ireland,EUR,22.0,25611,,1723,14.571428571428571,1.5,0.1029411764705882,Pre-Alpha,IRL,,,,,,,,,,,,0.1029411764705882,5028000,2.898056597340607,0.2983293556085919
2020-07-14,IE,Ireland,EUR,17.0,25628,,1723,14.428571428571429,1.5,0.1039603960396039,Pre-Alpha,IRL,,,,,,,,,,,,0.1039603960396039,5028000,2.869644277758836,0.2983293556085919
2020-07-15,IE,Ireland,EUR,10.0,25638,1.0,1724,15.285714285714286,1.5,0.0981308411214953,Pre-Alpha,IRL,,,,,,,,,,,,0.0981308411214953,5028000,3.0401181952494603,0.2983293556085919
2020-07-16,IE,Ireland,EUR,32.0,25670,2.0,1726,18.857142857142858,1.6666666666666667,0.0883838383838383,Pre-Alpha,IRL,,,,,,,,,,,,0.0883838383838383,5028000,3.750426184793727,0.33147706178732433
2020-07-17,IE,Ireland,EUR,13.0,25683,2.0,1728,20.142857142857142,1.6666666666666667,0.0827423167848699,Pre-Alpha,IRL,,,,,,,,,,,,0.0827423167848699,5028000,4.006137061029662,0.33147706178732433
2020-07-18,IE,Ireland,EUR,15.0,25698,,1728,19.0,1.6666666666666667,0.087719298245614,Pre-Alpha,IRL,,,,,,,,,,,,0.087719298245614,5028000,3.7788385043754973,0.33147706178732433
2020-07-19,IE,Ireland,EUR,32.0,25730,,1728,20.142857142857142,1.6666666666666667,0.0827423167848699,Pre-Alpha,IRL,,,,,,,,,,,,0.0827423167848699,5028000,4.006137061029662,0.33147706178732433
2020-07-20,IE,Ireland,EUR,20.0,25750,1.0,1729,19.857142857142858,1.5,0.0755395683453237,Pre-Alpha,IRL,,,,,,,,,,,,0.0755395683453237,5028000,3.9493124218661215,0.2983293556085919
2020-07-21,IE,Ireland,EUR,10.0,25760,,1729,18.857142857142858,1.5,0.0795454545454545,Pre-Alpha,IRL,,,,,,,,,,,,0.0795454545454545,5028000,3.750426184793727,0.2983293556085919
2020-07-22,IE,Ireland,EUR,6.0,25766,,1729,18.285714285714285,1.6666666666666667,0.0911458333333333,Pre-Alpha,IRL,,,,,,,,,,,,0.0911458333333333,5028000,3.6367769064666438,0.33147706178732433
2020-07-23,IE,Ireland,EUR,36.0,25802,,1729,18.857142857142858,1.5,0.0795454545454545,Pre-Alpha,IRL,,,,,,,,,,,,0.0795454545454545,5028000,3.750426184793727,0.2983293556085919
2020-07-24,IE,Ireland,EUR,17.0,25819,1.0,1730,19.428571428571427,1.0,0.0514705882352941,Pre-Alpha,IRL,,,,,,,,,,,,0.0514705882352941,5028000,3.8640754631208085,0.19888623707239458
2020-07-25,IE,Ireland,EUR,7.0,25826,,1730,18.285714285714285,1.0,0.0546875,Pre-Alpha,IRL,,,,,,,,,,,,0.0546875,5028000,3.6367769064666438,0.19888623707239458
2020-07-26,IE,Ireland,EUR,19.0,25845,1.0,1731,16.428571428571427,1.0,0.0608695652173913,Pre-Alpha,IRL,,,,,,,,,,,,0.0608695652173913,5028000,3.267416751903625,0.19888623707239458
2020-07-27,IE,Ireland,EUR,24.0,25869,,1731,17.0,1.0,0.0588235294117647,Pre-Alpha,IRL,,,,,,,,,,,,0.0588235294117647,5028000,3.381066030230708,0.19888623707239458
2020-07-28,IE,Ireland,EUR,12.0,25881,,1731,17.285714285714285,1.0,0.0578512396694214,Pre-Alpha,IRL,,,,,,,,,,,,0.0578512396694214,5028000,3.437890669394249,0.19888623707239458
2020-07-29,IE,Ireland,EUR,11.0,25892,,1731,18.0,1.0,0.0555555555555555,Pre-Alpha,IRL,,,,,,,,,,,,0.0555555555555555,5028000,3.5799522673031023,0.19888623707239458
2020-07-30,IE,Ireland,EUR,38.0,25930,,1731,18.285714285714285,1.0,0.0546875,Pre-Alpha,IRL,,,,,,,,,,,,0.0546875,5028000,3.6367769064666438,0.19888623707239458
2020-07-31,IE,Ireland,EUR,12.0,25942,,1731,17.571428571428573,1.0,0.056910569105691,Pre-Alpha,IRL,,,,,,,,,,,,0.056910569105691,5028000,3.494715308557791,0.19888623707239458
2020-08-01,IE,Ireland,EUR,85.0,26027,1.0,1732,28.714285714285715,1.0,0.0348258706467661,Pre-Alpha,IRL,,,,,,,,,,,,0.0348258706467661,5028000,5.710876235935902,0.19888623707239458
2020-08-02,IE,Ireland,EUR,38.0,26065,1.0,1733,31.428571428571427,1.0,0.0318181818181818,Pre-Alpha,IRL,,,,,,,,,,,,0.0318181818181818,5028000,6.250710307989544,0.19888623707239458
2020-08-03,IE,Ireland,EUR,44.0,26109,,1733,34.285714285714285,1.0,0.0291666666666666,Pre-Alpha,IRL,,,,,,,,,,,,0.0291666666666666,5028000,6.818956699624957,0.19888623707239458
2020-08-04,IE,Ireland,EUR,53.0,26162,,1733,40.142857142857146,1.0,0.0249110320284697,Pre-Alpha,IRL,,,,,,,,,,,,0.0249110320284697,5028000,7.983861802477556,0.19888623707239458
2020-08-05,IE,Ireland,EUR,46.0,26208,,1733,45.142857142857146,1.0,0.0221518987341772,Pre-Alpha,IRL,,,,,,,,,,,,0.0221518987341772,5028000,8.978292987839529,0.19888623707239458
2020-08-06,IE,Ireland,EUR,45.0,26253,,1733,46.142857142857146,1.0,0.0216718266253869,Pre-Alpha,IRL,,,,,,,,,,,,0.0216718266253869,5028000,9.17717922491192,0.19888623707239458
2020-08-07,IE,Ireland,EUR,50.0,26303,,1733,51.57142857142857,1.0,0.0193905817174515,Pre-Alpha,IRL,,,,,,,,,,,,0.0193905817174515,5028000,10.256847369019205,0.19888623707239458
2020-08-08,IE,Ireland,EUR,69.0,26372,,1733,49.285714285714285,1.0,0.0202898550724637,Pre-Alpha,IRL,,,,,,,,,,,,0.0202898550724637,5028000,9.802250255710875,0.19888623707239458
2020-08-09,IE,Ireland,EUR,98.0,26470,1.0,1734,57.85714285714285,1.0,0.0172839506172839,Pre-Alpha,IRL,,,,,,,,,,,,0.0172839506172839,5028000,11.506989430617114,0.19888623707239458
2020-08-10,IE,Ireland,EUR,174.0,26644,1.0,1735,76.42857142857143,1.0,0.0130841121495327,Pre-Alpha,IRL,,,,,,,,,,,,0.0130841121495327,5028000,15.2005909762473,0.19888623707239458
2020-08-11,IE,Ireland,EUR,68.0,26712,1.0,1736,78.57142857142857,1.0,0.0127272727272727,Pre-Alpha,IRL,,,,,,,,,,,,0.0127272727272727,5028000,15.62677576997386,0.19888623707239458
2020-08-12,IE,Ireland,EUR,56.0,26768,1.0,1737,80.0,1.0,0.0125,Pre-Alpha,IRL,,,,,,,,,,,,0.0125,5028000,15.910898965791565,0.19888623707239458
2020-08-13,IE,Ireland,EUR,33.0,26801,,1737,78.28571428571429,1.0,0.0127737226277372,Pre-Alpha,IRL,,,,,,,,,,,,0.0127737226277372,5028000,15.56995113081032,0.19888623707239458
2020-08-14,IE,Ireland,EUR,37.0,26838,,1737,76.42857142857143,1.0,0.0130841121495327,Pre-Alpha,IRL,,,,,,,,,,,,0.0130841121495327,5028000,15.2005909762473,0.19888623707239458
2020-08-15,IE,Ireland,EUR,91.0,26929,,1737,79.57142857142857,1.0,0.0125673249551166,Pre-Alpha,IRL,,,,,,,,,,,,0.0125673249551166,5028000,15.825662007046256,0.19888623707239458
2020-08-16,IE,Ireland,EUR,66.0,26995,,1737,75.0,1.0,0.0133333333333333,Pre-Alpha,IRL,,,,,,,,,,,,0.0133333333333333,5028000,14.916467780429594,0.19888623707239458
2020-08-17,IE,Ireland,EUR,196.0,27191,1.0,1738,78.14285714285714,1.0,0.0127970749542961,Pre-Alpha,IRL,,,,,,,,,,,,0.0127970749542961,5028000,15.541538811228547,0.19888623707239458
2020-08-18,IE,Ireland,EUR,66.0,27257,,1738,77.85714285714286,1.0,0.0128440366972477,Pre-Alpha,IRL,,,,,,,,,,,,0.0128440366972477,5028000,15.484714172065008,0.19888623707239458
2020-08-19,IE,Ireland,EUR,56.0,27313,,1738,77.85714285714286,1.0,0.0128440366972477,Pre-Alpha,IRL,,,,,,,,,,,,0.0128440366972477,5028000,15.484714172065008,0.19888623707239458
2020-08-20,IE,Ireland,EUR,186.0,27499,,1738,99.71428571428572,1.0,0.0100286532951289,Pre-Alpha,IRL,,,,,,,,,,,,0.0100286532951289,5028000,19.83179906807592,0.19888623707239458
2020-08-21,IE,Ireland,EUR,48.0,27547,,1738,101.28571428571428,1.0,0.0098730606488011,Pre-Alpha,IRL,,,,,,,,,,,,0.0098730606488011,5028000,20.14433458347539,0.19888623707239458
2020-08-22,IE,Ireland,EUR,129.0,27676,1.0,1739,106.71428571428572,1.0,0.0093708165997322,Pre-Alpha,IRL,,,,,,,,,,,,0.0093708165997322,5028000,21.224002727582683,0.19888623707239458
2020-08-23,IE,Ireland,EUR,79.0,27755,,1739,108.57142857142856,1.0,0.0092105263157894,Pre-Alpha,IRL,,,,,,,,,,,,0.0092105263157894,5028000,21.593362882145694,0.19888623707239458
2020-08-24,IE,Ireland,EUR,153.0,27908,,1739,102.42857142857144,1.0,0.00976290097629,Pre-Alpha,IRL,,,,,,,,,,,,0.00976290097629,5028000,20.371633140129564,0.19888623707239458
2020-08-25,IE,Ireland,EUR,61.0,27969,,1739,101.71428571428572,1.0,0.0098314606741573,Pre-Alpha,IRL,,,,,,,,,,,,0.0098314606741573,5028000,20.229571542220707,0.19888623707239458
2020-08-26,IE,Ireland,EUR,147.0,28116,,1739,114.71428571428572,1.0,0.0087173100871731,Pre-Alpha,IRL,,,,,,,,,,,,0.0087173100871731,5028000,22.81509262416184,0.19888623707239458
2020-08-27,IE,Ireland,EUR,85.0,28201,1.0,1740,100.28571428571428,1.0,0.0099715099715099,Pre-Alpha,IRL,,,,,,,,,,,,0.0099715099715099,5028000,19.945448346402998,0.19888623707239458
2020-08-28,IE,Ireland,EUR,162.0,28363,,1740,116.57142857142856,1.0,0.008578431372549,Pre-Alpha,IRL,,,,,,,,,,,,0.008578431372549,5028000,23.184452778724854,0.19888623707239458
2020-08-29,IE,Ireland,EUR,90.0,28453,,1740,111.0,1.0,0.009009009009009,Pre-Alpha,IRL,,,,,,,,,,,,0.009009009009009,5028000,22.0763723150358,0.19888623707239458
2020-08-30,IE,Ireland,EUR,126.0,28579,,1740,117.71428571428572,1.0,0.0084951456310679,Pre-Alpha,IRL,,,,,,,,,,,,0.0084951456310679,5028000,23.41175133537902,0.19888623707239458
2020-08-31,IE,Ireland,EUR,140.0,28719,,1740,115.85714285714286,1.0,0.0086313193588162,Pre-Alpha,IRL,,,,,,,,,,,,0.0086313193588162,5028000,23.042391180816,0.19888623707239458
2020-09-01,IE,Ireland,EUR,41.0,28760,,1740,113.0,1.0,0.0088495575221238,Pre-Alpha,IRL,,,,,,,,,,,,0.0088495575221238,5028000,22.47414478918059,0.19888623707239458
2020-09-02,IE,Ireland,EUR,51.0,28811,,1740,99.28571428571428,1.0,0.0100719424460431,Pre-Alpha,IRL,,,,,,,,,,,,0.0100719424460431,5028000,19.746562109330604,0.19888623707239458
2020-09-03,IE,Ireland,EUR,214.0,29025,,1740,117.71428571428572,,,Pre-Alpha,IRL,,,,,,,,,,,,,5028000,23.41175133537902,
2020-09-04,IE,Ireland,EUR,89.0,29114,,1740,107.28571428571428,,,Pre-Alpha,IRL,,,,,,,,,,,,,5028000,21.33765200590976,
2020-09-05,IE,Ireland,EUR,92.0,29206,1.0,1741,107.57142857142856,1.0,0.0092961487383798,Pre-Alpha,IRL,,,,,,,,,,,,0.0092961487383798,5028000,21.3944766450733,0.19888623707239458
2020-09-06,IE,Ireland,EUR,97.0,29303,,1741,103.42857142857144,1.0,0.0096685082872928,Pre-Alpha,IRL,,,,,,,,,,,,0.0096685082872928,5028000,20.570519377201958,0.19888623707239458
2020-09-07,IE,Ireland,EUR,231.0,29534,,1741,116.42857142857144,1.0,0.0085889570552147,Pre-Alpha,IRL,,,,,,,,,,,,0.0085889570552147,5028000,23.15604045914309,0.19888623707239458
2020-09-08,IE,Ireland,EUR,138.0,29672,2.0,1743,130.28571428571428,1.5,0.0115131578947368,Pre-Alpha,IRL,,,,,,,,,,,,0.0115131578947368,5028000,25.912035458574838,0.2983293556085919
2020-09-09,IE,Ireland,EUR,102.0,29774,1.0,1744,137.57142857142858,1.3333333333333333,0.0096919349255797,Pre-Alpha,IRL,,,,,,,,,,,,0.0096919349255797,5028000,27.361063757245145,0.26518164942985945
2020-09-10,IE,Ireland,EUR,306.0,30080,1.0,1745,150.71428571428572,1.25,0.0082938388625592,Pre-Alpha,IRL,,,,,,,,,,,,0.0082938388625592,5028000,29.974997158768044,0.2486077963404932
2020-09-11,IE,Ireland,EUR,84.0,30164,1.0,1746,150.0,1.2,0.008,Pre-Alpha,IRL,,,,,,,,,,,,0.008,5028000,29.832935560859188,0.23866348448687352
2020-09-12,IE,Ireland,EUR,196.0,30360,,1746,164.85714285714286,1.25,0.007582322357019,Pre-Alpha,IRL,,,,,,,,,,,,0.007582322357019,5028000,32.787816797363334,0.2486077963404932
2020-09-13,IE,Ireland,EUR,211.0,30571,3.0,1749,181.14285714285717,1.6,0.0088328075709779,Pre-Alpha,IRL,,,,,,,,,,,,0.0088328075709779,5028000,36.0268212296852,0.31821797931583135
2020-09-14,IE,Ireland,EUR,159.0,30730,2.0,1751,170.85714285714286,1.6666666666666667,0.0097547380156075,Pre-Alpha,IRL,,,,,,,,,,,,0.0097547380156075,5028000,33.9811342197977,0.33147706178732433
2020-09-15,IE,Ireland,EUR,255.0,30985,1.0,1752,187.57142857142856,1.5,0.0079969535415079,Pre-Alpha,IRL,,,,,,,,,,,,0.0079969535415079,5028000,37.30537561086487,0.2983293556085919
2020-09-16,IE,Ireland,EUR,207.0,31192,2.0,1754,202.57142857142856,1.6666666666666667,0.0082275505406676,Pre-Alpha,IRL,,,,,,,,,,,,0.0082275505406676,5028000,40.28866916695078,0.33147706178732433
2020-09-17,IE,Ireland,EUR,357.0,31549,3.0,1757,209.8571428571429,2.0,0.0095302927161334,Pre-Alpha,IRL,,,,,,,,,,,,0.0095302927161334,5028000,41.7376974656211,0.39777247414478917
2020-09-18,IE,Ireland,EUR,250.0,31799,2.0,1759,233.57142857142856,2.1666666666666665,0.00927624872579,Pre-Alpha,IRL,,,,,,,,,,,,0.00927624872579,5028000,46.45414251619502,0.4309201803235216
2020-09-19,IE,Ireland,EUR,224.0,32023,3.0,1762,237.57142857142856,2.2857142857142856,0.0096211665664461,Pre-Alpha,IRL,,,,,,,,,,,,0.0096211665664461,5028000,47.249687464484595,0.45459711330833047
2020-09-20,IE,Ireland,EUR,248.0,32271,1.0,1763,242.8571428571429,2.0,0.008235294117647,Pre-Alpha,IRL,,,,,,,,,,,,0.008235294117647,5028000,48.30094328901012,0.39777247414478917
2020-09-21,IE,Ireland,EUR,267.0,32538,,1763,258.2857142857143,2.0,0.0077433628318584,Pre-Alpha,IRL,,,,,,,,,,,,0.0077433628318584,5028000,51.369473803841345,0.39777247414478917
2020-09-22,IE,Ireland,EUR,395.0,32933,,1763,278.2857142857143,2.2,0.0079055441478439,Pre-Alpha,IRL,,,,,,,,,,,,0.0079055441478439,5028000,55.34719854528924,0.43754972155926813
2020-09-23,IE,Ireland,EUR,188.0,33121,,1763,275.57142857142856,2.25,0.0081648522550544,Pre-Alpha,IRL,,,,,,,,,,,,0.0081648522550544,5028000,54.807364473235594,0.4474940334128878
2020-09-24,IE,Ireland,EUR,323.0,33444,2.0,1765,270.7142857142857,2.0,0.0073878627968337,Pre-Alpha,IRL,,,,,,,,,,,,0.0073878627968337,5028000,53.841345607455395,0.39777247414478917
2020-09-25,IE,Ireland,EUR,231.0,33675,4.0,1769,268.0,2.5,0.0093283582089552,Pre-Alpha,IRL,,,,,,,,,,,,0.0093283582089552,5028000,53.30151153540175,0.4972155926809864
2020-09-26,IE,Ireland,EUR,319.0,33994,,1769,281.57142857142856,2.333333333333333,0.0082868256384238,Pre-Alpha,IRL,,,,,,,,,,,,0.0082868256384238,5028000,56.00068189566996,0.46406788650225395
2020-09-27,IE,Ireland,EUR,321.0,34315,2.0,1771,292.0,2.6666666666666665,0.0091324200913242,Pre-Alpha,IRL,,,,,,,,,,,,0.0091324200913242,5028000,58.07478122513922,0.5303632988597189
2020-09-28,IE,Ireland,EUR,245.0,34560,2.0,1773,288.85714285714283,2.5,0.0086547972304648,Pre-Alpha,IRL,,,,,,,,,,,,0.0086547972304648,5028000,57.449710194340255,0.4972155926809864
2020-09-29,IE,Ireland,EUR,430.0,34990,2.0,1775,293.85714285714283,2.4,0.008167233835683,Pre-Alpha,IRL,,,,,,,,,,,,0.008167233835683,5028000,58.44414137970224,0.47732696897374705
2020-09-30,IE,Ireland,EUR,387.0,35377,,1775,322.2857142857143,2.4,0.0074468085106382,Pre-Alpha,IRL,,,,,,,,,,,,0.0074468085106382,5028000,64.09819297647459,0.47732696897374705
2020-10-01,IE,Ireland,EUR,363.0,35740,,1775,328.0,2.5,0.0076219512195121,Pre-Alpha,IRL,,,,,,,,,,,,0.0076219512195121,5028000,65.23468575974542,0.4972155926809864
2020-10-02,IE,Ireland,EUR,415.0,36155,2.0,1777,354.2857142857143,2.0,0.0056451612903225,Pre-Alpha,IRL,,,,,,,,,,,,0.0056451612903225,5028000,70.46255256279122,0.39777247414478917
2020-10-03,IE,Ireland,EUR,442.0,36597,2.0,1779,371.8571428571428,2.0,0.0053784095274683,Pre-Alpha,IRL,,,,,,,,,,,,0.0053784095274683,5028000,73.957267871349,0.39777247414478917
2020-10-04,IE,Ireland,EUR,466.0,37063,4.0,1783,392.57142857142856,2.4,0.0061135371179039,Pre-Alpha,IRL,,,,,,,,,,,,0.0061135371179039,5028000,78.07705421070575,0.47732696897374705
2020-10-05,IE,Ireland,EUR,605.0,37668,1.0,1784,444.0,2.2,0.0049549549549549,Pre-Alpha,IRL,,,,,,,,,,,,0.0049549549549549,5028000,88.3054892601432,0.43754972155926813
2020-10-06,IE,Ireland,EUR,364.0,38032,2.0,1786,434.57142857142856,2.2,0.0050624589086127,Pre-Alpha,IRL,,,,,,,,,,,,0.0050624589086127,5028000,86.43027616774633,0.43754972155926813
2020-10-07,IE,Ireland,EUR,517.0,38549,3.0,1789,453.1428571428572,2.333333333333333,0.0051492223623371,Pre-Alpha,IRL,,,,,,,,,,,,0.0051492223623371,5028000,90.12387771337654,0.46406788650225395
2020-10-08,IE,Ireland,EUR,424.0,38973,2.0,1791,461.8571428571428,2.2857142857142856,0.0049489638107021,Pre-Alpha,IRL,,,,,,,,,,,,0.0049489638107021,5028000,91.85702920786451,0.45459711330833047
2020-10-09,IE,Ireland,EUR,611.0,39584,1.0,1792,489.8571428571428,2.142857142857143,0.0043744531933508,Pre-Alpha,IRL,,,,,,,,,,,,0.0043744531933508,5028000,97.42584384589155,0.4261847937265598
2020-10-10,IE,Ireland,EUR,502.0,40086,1.0,1793,498.4285714285714,2.0,0.0040126110633419,Pre-Alpha,IRL,,,,,,,,,,,,0.0040126110633419,5028000,99.13058302079781,0.39777247414478917
2020-10-11,IE,Ireland,EUR,617.0,40703,4.0,1797,520.0,2.0,0.0038461538461538,Pre-Alpha,IRL,,,,,,,,,,,,0.0038461538461538,5028000,103.42084327764519,0.39777247414478917
2020-10-12,IE,Ireland,EUR,1011.0,41714,5.0,1802,578.0,2.571428571428572,0.0044488383588729,Pre-Alpha,IRL,,,,,,,,,,,,0.0044488383588729,5028000,114.95624502784408,0.5114217524718719
2020-10-13,IE,Ireland,EUR,817.0,42531,5.0,1807,642.7142857142857,3.0,0.0046677039342076,Pre-Alpha,IRL,,,,,,,,,,,,0.0046677039342076,5028000,127.82702579838617,0.5966587112171838
2020-10-14,IE,Ireland,EUR,820.0,43351,2.0,1809,686.0,2.857142857142857,0.0041649312786339,Pre-Alpha,IRL,,,,,,,,,,,,0.0041649312786339,5028000,136.43595863166271,0.5682463916354131
2020-10-15,IE,Ireland,EUR,808.0,44159,5.0,1814,740.8571428571429,3.2857142857142856,0.0044350173544157,Pre-Alpha,IRL,,,,,,,,,,,,0.0044350173544157,5028000,147.34628935106264,0.653483350380725
2020-10-16,IE,Ireland,EUR,1084.0,45243,4.0,1818,808.4285714285714,3.7142857142857135,0.004594451316487,Pre-Alpha,IRL,,,,,,,,,,,,0.004594451316487,5028000,160.78531651324013,0.7387203091260369
2020-10-17,IE,Ireland,EUR,1186.0,46429,2.0,1820,906.1428571428572,3.857142857142857,0.004256660886016,Pre-Alpha,IRL,,,,,,,,,,,,0.004256660886016,5028000,180.21934310717128,0.7671326287078077
2020-10-18,IE,Ireland,EUR,998.0,47427,5.0,1825,960.5714285714286,4.0,0.0041641879833432,Pre-Alpha,IRL,,,,,,,,,,,,0.0041641879833432,5028000,191.04443686782588,0.7955449482895783
2020-10-19,IE,Ireland,EUR,1251.0,48678,8.0,1833,994.8571428571428,4.428571428571429,0.0044514646754738,Pre-Alpha,IRL,,,,,,,,,,,,0.0044514646754738,5028000,197.86339356745083,0.8807819070348903
2020-10-20,IE,Ireland,EUR,1284.0,49962,3.0,1836,1061.571428571429,4.142857142857143,0.0039025703135513,Pre-Alpha,IRL,,,,,,,,,,,,0.0039025703135513,5028000,211.1319468121378,0.8239572678713492
2020-10-21,IE,Ireland,EUR,1031.0,50993,4.0,1840,1091.7142857142858,4.428571428571429,0.0040565297042658,Pre-Alpha,IRL,,,,,,,,,,,,0.0040565297042658,5028000,217.12694624389138,0.8807819070348903
2020-10-22,IE,Ireland,EUR,1263.0,52256,5.0,1845,1156.7142857142858,4.428571428571429,0.0038285784858589,Pre-Alpha,IRL,,,,,,,,,,,,0.0038285784858589,5028000,230.054551653597,0.8807819070348903
2020-10-23,IE,Ireland,EUR,1166.0,53422,3.0,1848,1168.428571428571,4.285714285714286,0.0036679300648,Pre-Alpha,IRL,,,,,,,,,,,,0.0036679300648,5028000,232.38436185930212,0.8523695874531196
2020-10-24,IE,Ireland,EUR,1066.0,54488,5.0,1853,1151.2857142857142,4.714285714285714,0.0040948008437771,Pre-Alpha,IRL,,,,,,,,,,,,0.0040948008437771,5028000,228.9748835094897,0.9376065461984318
2020-10-25,IE,Ireland,EUR,1851.0,56339,7.0,1860,1273.142857142857,5.0,0.0039272890484739,Pre-Alpha,IRL,,,,,,,,,,,,0.0039272890484739,5028000,253.2105921127401,0.9944311853619728
2020-10-26,IE,Ireland,EUR,847.0,57186,5.0,1865,1215.428571428571,4.571428571428571,0.003761165961448,Pre-Alpha,IRL,,,,,,,,,,,,0.003761165961448,5028000,241.73201500170467,0.9091942266166609
2020-10-27,IE,Ireland,EUR,1020.0,58206,7.0,1872,1177.7142857142858,5.142857142857143,0.0043668122270742,Pre-Alpha,IRL,,,,,,,,,,,,0.0043668122270742,5028000,234.2311626321173,1.0228435049437437
2020-10-28,IE,Ireland,EUR,939.0,59145,5.0,1877,1164.571428571429,5.285714285714286,0.0045387634936211,Pre-Alpha,IRL,,,,,,,,,,,,0.0045387634936211,5028000,231.61722923059446,1.0512558245255144
2020-10-29,IE,Ireland,EUR,700.0,59845,7.0,1884,1084.142857142857,5.571428571428571,0.0051390169982869,Pre-Alpha,IRL,,,,,,,,,,,,0.0051390169982869,5028000,215.6210933060575,1.1080804636890556
2020-10-30,IE,Ireland,EUR,667.0,60512,4.0,1888,1012.8571428571428,5.714285714285714,0.005641748942172,Pre-Alpha,IRL,,,,,,,,,,,,0.005641748942172,5028000,201.44334583475396,1.1364927832708263
2020-10-31,IE,Ireland,EUR,863.0,61375,8.0,1896,983.8571428571428,6.142857142857143,0.0062436474517206,Pre-Alpha,IRL,,,,,,,,,,,,0.0062436474517206,5028000,195.6756449596545,1.2217297420161384
2020-11-01,IE,Ireland,EUR,762.0,62137,6.0,1902,828.2857142857143,6.0,0.0072438771990341,Pre-Alpha,IRL,,,,,,,,,,,,0.0072438771990341,5028000,164.73462893510626,1.1933174224343677
2020-11-02,IE,Ireland,EUR,397.0,62534,5.0,1907,764.0,6.0,0.0078534031413612,Pre-Alpha,IRL,,,,,,,,,,,,0.0078534031413612,5028000,151.94908512330946,1.1933174224343677
2020-11-03,IE,Ireland,EUR,546.0,63080,4.0,1911,696.2857142857143,5.571428571428571,0.0080016413623307,Pre-Alpha,IRL,,,,,,,,,,,,0.0080016413623307,5028000,138.4816456415502,1.1080804636890556
2020-11-04,IE,Ireland,EUR,748.0,63828,4.0,1915,669.0,5.428571428571429,0.0081144565449498,Pre-Alpha,IRL,,,,,,,,,,,,0.0081144565449498,5028000,133.054892601432,1.079668144107285
2020-11-05,IE,Ireland,EUR,298.0,64126,7.0,1922,611.5714285714286,5.428571428571429,0.0088764307404811,Pre-Alpha,IRL,,,,,,,,,,,,0.0088764307404811,5028000,121.63314012956018,1.079668144107285
2020-11-06,IE,Ireland,EUR,435.0,64561,6.0,1928,578.4285714285714,5.714285714285714,0.0098789824648061,Pre-Alpha,IRL,,,,,,,,,,,,0.0098789824648061,5028000,115.04148198658939,1.1364927832708263
2020-11-07,IE,Ireland,EUR,563.0,65124,3.0,1931,535.5714285714286,5.0,0.0093358228861029,Pre-Alpha,IRL,,,,,,,,,,,,0.0093358228861029,5028000,106.51778611205819,0.9944311853619728
2020-11-08,IE,Ireland,EUR,492.0,65616,9.0,1940,497.0,5.428571428571429,0.0109226789307272,Pre-Alpha,IRL,,,,,,,,,,,,0.0109226789307272,5028000,98.84645982498012,1.079668144107285
2020-11-09,IE,Ireland,EUR,317.0,65933,6.0,1946,485.57142857142856,5.571428571428571,0.0114739629302736,Pre-Alpha,IRL,,,,,,,,,,,,0.0114739629302736,5028000,96.57347425843845,1.1080804636890556
2020-11-10,IE,Ireland,EUR,539.0,66472,10.0,1956,484.57142857142856,6.428571428571429,0.0132665094339622,Pre-Alpha,IRL,,,,,,,,,,,,0.0132665094339622,5028000,96.37458802136607,1.2785543811796796
2020-11-11,IE,Ireland,EUR,265.0,66737,9.0,1965,415.57142857142856,7.142857142857143,0.0171880371261601,Pre-Alpha,IRL,,,,,,,,,,,,0.0171880371261601,5028000,82.65143766337083,1.4206159790885329
2020-11-12,IE,Ireland,EUR,230.0,66967,2.0,1967,405.8571428571428,6.428571428571429,0.0158394931362196,Pre-Alpha,IRL,,,,,,,,,,,,0.0158394931362196,5028000,80.71939993181041,1.2785543811796796
2020-11-13,IE,Ireland,EUR,358.0,67325,5.0,1972,394.8571428571428,6.285714285714286,0.0159189580318379,Pre-Alpha,IRL,,,,,,,,,,,,0.0159189580318379,5028000,78.53165132401408,1.2501420615979089
2020-11-14,IE,Ireland,EUR,385.0,67710,6.0,1978,369.4285714285714,6.714285714285714,0.0181747873163186,Pre-Alpha,IRL,,,,,,,,,,,,0.0181747873163186,5028000,73.4742584384589,1.3353790203432208
2020-11-15,IE,Ireland,EUR,467.0,68177,1.0,1979,365.8571428571428,5.571428571428571,0.015228426395939,Pre-Alpha,IRL,,,,,,,,,,,,0.015228426395939,5028000,72.76395044891463,1.1080804636890556
2020-11-16,IE,Ireland,EUR,427.0,68604,8.0,1987,381.57142857142856,5.857142857142857,0.015350056158742,Pre-Alpha,IRL,,,,,,,,,,,,0.015350056158742,5028000,75.88930560290943,1.1649051028525967
2020-11-17,IE,Ireland,EUR,377.0,68981,6.0,1993,358.42857142857144,5.285714285714286,0.0147469111199681,Pre-Alpha,IRL,,,,,,,,,,,,0.0147469111199681,5028000,71.28650983066257,1.0512558245255144
2020-11-18,IE,Ireland,EUR,453.0,69434,11.0,2004,385.2857142857143,5.571428571428571,0.014460511679644,Pre-Alpha,IRL,,,,,,,,,,,,0.014460511679644,5028000,76.62802591203545,1.1080804636890556
2020-11-19,IE,Ireland,EUR,330.0,69764,13.0,2017,399.57142857142856,7.142857142857143,0.0178762960314622,Pre-Alpha,IRL,,,,,,,,,,,,0.0178762960314622,5028000,79.46925787021252,1.4206159790885329
2020-11-20,IE,Ireland,EUR,372.0,70136,6.0,2023,401.57142857142856,7.285714285714286,0.0181430096051227,Pre-Alpha,IRL,,,,,,,,,,,,0.0181430096051227,5028000,79.86703034435732,1.4490282986703036
2020-11-21,IE,Ireland,EUR,415.0,70551,3.0,2026,405.8571428571428,6.857142857142857,0.0168954593453009,Pre-Alpha,IRL,,,,,,,,,,,,0.0168954593453009,5028000,80.71939993181041,1.3637913399249912
2020-11-22,IE,Ireland,EUR,329.0,70880,7.0,2033,386.1428571428572,7.714285714285714,0.0199778024417314,Pre-Alpha,IRL,,,,,,,,,,,,0.0199778024417314,5028000,76.7984998295261,1.5342652574156155
2020-11-23,IE,Ireland,EUR,341.0,71221,6.0,2039,373.8571428571428,7.428571428571429,0.0198700802445548,Pre-Alpha,IRL,,,,,,,,,,,,0.0198700802445548,5028000,74.35504034549379,1.4774406182520743
2020-11-24,IE,Ireland,EUR,318.0,71539,6.0,2045,365.4285714285714,7.428571428571429,0.0203283815480844,Pre-Alpha,IRL,,,,,,,,,,,,0.0203283815480844,5028000,72.67871349016933,1.4774406182520743
2020-11-25,IE,Ireland,EUR,250.0,71789,4.0,2049,336.42857142857144,6.428571428571429,0.019108280254777,Pre-Alpha,IRL,,,,,,,,,,,,0.019108280254777,5028000,66.91101261506991,1.2785543811796796
2020-11-26,IE,Ireland,EUR,219.0,72008,8.0,2057,320.57142857142856,5.714285714285714,0.017825311942959,Pre-Alpha,IRL,,,,,,,,,,,,0.017825311942959,5028000,63.75724514149335,1.1364927832708263
2020-11-27,IE,Ireland,EUR,257.0,72265,3.0,2060,304.1428571428572,5.285714285714286,0.0173790511977454,Pre-Alpha,IRL,,,,,,,,,,,,0.0173790511977454,5028000,60.48982838958974,1.0512558245255144
2020-11-28,IE,Ireland,EUR,307.0,72572,8.0,2068,288.7142857142857,6.0,0.0207817911924789,Pre-Alpha,IRL,,,,,,,,,,,,0.0207817911924789,5028000,57.421297874758494,1.1933174224343677
2020-11-29,IE,Ireland,EUR,205.0,72777,1.0,2069,271.0,5.142857142857143,0.0189773326304691,Pre-Alpha,IRL,,,,,,,,,,,,0.0189773326304691,5028000,53.89817024661893,1.0228435049437437
2020-11-30,IE,Ireland,EUR,243.0,73020,14.0,2083,257.0,6.285714285714286,0.0244580322401334,Pre-Alpha,IRL,,,,,,,,,,,,0.0244580322401334,5028000,51.113762927605414,1.2501420615979089
2020-12-01,IE,Ireland,EUR,299.0,73319,6.0,2089,254.28571428571428,6.285714285714286,0.0247191011235955,Pre-Alpha,IRL,,,,,,,,,,,,0.0247191011235955,5028000,50.57392885555176,1.2501420615979089
2020-12-02,IE,Ireland,EUR,303.0,73622,4.0,2093,261.85714285714283,6.285714285714286,0.0240043644298963,Pre-Alpha,IRL,,,,,,,,,,,,0.0240043644298963,5028000,52.07978179338561,1.2501420615979089
2020-12-03,IE,Ireland,EUR,254.0,73876,8.0,2101,266.85714285714283,6.285714285714286,0.0235546038543897,Pre-Alpha,IRL,,,,,,,,,,,,0.0235546038543897,5028000,53.07421297874758,1.2501420615979089
2020-12-04,IE,Ireland,EUR,268.0,74144,2.0,2103,268.42857142857144,6.142857142857143,0.0228845130388504,Pre-Alpha,IRL,,,,,,,,,,,,0.0228845130388504,5028000,53.38674849414707,1.2217297420161384
2020-12-05,IE,Ireland,EUR,162.0,74306,8.0,2111,247.7142857142857,6.142857142857143,0.02479815455594,Pre-Alpha,IRL,,,,,,,,,,,,0.02479815455594,5028000,49.26696215479031,1.2217297420161384
2020-12-06,IE,Ireland,EUR,263.0,74569,5.0,2116,256.0,6.714285714285714,0.0262276785714285,Pre-Alpha,IRL,,,,,,,,,,,,0.0262276785714285,5028000,50.91487669053301,1.3353790203432208
2020-12-07,IE,Ireland,EUR,457.0,75026,7.0,2123,286.57142857142856,5.714285714285714,0.0199401794616151,Pre-Alpha,IRL,,,,,,,,,,,,0.0199401794616151,5028000,56.99511308103193,1.1364927832708263
2020-12-08,IE,Ireland,EUR,298.0,75324,2.0,2125,286.42857142857144,5.142857142857143,0.0179551122194513,Pre-Alpha,IRL,,,,,,,,,,,,0.0179551122194513,5028000,56.96670076145016,1.0228435049437437
2020-12-09,IE,Ireland,EUR,222.0,75546,4.0,2129,274.85714285714283,5.142857142857143,0.0187110187110187,Pre-Alpha,IRL,,,,,,,,,,,,0.0187110187110187,5028000,54.66530287532674,1.0228435049437437
2020-12-10,IE,Ireland,EUR,214.0,75760,8.0,2137,269.1428571428572,5.142857142857143,0.019108280254777,Pre-Alpha,IRL,,,,,,,,,,,,0.019108280254777,5028000,53.52881009205593,1.0228435049437437
2020-12-11,IE,Ireland,EUR,218.0,75978,7.0,2144,262.0,5.857142857142857,0.0223555070883315,Pre-Alpha,IRL,,,,,,,,,,,,0.0223555070883315,5028000,52.10819411296738,1.1649051028525967
2020-12-12,IE,Ireland,EUR,303.0,76281,4.0,2148,282.1428571428572,5.285714285714286,0.0187341772151898,Pre-Alpha,IRL,,,,,,,,,,,,0.0187341772151898,5028000,56.11433117399706,1.0512558245255144
2020-12-13,IE,Ireland,EUR,304.0,76585,3.0,2151,288.0,5.0,0.0173611111111111,Pre-Alpha,IRL,,,,,,,,,,,,0.0173611111111111,5028000,57.27923627684964,0.9944311853619728
2020-12-14,IE,Ireland,EUR,249.0,76834,6.0,2157,258.2857142857143,4.857142857142857,0.0188053097345132,Pre-Alpha,IRL,,,,,,,,,,,,0.0188053097345132,5028000,51.369473803841345,0.9660188657802021
2020-12-15,IE,Ireland,EUR,429.0,77263,5.0,2162,277.0,5.285714285714286,0.0190820010314595,Pre-Alpha,IRL,,,,,,,,,,,,0.0190820010314595,5028000,55.0914876690533,1.0512558245255144
2020-12-16,IE,Ireland,EUR,264.0,77527,,2162,283.0,5.5,0.019434628975265,Pre-Alpha,IRL,,,,,,,,,,,,0.019434628975265,5028000,56.28480509148767,1.0938743038981704
2020-12-17,IE,Ireland,EUR,327.0,77854,4.0,2166,299.1428571428572,4.833333333333333,0.0161572747532632,Pre-Alpha,IRL,,,,,,,,,,,,0.0161572747532632,5028000,59.495397204227764,0.9612834791832404
2020-12-18,IE,Ireland,EUR,421.0,78275,3.0,2169,328.1428571428572,4.166666666666667,0.012697721665941,Pre-Alpha,IRL,,,,,,,,,,,,0.012697721665941,5028000,65.26309807932721,0.8286926544683109
2020-12-19,IE,Ireland,EUR,481.0,78756,5.0,2174,353.57142857142856,4.333333333333333,0.0122558922558922,Pre-Alpha,IRL,,,,,,,,,,,,0.0122558922558922,5028000,70.32049096488237,0.8618403606470432
2020-12-20,IE,Ireland,EUR,576.0,79332,8.0,2182,392.4285714285714,5.166666666666667,0.0131658779274359,Pre-Alpha,IRL,,,,,,,,,,,,0.0131658779274359,5028000,78.04864189112399,1.0275788915407056
2020-12-21,IE,Ireland,EUR,522.0,79854,7.0,2189,431.4285714285714,5.333333333333333,0.0123620309050772,Pre-Alpha,IRL,,,,,,,,,,,,0.0123620309050772,5028000,85.80520513694736,1.0607265977194378
2020-12-22,IE,Ireland,EUR,766.0,80620,5.0,2194,479.57142857142856,5.333333333333333,0.0111210406116572,Pre-Alpha,IRL,,,,,,,,,,,,0.0111210406116572,5028000,95.38015683600409,1.0607265977194378
2020-12-23,IE,Ireland,EUR,725.0,81345,4.0,2198,545.4285714285714,5.142857142857143,0.0094290204295442,Pre-Alpha,IRL,,,,,,,,,,,,0.0094290204295442,5028000,108.47823616320036,1.0228435049437437
2020-12-24,IE,Ireland,EUR,961.0,82306,4.0,2202,636.0,5.142857142857143,0.0080862533692722,Pre-Alpha,IRL,,,,,,,,,,,,0.0080862533692722,5028000,126.49164677804296,1.0228435049437437
2020-12-25,IE,Ireland,EUR,927.0,83233,10.0,2212,708.2857142857143,6.142857142857143,0.008672851956434,Pre-Alpha,IRL,,,,,,,,,,,,0.008672851956434,5028000,140.8682804864189,1.2217297420161384
2020-12-26,IE,Ireland,EUR,918.0,84151,15.0,2227,770.7142857142857,7.571428571428571,0.0098239110287303,Pre-Alpha,IRL,,,,,,,,,,,,0.0098239110287303,5028000,153.28446414365268,1.5058529378338448
2020-12-27,IE,Ireland,EUR,1025.0,85176,3.0,2230,834.8571428571429,6.857142857142857,0.0082135523613963,Pre-Alpha,IRL,,,,,,,,,,,,0.0082135523613963,5028000,166.0415956358677,1.3637913399249912
2020-12-28,IE,Ireland,EUR,1296.0,86472,7.0,2237,945.4285714285714,6.857142857142857,0.0072529465095194,Pre-Alpha,IRL,,,,,,,,,,,,0.0072529465095194,5028000,188.0327309921582,1.3637913399249912
2020-12-29,IE,Ireland,EUR,735.0,87207,7.0,2244,941.0,7.142857142857143,0.007590708972218,Pre-Alpha,IRL,,,,,,,,,,,,0.007590708972218,5028000,187.1519490851233,1.4206159790885329
2020-12-30,IE,Ireland,EUR,765.0,87972,9.0,2253,946.7142857142856,7.857142857142857,0.0082993813188471,Pre-Alpha,IRL,,,,,,,,,,,,0.0082993813188471,5028000,188.2884418683941,1.562677576997386
2020-12-31,IE,Ireland,EUR,1545.0,89517,11.0,2264,1030.142857142857,8.857142857142858,0.0085979753154902,Pre-Alpha,IRL,,,,,,,,,,,,0.0085979753154902,5028000,204.88123650414818,1.7615638140697807
2021-01-01,IE,Ireland,EUR,1720.0,91237,6.0,2270,1143.428571428571,8.285714285714286,0.0072463768115942,Alpha,IRL,,,,,,,,,,,,0.0072463768115942,5028000,227.41220593249227,1.6479145357426983
2021-01-02,IE,Ireland,EUR,1620.0,92857,6.0,2276,1243.7142857142858,7.0,0.0056283023202389,Alpha,IRL,,,,,,,,,,,,0.0056283023202389,5028000,247.35765427889535,1.392203659506762
2021-01-03,IE,Ireland,EUR,1753.0,94610,18.0,2294,1347.7142857142858,9.142857142857142,0.0067839728641085,Alpha,IRL,,,,,,,,,,,,0.0067839728641085,5028000,268.0418229344244,1.8183884532333219
2021-01-04,IE,Ireland,EUR,3394.0,98004,8.0,2302,1647.428571428571,9.285714285714286,0.0056364897676031,Alpha,IRL,,,,,,,,,,,,0.0056364897676031,5028000,327.6508694169791,1.8468007728150928
2021-01-05,IE,Ireland,EUR,4961.0,102965,8.0,2310,2251.1428571428573,9.428571428571429,0.0041883487752252,Alpha,IRL,,,,,,,,,,,,0.0041883487752252,5028000,447.721331969542,1.8752130923968635
2021-01-06,IE,Ireland,EUR,6110.0,109075,18.0,2328,3014.714285714286,10.714285714285714,0.003553997062029,Alpha,IRL,,,,,,,,,,,,0.003553997062029,5028000,599.5851801341062,2.130923968632799
2021-01-07,IE,Ireland,EUR,5325.0,114400,19.0,2347,3554.714285714286,11.857142857142858,0.0033356106578788,Alpha,IRL,,,,,,,,,,,,0.0033356106578788,5028000,706.9837481531993,2.3582225252869646
2021-01-08,IE,Ireland,EUR,7832.0,122232,14.0,2361,4427.857142857143,13.0,0.0029359574124858,Alpha,IRL,,,,,,,,,,,,0.0029359574124858,5028000,880.6398454369815,2.5855210819411294
2021-01-09,IE,Ireland,EUR,6503.0,128735,19.0,2380,5125.428571428572,14.857142857142858,0.0028987123028039,Alpha,IRL,,,,,,,,,,,,0.0028987123028039,5028000,1019.3772019547677,2.9548812365041486
2021-01-10,IE,Ireland,EUR,8227.0,136962,19.0,2399,6050.285714285715,15.0,0.0024792217604835,Alpha,IRL,,,,,,,,,,,,0.0024792217604835,5028000,1203.318558927151,2.983293556085919
2021-01-11,IE,Ireland,EUR,4843.0,141805,24.0,2423,6257.285714285715,17.285714285714285,0.0027624940069861,Alpha,IRL,,,,,,,,,,,,0.0027624940069861,5028000,1244.4880100011367,3.437890669394249
2021-01-12,IE,Ireland,EUR,6886.0,148691,32.0,2455,6532.285714285715,20.714285714285715,0.003171062415256,Alpha,IRL,,,,,,,,,,,,0.003171062415256,5028000,1299.1817251960451,4.119786339356745
2021-01-13,IE,Ireland,EUR,4926.0,153617,44.0,2499,6363.142857142857,24.428571428571427,0.0038390732342508,Alpha,IRL,,,,,,,,,,,,0.0038390732342508,5028000,1265.5415388112285,4.858506648482782
2021-01-14,IE,Ireland,EUR,3052.0,156669,34.0,2533,6038.428571428572,26.571428571428573,0.0044003879911992,Alpha,IRL,,,,,,,,,,,,0.0044003879911992,5028000,1200.960336401864,5.2846914422093425
2021-01-15,IE,Ireland,EUR,3553.0,160222,55.0,2588,5427.142857142857,32.42857142857143,0.0059752566464859,Alpha,IRL,,,,,,,,,,,,0.0059752566464859,5028000,1079.3840209114671,6.449596545061939
2021-01-16,IE,Ireland,EUR,3913.0,164135,56.0,2644,5057.142857142857,37.71428571428572,0.007457627118644,Alpha,IRL,,,,,,,,,,,,0.007457627118644,5028000,1005.7961131946813,7.500852369587455
2021-01-17,IE,Ireland,EUR,3491.0,167626,45.0,2689,4380.571428571428,41.42857142857143,0.0094573441168797,Alpha,IRL,,,,,,,,,,,,0.0094573441168797,5028000,871.2353676554154,8.23957267871349
2021-01-18,IE,Ireland,EUR,3232.0,170858,54.0,2743,4150.428571428572,45.71428571428572,0.0110143530788558,Alpha,IRL,,,,,,,,,,,,0.0110143530788558,5028000,825.4631208091829,9.091942266166612
2021-01-19,IE,Ireland,EUR,2946.0,173804,61.0,2804,3587.5714285714284,49.85714285714285,0.0138971847250428,Alpha,IRL,,,,,,,,,,,,0.0138971847250428,5028000,713.5185816570064,9.915899534037958
2021-01-20,IE,Ireland,EUR,2117.0,175921,47.0,2851,3186.285714285714,50.285714285714285,0.0157819225251076,Alpha,IRL,,,,,,,,,,,,0.0157819225251076,5028000,633.7083759518127,10.00113649278327
2021-01-21,IE,Ireland,EUR,1996.0,177917,67.0,2918,3035.428571428572,55.0,0.0181193524096385,Alpha,IRL,,,,,,,,,,,,0.0181193524096385,5028000,603.7049664734631,10.938743038981704
2021-01-22,IE,Ireland,EUR,2485.0,180402,59.0,2977,2882.8571428571427,55.57142857142857,0.0192765113974231,Alpha,IRL,,,,,,,,,,,,0.0192765113974231,5028000,573.3606091601318,11.052392317308785
2021-01-23,IE,Ireland,EUR,2598.0,183000,57.0,3034,2695.0,55.71428571428572,0.0206732043466737,Alpha,IRL,,,,,,,,,,,,0.0206732043466737,5028000,535.9984089101034,11.080804636890559
2021-01-24,IE,Ireland,EUR,2357.0,185357,72.0,3106,2533.0,59.57142857142857,0.0235181320850487,Alpha,IRL,,,,,,,,,,,,0.0235181320850487,5028000,503.77883850437547,11.847937265598363
2021-01-25,IE,Ireland,EUR,1905.0,187262,61.0,3167,2343.428571428572,60.57142857142857,0.0258473543038283,Alpha,IRL,,,,,,,,,,,,0.0258473543038283,5028000,466.07569041936597,12.046823502670758
2021-01-26,IE,Ireland,EUR,1370.0,188632,50.0,3217,2118.285714285714,59.0,0.0278527110871324,Alpha,IRL,,,,,,,,,,,,0.0278527110871324,5028000,421.2978747584953,11.734287987271282
2021-01-27,IE,Ireland,EUR,1369.0,190001,72.0,3289,2011.4285714285716,62.57142857142857,0.0311079545454545,Alpha,IRL,,,,,,,,,,,,0.0311079545454545,5028000,400.04545971133086,12.444595976815545
2021-01-28,IE,Ireland,EUR,928.0,190929,54.0,3343,1858.857142857143,60.71428571428572,0.0326621580079926,Alpha,IRL,,,,,,,,,,,,0.0326621580079926,5028000,369.7011023979998,12.07523582225253
2021-01-29,IE,Ireland,EUR,1331.0,192260,75.0,3418,1694.0,63.0,0.0371900826446281,Alpha,IRL,,,,,,,,,,,,0.0371900826446281,5028000,336.91328560063647,12.52983293556086
2021-01-30,IE,Ireland,EUR,1463.0,193723,74.0,3492,1531.857142857143,65.42857142857143,0.0427119276321924,Alpha,IRL,,,,,,,,,,,,0.0427119276321924,5028000,304.66530287532674,13.01284236845096
2021-01-31,IE,Ireland,EUR,1247.0,194970,66.0,3558,1373.2857142857142,64.57142857142857,0.0470196608758972,Alpha,IRL,IRL,137168.0,,88851.0,226021.0,5.0,3.0,,2.0,2020-12-30,2023-12-23,0.0470196608758972,5028000,273.1276281395613,12.842368450960336
2021-02-01,IE,Ireland,EUR,1411.0,196381,49.0,3607,1302.7142857142858,62.85714285714285,0.0482509047044632,Alpha,IRL,,142625.4642857143,,90768.75,233396.17857142852,5.142857142857143,3.107142857142857,,2.0357142857142856,,,0.0482509047044632,5028000,259.0919422661666,12.501420615979086
2021-02-02,IE,Ireland,EUR,1244.0,197625,54.0,3661,1284.7142857142858,63.42857142857143,0.0493717335705548,Alpha,IRL,,148082.92857142858,,92686.5,240771.3571428572,5.285714285714286,3.2142857142857144,,2.071428571428572,,,0.0493717335705548,5028000,255.51198999886353,12.615069894306172
2021-02-03,IE,Ireland,EUR,1006.0,198631,57.0,3718,1232.857142857143,61.285714285714285,0.0497103128621089,Alpha,IRL,,153540.39285714284,,94604.25,248146.5357142857,5.428571428571429,3.321428571428571,,2.107142857142857,,,0.0497103128621089,5028000,245.19831799068078,12.188885100579611
2021-02-04,IE,Ireland,EUR,871.0,199502,77.0,3795,1224.7142857142858,64.57142857142857,0.0527236673276565,Alpha,IRL,,158997.85714285713,,96522.0,255521.7142857143,5.571428571428571,3.4285714285714284,,2.142857142857143,,,0.0527236673276565,5028000,243.57881577451985,12.842368450960336
2021-02-05,IE,Ireland,EUR,1006.0,200508,59.0,3854,1178.2857142857142,62.285714285714285,0.0528612997090203,Alpha,IRL,,164455.32142857142,,98439.75,262896.89285714284,5.714285714285714,3.5357142857142856,,2.1785714285714284,,,0.0528612997090203,5028000,234.34481191044435,12.387771337652007
2021-02-06,IE,Ireland,EUR,1314.0,201822,52.0,3906,1157.0,59.142857142857146,0.0511174219039387,Alpha,IRL,,169912.7857142857,,100357.5,270272.0714285714,5.857142857142857,3.642857142857143,,2.2142857142857144,,,0.0511174219039387,5028000,230.11137629276053,11.762700306853052
2021-02-07,IE,Ireland,EUR,1019.0,202841,40.0,3946,1124.428571428571,55.42857142857143,0.0492948799390166,Alpha,IRL,,175370.25,,102275.25,277647.25,6.0,3.75,,2.25,,,0.0492948799390166,5028000,223.63336742811677,11.023979997727015
2021-02-08,IE,Ireland,EUR,785.0,203626,29.0,3975,1035.0,52.57142857142857,0.0507936507936507,Alpha,IRL,,180827.7142857143,,104193.0,285022.4285714286,6.142857142857142,3.857142857142857,,2.2857142857142856,,,0.0507936507936507,5028000,205.8472553699284,10.4557336060916
2021-02-09,IE,Ireland,EUR,1020.0,204646,45.0,4020,1003.0,51.285714285714285,0.0511323173337131,Alpha,IRL,,186285.17857142852,,106110.75,292397.6071428572,6.285714285714286,3.9642857142857135,,2.321428571428571,,,0.0511323173337131,5028000,199.48289578361178,10.200022729855666
2021-02-10,IE,Ireland,EUR,829.0,205475,37.0,4057,977.7142857142856,48.42857142857143,0.0495324371712448,Alpha,IRL,,191742.64285714284,,108028.5,299772.7857142857,6.428571428571429,4.071428571428571,,2.357142857142857,,,0.0495324371712448,5028000,194.45391521763833,9.631776338220254
2021-02-11,IE,Ireland,EUR,543.0,206018,57.0,4114,930.8571428571428,45.57142857142857,0.0489564149785144,Alpha,IRL,,197200.1071428572,,109946.25,307147.9642857143,6.571428571428571,4.178571428571429,,2.392857142857143,,,0.0489564149785144,5028000,185.13467439481758,9.06352994658484
2021-02-12,IE,Ireland,EUR,999.0,207017,46.0,4160,929.8571428571428,43.71428571428572,0.0470118297741588,Alpha,IRL,,202657.57142857145,,111864.0,314523.14285714284,6.714285714285714,4.285714285714286,,2.4285714285714284,,,0.0470118297741588,5028000,184.93578815774518,8.694169792021823
2021-02-13,IE,Ireland,EUR,862.0,207879,29.0,4189,865.2857142857143,40.42857142857143,0.0467228000660392,Alpha,IRL,,208115.0357142857,,113781.75,321898.3214285714,6.857142857142857,4.392857142857142,,2.4642857142857144,,,0.0467228000660392,5028000,172.09341970678489,8.040686441641096
2021-02-14,IE,Ireland,EUR,919.0,208798,38.0,4227,851.0,40.142857142857146,0.0471713949974819,Alpha,IRL,,213572.5,,115699.5,329273.5,7.0,4.5,,2.5,,,0.0471713949974819,5028000,169.25218774860778,7.983861802477556
2021-02-15,IE,Ireland,EUR,1076.0,209874,26.0,4253,892.5714285714286,39.71428571428572,0.0444942381562099,Alpha,IRL,,219029.96428571423,,117617.25,336648.6785714286,7.142857142857142,4.607142857142857,,2.5357142857142856,,,0.0444942381562099,5028000,177.52017274690306,7.898624843732245
2021-02-16,IE,Ireland,EUR,786.0,210660,27.0,4280,859.1428571428571,37.142857142857146,0.0432324575989358,Alpha,IRL,,224487.42857142852,,119535.0,344023.8571428572,7.285714285714286,4.714285714285714,,2.571428571428571,,,0.0432324575989358,5028000,170.8716899647687,7.387203091260371
2021-02-17,IE,Ireland,EUR,820.0,211480,29.0,4309,857.8571428571429,36.0,0.0419650291423813,Alpha,IRL,,229944.89285714284,,121452.75,351399.0357142857,7.428571428571429,4.821428571428571,,2.607142857142857,,,0.0419650291423813,5028000,170.61597908853278,7.159904534606205
2021-02-18,IE,Ireland,EUR,711.0,212191,31.0,4340,881.8571428571429,32.285714285714285,0.036611048112749,Alpha,IRL,,235402.3571428572,,123370.5,358774.2142857143,7.571428571428571,4.928571428571429,,2.642857142857143,,,0.036611048112749,5028000,175.38924877827026,6.421184225480168
2021-02-19,IE,Ireland,EUR,638.0,212829,23.0,4363,830.2857142857143,29.0,0.0349277357192016,Alpha,IRL,,240859.82142857145,,125288.25,366149.3928571429,7.7142857142857135,5.035714285714286,,2.6785714285714284,,,0.0349277357192016,5028000,165.13240140925106,5.767700875099443
2021-02-20,IE,Ireland,EUR,896.0,213725,34.0,4397,835.1428571428571,29.714285714285715,0.0355798836811495,Alpha,IRL,,246317.2857142857,,127206.0,373524.5714285714,7.857142857142857,5.142857142857142,,2.7142857142857144,,,0.0355798836811495,5028000,166.09842027503123,5.909762473008297
2021-02-21,IE,Ireland,EUR,753.0,214478,20.0,4417,811.4285714285714,27.142857142857142,0.0334507042253521,Alpha,IRL,,251774.75,,129123.75,380899.75,8.0,5.25,,2.75,,,0.0334507042253521,5028000,161.38197522445734,5.398340720536424
2021-02-22,IE,Ireland,EUR,978.0,215456,29.0,4446,797.4285714285714,27.571428571428573,0.0345754209960587,Alpha,IRL,,257232.21428571423,,131041.5,388274.9285714286,8.142857142857142,5.357142857142858,,2.7857142857142856,,,0.0345754209960587,5028000,158.59756790544378,5.483577679281737
2021-02-23,IE,Ireland,EUR,679.0,216135,17.0,4463,782.1428571428571,26.142857142857142,0.0334246575342465,Alpha,IRL,,262689.6785714286,,132959.25,395650.1071428572,8.285714285714285,5.4642857142857135,,2.821428571428571,,,0.0334246575342465,5028000,155.55744971019433,5.19945448346403
2021-02-24,IE,Ireland,EUR,686.0,216821,18.0,4481,763.0,24.571428571428573,0.0322037071709417,Alpha,IRL,,268147.14285714284,,134877.0,403025.2857142857,8.428571428571429,5.571428571428571,,2.857142857142857,,,0.0322037071709417,5028000,151.75019888623706,4.8869189680645535
2021-02-25,IE,Ireland,EUR,557.0,217378,20.0,4501,741.0,23.0,0.0310391363022942,Alpha,IRL,,273604.6071428572,,136794.75,410400.4642857143,8.571428571428571,5.678571428571429,,2.892857142857143,,,0.0310391363022942,5028000,147.37470167064438,4.574383452665075
2021-02-26,IE,Ireland,EUR,570.0,217948,26.0,4527,731.2857142857143,23.428571428571427,0.0320375073256495,Alpha,IRL,,279062.0714285714,,138712.5,417775.6428571429,8.714285714285714,5.785714285714286,,2.9285714285714284,,,0.0320375073256495,5028000,145.44266393908399,4.659620411410387
2021-02-27,IE,Ireland,EUR,608.0,218556,28.0,4555,690.1428571428571,22.571428571428573,0.0327054440074518,Alpha,IRL,,284519.5357142857,,140630.25,425150.8214285714,8.857142857142858,5.892857142857142,,2.9642857142857144,,,0.0327054440074518,5028000,137.25991589953404,4.4891464939197645
2021-02-28,IE,Ireland,EUR,773.0,219329,12.0,4567,693.0,21.428571428571427,0.030921459492888,Alpha,IRL,IRL,289977.0,,142548.0,432526.0,9.0,6.0,,3.0,2020-12-30,2023-09-17,0.030921459492888,5028000,137.82816229116946,4.261847937265598
2021-03-01,IE,Ireland,EUR,729.0,220058,16.0,4583,657.4285714285714,19.571428571428573,0.0297696653628857,Alpha,IRL,,300961.6785714286,,145828.2142857143,446790.8571428572,9.285714285714286,6.214285714285714,,3.071428571428572,,,0.0297696653628857,5028000,130.75349471530856,3.89248778270258
2021-03-02,IE,Ireland,EUR,972.0,221030,18.0,4601,699.2857142857143,19.714285714285715,0.0281920326864147,Alpha,IRL,,311946.3571428572,,149108.42857142858,461055.7142857143,9.571428571428571,6.428571428571429,,3.142857142857143,,,0.0281920326864147,5028000,139.0783043527674,3.9209001022843504
2021-03-03,IE,Ireland,EUR,321.0,221351,11.0,4612,647.1428571428571,18.714285714285715,0.0289183222958057,Alpha,IRL,,322931.0357142857,,152388.64285714287,475320.5714285714,9.857142857142858,6.642857142857142,,3.2142857142857144,,,0.0289183222958057,5028000,128.70780770542106,3.722013865211956
2021-03-04,IE,Ireland,EUR,357.0,221708,14.0,4626,618.5714285714286,17.857142857142858,0.0288683602771362,Alpha,IRL,,333915.71428571426,,155668.85714285713,489585.4285714286,10.142857142857142,6.857142857142857,,3.2857142857142856,,,0.0288683602771362,5028000,123.02534378906692,3.551539947721332
2021-03-05,IE,Ireland,EUR,559.0,222267,14.0,4640,617.0,16.142857142857142,0.0261634637647603,Alpha,IRL,,344900.39285714284,,158949.07142857142,503850.2857142857,10.428571428571429,7.071428571428571,,3.357142857142857,,,0.0261634637647603,5028000,122.71280827366745,3.210592112740084
2021-03-06,IE,Ireland,EUR,460.0,222727,9.0,4649,595.8571428571429,13.428571428571429,0.0225365619755454,Alpha,IRL,,355885.0714285714,,162229.2857142857,518115.1428571429,10.714285714285714,7.285714285714286,,3.4285714285714284,,,0.0225365619755454,5028000,118.5077849755654,2.6707580406864415
2021-03-07,IE,Ireland,EUR,520.0,223247,14.0,4663,559.7142857142857,13.714285714285714,0.0245022970903522,Alpha,IRL,,366869.75,,165509.5,532380.0,11.0,7.5,,3.5,,,0.0245022970903522,5028000,111.31946812137741,2.7275826798499825
2021-03-08,IE,Ireland,EUR,530.0,223777,7.0,4670,531.2857142857143,12.428571428571429,0.023393385318634,Alpha,IRL,,377854.4285714286,,168789.7142857143,546644.8571428572,11.285714285714285,7.714285714285714,,3.571428571428571,,,0.023393385318634,5028000,105.66541652460508,2.471871803614047
2021-03-09,IE,Ireland,EUR,520.0,224297,12.0,4682,466.7142857142857,11.571428571428571,0.024793388429752,Alpha,IRL,,388839.1071428572,,172069.92857142858,560909.7142857143,11.571428571428571,7.928571428571429,,3.642857142857143,,,0.024793388429752,5028000,92.82304807364473,2.301397886123423
2021-03-10,IE,Ireland,EUR,432.0,224729,7.0,4689,482.57142857142856,11.0,0.0227945529899348,Alpha,IRL,,399823.7857142857,,175350.14285714284,575174.5714285714,11.857142857142858,8.142857142857142,,3.7142857142857135,,,0.0227945529899348,5028000,95.97681554722128,2.187748607796341
2021-03-11,IE,Ireland,EUR,306.0,225035,15.0,4704,475.2857142857143,11.142857142857142,0.0234445446348061,Alpha,IRL,,410808.4642857143,,178630.35714285716,589439.4285714286,12.142857142857142,8.357142857142858,,3.7857142857142856,,,0.0234445446348061,5028000,94.52778724855098,2.216160927378111
2021-03-12,IE,Ireland,EUR,631.0,225666,12.0,4716,485.57142857142856,10.857142857142858,0.0223595175051485,Alpha,IRL,,421793.1428571429,,181910.57142857145,603704.2857142857,12.428571428571429,8.571428571428571,,3.857142857142857,,,0.0223595175051485,5028000,96.57347425843845,2.15933628821457
2021-03-13,IE,Ireland,EUR,591.0,226257,5.0,4721,504.2857142857143,10.285714285714286,0.0203966005665722,Alpha,IRL,,432777.8214285714,,185190.7857142857,617969.1428571428,12.714285714285714,8.785714285714285,,3.928571428571429,,,0.0203966005665722,5028000,100.29548812365041,2.0456870098874873
2021-03-14,IE,Ireland,EUR,641.0,226898,4.0,4725,521.5714285714286,8.857142857142858,0.0169816488633251,Alpha,IRL,,443762.5,,188471.0,632234.0,13.0,9.0,,4.0,,,0.0169816488633251,5028000,103.73337879304466,1.7615638140697807
2021-03-15,IE,Ireland,EUR,538.0,227436,8.0,4733,522.7142857142857,9.0,0.0172178190762503,Alpha,IRL,,454747.1785714285,,191751.2142857143,646498.8571428572,13.285714285714285,9.214285714285714,,4.071428571428571,,,0.0172178190762503,5028000,103.96067734969881,1.7899761336515512
2021-03-16,IE,Ireland,EUR,383.0,227819,11.0,4744,503.1428571428572,8.857142857142858,0.0176036342986939,Alpha,IRL,,465731.8571428572,,195031.42857142852,660763.7142857143,13.571428571428571,9.428571428571429,,4.142857142857142,,,0.0176036342986939,5028000,100.06818956699627,1.7615638140697807
2021-03-17,IE,Ireland,EUR,575.0,228394,8.0,4752,523.5714285714286,9.0,0.0171896316507503,Alpha,IRL,,476716.5357142857,,198311.64285714284,675028.5714285714,13.857142857142858,9.642857142857142,,4.214285714285714,,,0.0171896316507503,5028000,104.13115126718944,1.7899761336515512
2021-03-18,IE,Ireland,EUR,347.0,228741,8.0,4760,529.4285714285714,8.0,0.0151106314085267,Alpha,IRL,,487701.2142857143,,201591.8571428572,689293.4285714286,14.142857142857142,9.857142857142858,,4.285714285714286,,,0.0151106314085267,5028000,105.29605637004207,1.5910898965791567
2021-03-19,IE,Ireland,EUR,552.0,229293,11.0,4771,518.1428571428571,7.857142857142857,0.0151640474221119,Alpha,IRL,,498685.8928571429,,204872.07142857145,703558.2857142857,14.428571428571429,10.071428571428571,,4.357142857142857,,,0.0151640474221119,5028000,103.05148312308216,1.562677576997386
2021-03-20,IE,Ireland,EUR,581.0,229874,9.0,4780,516.7142857142857,8.428571428571429,0.0163118606580038,Alpha,IRL,,509670.5714285714,,208152.2857142857,717823.1428571428,14.714285714285714,10.285714285714285,,4.428571428571429,,,0.0163118606580038,5028000,102.76735992726445,1.6763268553244688
2021-03-21,IE,Ireland,EUR,510.0,230384,5.0,4785,498.0,8.571428571428571,0.0172117039586919,Alpha,IRL,,520655.25,,211432.5,732088.0,15.0,10.5,,4.5,,,0.0172117039586919,5028000,99.0453460620525,1.7047391749062393
2021-03-22,IE,Ireland,EUR,525.0,230909,5.0,4790,496.1428571428572,8.142857142857142,0.0164123236395047,Alpha,IRL,,531639.9285714285,,214712.7142857143,746352.8571428572,15.285714285714285,10.714285714285715,,4.571428571428571,,,0.0164123236395047,5028000,98.6759859074895,1.6195022161609274
2021-03-23,IE,Ireland,EUR,768.0,231677,11.0,4801,551.1428571428571,8.142857142857142,0.0147744945567651,Alpha,IRL,,542624.6071428572,,217992.92857142852,760617.7142857143,15.571428571428571,10.928571428571429,,4.642857142857142,,,0.0147744945567651,5028000,109.61472894647119,1.6195022161609274
2021-03-24,IE,Ireland,EUR,520.0,232197,3.0,4804,543.2857142857143,7.428571428571429,0.013673415724428,Alpha,IRL,,553609.2857142857,,221273.14285714284,774882.5714285714,15.857142857142858,11.142857142857142,,4.714285714285714,,,0.013673415724428,5028000,108.0520513694738,1.4774406182520743
2021-03-25,IE,Ireland,EUR,365.0,232562,1.0,4805,545.8571428571429,6.428571428571429,0.0117770217220622,Alpha,IRL,,564593.9642857143,,224553.3571428572,789147.4285714286,16.142857142857142,11.357142857142858,,4.785714285714286,,,0.0117770217220622,5028000,108.56347312194569,1.2785543811796796
2021-03-26,IE,Ireland,EUR,680.0,233242,7.0,4812,564.1428571428571,5.857142857142857,0.0103823752848822,Alpha,IRL,,575578.6428571428,,227833.57142857145,803412.2857142857,16.428571428571427,11.571428571428571,,4.857142857142857,,,0.0103823752848822,5028000,112.20025002841231,1.1649051028525967
2021-03-27,IE,Ireland,EUR,594.0,233836,6.0,4818,566.0,5.428571428571429,0.0095911155981827,Alpha,IRL,,586563.3214285714,,231113.7857142857,817677.1428571428,16.714285714285715,11.785714285714285,,4.928571428571429,,,0.0095911155981827,5028000,112.56961018297534,1.079668144107285
2021-03-28,IE,Ireland,EUR,569.0,234405,10.0,4828,574.4285714285714,6.142857142857143,0.0106938572494404,Alpha,IRL,IRL,597548.0,,234394.0,831942.0,17.0,12.0,,5.0,2020-12-30,2023-12-23,0.0106938572494404,5028000,114.2459370382998,1.2217297420161384
2021-03-29,IE,Ireland,EUR,610.0,235015,9.0,4837,586.5714285714286,6.714285714285714,0.0114466634193862,Alpha,IRL,,615929.6785714285,,241500.67857142852,857430.3214285715,17.5,12.357142857142858,,5.142857142857143,,,0.0114466634193862,5028000,116.66098420275031,1.3353790203432208
2021-03-30,IE,Ireland,EUR,604.0,235619,6.0,4843,563.1428571428571,6.0,0.0106544901065449,Alpha,IRL,,634311.3571428572,,248607.3571428572,882918.6428571428,18.0,12.714285714285714,,5.285714285714286,,,0.0106544901065449,5028000,112.00136379133993,1.1933174224343677
2021-03-31,IE,Ireland,EUR,537.0,236156,5.0,4848,565.5714285714286,6.285714285714286,0.0111139176559737,Alpha,IRL,,652693.0357142857,,255714.0357142857,908406.9642857144,18.5,13.071428571428571,,5.428571428571429,,,0.0111139176559737,5028000,112.48437322423003,1.2501420615979089
2021-04-01,IE,Ireland,EUR,366.0,236522,5.0,4853,565.7142857142857,6.857142857142857,0.0121212121212121,Alpha,IRL,,671074.7142857143,,262820.71428571426,933895.2857142856,19.0,13.428571428571429,,5.571428571428571,,,0.0121212121212121,5028000,112.51278554381179,1.3637913399249912
2021-04-02,IE,Ireland,EUR,410.0,236932,7.0,4860,527.1428571428571,6.857142857142857,0.0130081300813008,Alpha,IRL,,689456.3928571428,,269927.39285714284,959383.6071428572,19.5,13.785714285714286,,5.714285714285714,,,0.0130081300813008,5028000,104.84145925673371,1.3637913399249912
2021-04-03,IE,Ireland,EUR,746.0,237678,10.0,4870,548.8571428571429,7.428571428571429,0.0135346173867777,Alpha,IRL,,707838.0714285715,,277034.0714285714,984871.9285714286,20.0,14.142857142857142,,5.857142857142857,,,0.0135346173867777,5028000,109.16013183316286,1.4774406182520743
2021-04-04,IE,Ireland,EUR,587.0,238265,6.0,4876,551.4285714285714,6.857142857142857,0.0124352331606217,Alpha,IRL,,726219.75,,284140.75,1010360.25,20.5,14.5,,6.0,,,0.0124352331606217,5028000,109.67155358563473,1.3637913399249912
2021-04-05,IE,Ireland,EUR,508.0,238773,5.0,4881,536.8571428571429,6.285714285714286,0.011708355508249,Alpha,IRL,,744601.4285714286,,291247.4285714286,1035848.5714285714,21.0,14.857142857142858,,6.142857142857142,,,0.011708355508249,5028000,106.77349698829414,1.2501420615979089
2021-04-06,IE,Ireland,EUR,453.0,239226,6.0,4887,515.2857142857143,6.285714285714286,0.0121985029110063,Alpha,IRL,,762983.1071428572,,298354.1071428572,1061336.8928571427,21.5,15.214285714285715,,6.285714285714286,,,0.0121985029110063,5028000,102.48323673144677,1.2501420615979089
2021-04-07,IE,Ireland,EUR,318.0,239544,3.0,4890,484.0,6.0,0.012396694214876,Alpha,IRL,,781364.7857142857,,305460.7857142857,1086825.2142857143,22.0,15.571428571428571,,6.428571428571429,,,0.012396694214876,5028000,96.26093874303898,1.1933174224343677
2021-04-08,IE,Ireland,EUR,441.0,239985,5.0,4895,494.7142857142857,6.0,0.0121282125324862,Alpha,IRL,,799746.4642857143,,312567.4642857143,1112313.5357142857,22.5,15.928571428571429,,6.571428571428571,,,0.0121282125324862,5028000,98.39186271167178,1.1933174224343677
2021-04-09,IE,Ireland,EUR,418.0,240403,3.0,4898,495.8571428571428,5.428571428571429,0.0109478536444828,Alpha,IRL,,818128.1428571428,,319674.14285714284,1137801.8571428573,23.0,16.285714285714285,,6.714285714285714,,,0.0109478536444828,5028000,98.61916126832594,1.079668144107285
2021-04-10,IE,Ireland,EUR,398.0,240801,5.0,4903,446.1428571428572,4.714285714285714,0.010566762728146,Alpha,IRL,,836509.8214285715,,326780.8214285714,1163290.1785714286,23.5,16.642857142857142,,6.857142857142857,,,0.010566762728146,5028000,88.73167405386977,0.9376065461984318
2021-04-11,IE,Ireland,EUR,469.0,241270,5.0,4908,429.2857142857143,4.571428571428571,0.0106489184692179,Alpha,IRL,,854891.5,,333887.5,1188778.5,24.0,17.0,,7.0,,,0.0106489184692179,5028000,85.37902034322083,0.9091942266166609
2021-04-12,IE,Ireland,EUR,451.0,241721,3.0,4911,421.1428571428572,4.285714285714286,0.0101763907734056,Alpha,IRL,,873273.1785714286,,340994.1785714286,1214266.8214285714,24.5,17.357142857142858,,7.142857142857142,,,0.0101763907734056,5028000,83.75951812705992,0.8523695874531196
2021-04-13,IE,Ireland,EUR,302.0,242023,2.0,4913,399.57142857142856,3.7142857142857135,0.0092956739363603,Alpha,IRL,,891654.8571428572,,348100.8571428572,1239755.1428571427,25.0,17.714285714285715,,7.285714285714286,,,0.0092956739363603,5028000,79.46925787021252,0.7387203091260369
2021-04-14,IE,Ireland,EUR,385.0,242408,6.0,4919,409.1428571428572,4.142857142857143,0.0101256983240223,Alpha,IRL,,910036.5357142856,,355207.5357142857,1265243.4642857143,25.5,18.07142857142857,,7.428571428571429,,,0.0101256983240223,5028000,81.37288328219117,0.8239572678713492
2021-04-15,IE,Ireland,EUR,354.0,242762,4.0,4923,396.7142857142857,4.0,0.0100828231904933,Alpha,IRL,,928418.2142857144,,362314.2142857143,1290731.7857142857,26.0,18.42857142857143,,7.571428571428571,,,0.0100828231904933,5028000,78.90101147857712,0.7955449482895783
2021-04-16,IE,Ireland,EUR,421.0,243183,4.0,4927,397.1428571428572,4.142857142857143,0.0104316546762589,Alpha,IRL,,946799.892857143,,369420.8928571429,1316220.107142857,26.5,18.785714285714285,,7.7142857142857135,,,0.0104316546762589,5028000,78.98624843732243,0.8239572678713492
2021-04-17,IE,Ireland,EUR,297.0,243480,5.0,4932,382.7142857142857,4.142857142857143,0.0108249346771183,Alpha,IRL,,965181.5714285716,,376527.5714285714,1341708.4285714286,27.0,19.142857142857142,,7.857142857142857,,,0.0108249346771183,5028000,76.1166041595636,0.8239572678713492
2021-04-18,IE,Ireland,EUR,417.0,243897,3.0,4935,375.2857142857143,3.857142857142857,0.0102778835173201,Alpha,IRL,,983563.25,,383634.25,1367196.75,27.5,19.5,,8.0,,,0.0102778835173201,5028000,74.63916354131152,0.7671326287078077
2021-04-19,IE,Ireland,EUR,419.0,244316,2.0,4937,370.7142857142857,3.7142857142857135,0.010019267822736,Alpha,IRL,,1001944.9285714286,,390740.9285714286,1392685.0714285714,28.0,19.857142857142858,,8.142857142857142,,,0.010019267822736,5028000,73.72996931469486,0.7387203091260369
2021-04-20,IE,Ireland,EUR,270.0,244586,6.0,4943,366.1428571428572,4.285714285714286,0.0117050331642606,Alpha,IRL,,1020326.6071428572,,397847.6071428572,1418173.3928571427,28.5,20.214285714285715,,8.285714285714285,,,0.0117050331642606,5028000,72.82077508807821,0.8523695874531196
2021-04-21,IE,Ireland,EUR,403.0,244989,,4943,368.7142857142857,4.0,0.0108485083301046,Alpha,IRL,,1038708.2857142856,,404954.2857142857,1443661.7142857143,29.0,20.57142857142857,,8.428571428571429,,,0.0108485083301046,5028000,73.33219684055007,0.7955449482895783
2021-04-22,IE,Ireland,EUR,386.0,245375,2.0,4945,373.2857142857143,3.6666666666666665,0.0098226814644725,Alpha,IRL,,1057089.9642857143,,412060.9642857143,1469150.0357142857,29.5,20.92857142857143,,8.571428571428571,,,0.0098226814644725,5028000,74.24139106716672,0.7292495359321134
2021-04-23,IE,Ireland,EUR,398.0,245773,5.0,4950,370.0,3.8333333333333335,0.0103603603603603,Alpha,IRL,,1075471.642857143,,419167.6428571429,1494638.3571428573,30.0,21.285714285714285,,8.714285714285714,,,0.0103603603603603,5028000,73.58790771678599,0.7623972421108459
2021-04-24,IE,Ireland,EUR,615.0,246388,2.0,4952,415.4285714285714,3.333333333333333,0.0080238422741861,Alpha,IRL,,1093853.3214285714,,426274.3214285714,1520126.6785714286,30.5,21.642857142857142,,8.857142857142858,,,0.0080238422741861,5028000,82.62302534378907,0.6629541235746486
2021-04-25,IE,Ireland,EUR,433.0,246821,3.0,4955,417.7142857142857,3.333333333333333,0.0079799361605107,Alpha,IRL,IRL,1112235.0,,433381.0,1545615.0,31.0,22.0,,9.0,2020-12-30,2023-12-23,0.0079799361605107,5028000,83.0776224570974,0.6629541235746486
2021-04-26,IE,Ireland,EUR,461.0,247282,2.0,4957,423.7142857142857,3.333333333333333,0.0078669363902,Alpha,IRL,,1131693.1714285717,,439668.1428571429,1571360.342857143,31.514285714285712,22.4,,9.114285714285714,,,0.0078669363902,5028000,84.27093987953177,0.6629541235746486
2021-04-27,IE,Ireland,EUR,429.0,247711,2.0,4959,446.4285714285714,2.6666666666666665,0.0059733333333333,Alpha,IRL,,1151151.342857143,,445955.28571428574,1597105.6857142858,32.028571428571425,22.8,,9.228571428571428,,,0.0059733333333333,5028000,88.7884986930333,0.5303632988597189
2021-04-28,IE,Ireland,EUR,436.0,248147,4.0,4963,451.1428571428572,2.857142857142857,0.006333122229259,Alpha,IRL,,1170609.5142857144,,452242.4285714286,1622851.0285714285,32.542857142857144,23.2,,9.342857142857143,,,0.006333122229259,5028000,89.72610523923174,0.5682463916354131
2021-04-29,IE,Ireland,EUR,420.0,248567,3.0,4966,456.0,3.0,0.006578947368421,Alpha,IRL,,1190067.6857142858,,458529.5714285714,1648596.3714285714,33.05714285714286,23.6,,9.457142857142856,,,0.006578947368421,5028000,90.69212410501193,0.5966587112171838
2021-04-30,IE,Ireland,EUR,368.0,248935,2.0,4968,451.7142857142857,2.571428571428572,0.0056925996204933,Alpha,IRL,,1209525.857142857,,464816.7142857143,1674341.7142857143,33.57142857142857,24.0,,9.571428571428571,,,0.0056925996204933,5028000,89.83975451755882,0.5114217524718719
2021-05-01,IE,Ireland,EUR,469.0,249404,2.0,4970,430.8571428571428,2.571428571428572,0.0059681697612732,Alpha,IRL,,1228984.0285714285,,471103.8571428572,1700087.0571428572,34.08571428571429,24.4,,9.685714285714283,,,0.0059681697612732,5028000,85.69155585862029,0.5114217524718719
2021-05-02,IE,Ireland,EUR,544.0,249948,1.0,4971,446.7142857142857,2.2857142857142856,0.0051167252958106,Alpha,IRL,,1248442.2,,477391.0,1725832.4,34.6,24.8,,9.8,,,0.0051167252958106,5028000,88.84532333219684,0.45459711330833047
2021-05-03,IE,Ireland,EUR,567.0,250515,3.0,4974,461.8571428571428,2.4285714285714284,0.005258274048871,Alpha,IRL,,1267900.3714285714,,483678.1428571429,1751577.7428571428,35.114285714285714,25.2,,9.914285714285716,,,0.005258274048871,5028000,91.85702920786451,0.48300943289010106
2021-05-04,IE,Ireland,EUR,401.0,250916,2.0,4976,457.8571428571428,2.4285714285714284,0.0053042121684867,Alpha,IRL,,1287358.5428571429,,489965.2857142857,1777323.0857142855,35.628571428571426,25.6,,10.028571428571428,,,0.0053042121684867,5028000,91.06148425957494,0.48300943289010106
2021-05-05,IE,Ireland,EUR,452.0,251368,1.0,4977,460.1428571428572,2.0,0.0043464762496119,Alpha,IRL,,1306816.7142857143,,496252.4285714286,1803068.4285714289,36.14285714285714,26.0,,10.142857142857142,,,0.0043464762496119,5028000,91.51608137288329,0.39777247414478917
2021-05-06,IE,Ireland,EUR,382.0,251750,1.0,4978,454.7142857142857,1.7142857142857142,0.003770028275212,Alpha,IRL,,1326274.8857142858,,502539.5714285714,1828813.7714285715,36.65714285714286,26.4,,10.257142857142856,,,0.003770028275212,5028000,90.436413228776,0.3409478349812478
2021-05-07,IE,Ireland,EUR,415.0,252165,2.0,4980,461.4285714285714,1.7142857142857142,0.0037151702786377,Alpha,IRL,,1345733.0571428572,,508826.7142857143,1854559.1142857145,37.17142857142857,26.8,,10.371428571428572,,,0.0037151702786377,5028000,91.77179224911922,0.3409478349812478
2021-05-08,IE,Ireland,EUR,387.0,252552,1.0,4981,449.7142857142857,1.5714285714285714,0.0034942820838627,Alpha,IRL,,1365191.2285714287,,515113.8571428572,1880304.457142857,37.68571428571428,27.2,,10.485714285714286,,,0.0034942820838627,5028000,89.44198204341403,0.3125355153994772
2021-05-09,IE,Ireland,EUR,430.0,252982,2.0,4983,433.4285714285714,1.7142857142857142,0.003955174686882,Alpha,IRL,,1384649.4,,521401.0,1906049.8,38.2,27.6,,10.6,,,0.003955174686882,5028000,86.20297761109217,0.3409478349812478
2021-05-10,IE,Ireland,EUR,399.0,253381,3.0,4986,409.4285714285714,1.7142857142857142,0.0041870202372644,Alpha,IRL,,1404107.5714285714,,527688.1428571428,1931795.1428571427,38.71428571428572,28.0,,10.714285714285714,,,0.0041870202372644,5028000,81.42970792135469,0.3409478349812478
2021-05-11,IE,Ireland,EUR,506.0,253887,3.0,4989,424.4285714285714,1.8571428571428568,0.0043756311006395,Alpha,IRL,,1423565.7428571428,,533975.2857142857,1957540.4857142856,39.22857142857143,28.4,,10.82857142857143,,,0.0043756311006395,5028000,84.41300147744062,0.36936015456301846
2021-05-12,IE,Ireland,EUR,380.0,254267,1.0,4990,414.1428571428572,1.8571428571428568,0.0044843049327354,Alpha,IRL,,1443023.9142857145,,540262.4285714285,1983285.8285714283,39.74285714285714,28.8,,10.942857142857145,,,0.0044843049327354,5028000,82.36731446755314,0.36936015456301846
2021-05-13,IE,Ireland,EUR,378.0,254645,1.0,4991,413.57142857142856,1.8571428571428568,0.0044905008635578,Alpha,IRL,,1462482.0857142855,,546549.5714285714,2009031.171428572,40.25714285714285,29.2,,11.057142857142855,,,0.0044905008635578,5028000,82.25366518922606,0.36936015456301846
2021-05-14,IE,Ireland,EUR,446.0,255091,,4991,418.0,1.8333333333333333,0.0043859649122807,Alpha,IRL,,1481940.2571428572,,552836.7142857143,2034776.5142857144,40.77142857142857,29.6,,11.17142857142857,,,0.0043859649122807,5028000,83.13444709626094,0.3646247679660567
2021-05-15,IE,Ireland,EUR,437.0,255528,,4991,425.1428571428572,2.0,0.0047043010752688,Alpha,IRL,,1501398.4285714286,,559123.8571428572,2060521.857142857,41.285714285714285,30.0,,11.285714285714285,,,0.0047043010752688,5028000,84.5550630753495,0.39777247414478917
2021-05-16,IE,Ireland,EUR,420.0,255948,1.0,4992,423.7142857142857,1.8,0.004248145650708,Alpha,IRL,,1520856.6,,565411.0,2086267.2,41.8,30.4,,11.4,,,0.004248145650708,5028000,84.27093987953177,0.35799522673031026
2021-05-17,IE,Ireland,EUR,461.0,256409,1.0,4993,432.57142857142856,1.4,0.0032364597093791,Alpha,IRL,,1540314.7714285715,,571698.1428571428,2112012.542857143,42.31428571428572,30.8,,11.514285714285714,,,0.0032364597093791,5028000,86.03250369360154,0.27844073190135243
2021-05-18,IE,Ireland,EUR,375.0,256784,2.0,4995,413.8571428571428,1.2,0.002899551259924,Alpha,IRL,,1559772.942857143,,577985.2857142857,2137757.885714285,42.82857142857143,31.200000000000003,,11.628571428571428,,,0.002899551259924,5028000,82.31048982838958,0.23866348448687352
2021-05-19,IE,Ireland,EUR,379.0,257163,,4995,413.7142857142857,1.25,0.003021408839779,Alpha,IRL,,1579231.1142857145,,584272.4285714286,2163503.2285714285,43.34285714285714,31.6,,11.742857142857144,,,0.003021408839779,5028000,82.28207750880783,0.2486077963404932
2021-05-20,IE,Ireland,EUR,365.0,257528,3.0,4998,411.8571428571428,1.75,0.0042490461325008,Alpha,IRL,,1598689.2857142857,,590559.5714285714,2189248.571428572,43.85714285714285,32.0,,11.857142857142858,,,0.0042490461325008,5028000,81.91271735424478,0.3480509148766905
2021-05-21,IE,Ireland,EUR,526.0,258054,2.0,5000,423.2857142857143,1.8,0.0042524468444144,Alpha,IRL,,1618147.4571428571,,596846.7142857143,2214993.9142857143,44.37142857142857,32.4,,11.971428571428572,,,0.0042524468444144,5028000,84.18570292078644,0.35799522673031026
2021-05-22,IE,Ireland,EUR,470.0,258524,,5000,428.0,1.8,0.0042056074766355,Alpha,IRL,,1637605.6285714286,,603133.8571428572,2240739.257142857,44.885714285714286,32.8,,12.085714285714284,,,0.0042056074766355,5028000,85.12330946698488,0.35799522673031026
2021-05-23,IE,Ireland,EUR,533.0,259057,3.0,5003,444.1428571428572,2.2,0.004953361209392,Alpha,IRL,,1657063.8,,609421.0,2266484.6,45.4,33.2,,12.2,,,0.004953361209392,5028000,88.333901579725,0.43754972155926813
2021-05-24,IE,Ireland,EUR,384.0,259441,2.0,5005,433.1428571428572,2.4,0.0055408970976253,Alpha,IRL,,1676521.9714285715,,615708.1428571428,2292229.9428571425,45.91428571428571,33.6,,12.314285714285711,,,0.0055408970976253,5028000,86.14615297192864,0.47732696897374705
2021-05-25,IE,Ireland,EUR,447.0,259888,1.0,5006,443.4285714285714,2.2,0.0049613402061855,Alpha,IRL,,1695980.1428571427,,621995.2857142857,2317975.285714285,46.42857142857143,34.0,,12.428571428571429,,,0.0049613402061855,5028000,88.1918399818161,0.43754972155926813
2021-05-26,IE,Ireland,EUR,349.0,260237,4.0,5010,439.1428571428572,2.5,0.0056929082628497,Alpha,IRL,,1715438.3142857142,,628282.4285714285,2343720.6285714284,46.94285714285714,34.4,,12.542857142857144,,,0.0056929082628497,5028000,87.33947039436302,0.4972155926809864
2021-05-27,IE,Ireland,EUR,353.0,260590,1.0,5011,437.4285714285714,2.1666666666666665,0.0049531896364032,Alpha,IRL,,1734896.4857142856,,634569.5714285714,2369465.971428572,47.457142857142856,34.8,,12.657142857142857,,,0.0049531896364032,5028000,86.99852255938174,0.4309201803235216
2021-05-28,IE,Ireland,EUR,445.0,261035,,5011,425.8571428571428,2.2,0.0051660516605166,Alpha,IRL,,1754354.657142857,,640856.7142857143,2395211.314285714,47.97142857142857,35.2,,12.771428571428572,,,0.0051660516605166,5028000,84.69712467325832,0.43754972155926813
2021-05-29,IE,Ireland,EUR,432.0,261467,,5011,420.4285714285714,2.2,0.0052327556914712,Alpha,IRL,,1773812.8285714283,,647143.8571428572,2420956.657142857,48.48571428571428,35.6,,12.885714285714286,,,0.0052327556914712,5028000,83.61745652915103,0.43754972155926813
2021-05-30,IE,Ireland,EUR,461.0,261928,2.0,5013,410.1428571428572,2.0,0.0048763497039359,Alpha,IRL,IRL,1793271.0,,653431.0,2446702.0,49.0,36.0,,13.0,2020-12-30,2023-12-23,0.0048763497039359,5028000,81.57176951926357,0.39777247414478917
2021-05-31,IE,Ireland,EUR,456.0,262384,2.0,5015,420.4285714285714,2.0,0.0047570506286102,Alpha,IRL,,1819110.4285714289,,689020.6428571428,2509233.785714286,50.285714285714285,36.535714285714285,,13.714285714285714,,,0.0047570506286102,5028000,83.61745652915103,0.39777247414478917
2021-06-01,IE,Ireland,EUR,367.0,262751,2.0,5017,409.0,2.2,0.0053789731051344,Alpha,IRL,,1844949.857142857,,724610.2857142857,2571765.571428572,51.57142857142857,37.07142857142857,,14.428571428571429,,,0.0053789731051344,5028000,81.34447096260939,0.43754972155926813
2021-06-02,IE,Ireland,EUR,370.0,263121,1.0,5018,412.0,1.6,0.003883495145631,Alpha,IRL,,1870789.2857142857,,760199.9285714285,2634297.3571428573,52.85714285714286,37.60714285714285,,15.142857142857142,,,0.003883495145631,5028000,81.94112967382658,0.31821797931583135
2021-06-03,IE,Ireland,EUR,337.0,263458,1.0,5019,409.7142857142857,1.6,0.003905160390516,Alpha,IRL,,1896628.7142857143,,795789.5714285714,2696829.1428571427,54.142857142857146,38.142857142857146,,15.857142857142858,,,0.003905160390516,5028000,81.48653256051824,0.31821797931583135
2021-06-04,IE,Ireland,EUR,407.0,263865,1.0,5020,404.2857142857143,1.5,0.0037102473498233,Alpha,IRL,,1922468.142857143,,831379.2142857143,2759360.9285714286,55.42857142857143,38.67857142857143,,16.571428571428573,,,0.0037102473498233,5028000,80.40686441641095,0.2983293556085919
2021-06-05,IE,Ireland,EUR,465.0,264330,,5020,409.0,1.5,0.0036674816625916,Alpha,IRL,,1948307.571428572,,866968.8571428572,2821892.7142857146,56.71428571428572,39.21428571428572,,17.285714285714285,,,0.0036674816625916,5028000,81.34447096260939,0.2983293556085919
2021-06-06,IE,Ireland,EUR,517.0,264847,2.0,5022,417.0,1.5,0.0035971223021582,Alpha,IRL,,1974147.0,,902558.5,2884424.5,58.0,39.75,,18.0,,,0.0035971223021582,5028000,82.93556085918856,0.2983293556085919
2021-06-07,IE,Ireland,EUR,384.0,265231,,5022,406.7142857142857,1.4,0.003442219880576,Alpha,IRL,,1999986.4285714289,,938148.1428571428,2946956.285714286,59.285714285714285,40.285714285714285,,18.714285714285715,,,0.003442219880576,5028000,80.88987384930105,0.27844073190135243
2021-06-08,IE,Ireland,EUR,313.0,265544,1.0,5023,399.0,1.2,0.0030075187969924,Alpha,IRL,,2025825.8571428573,,973737.7857142856,3009488.071428572,60.57142857142857,40.82142857142857,,19.42857142857143,,,0.0030075187969924,5028000,79.35560859188544,0.23866348448687352
2021-06-09,IE,Ireland,EUR,377.0,265921,,5023,400.0,1.25,0.003125,Alpha,IRL,,2051665.2857142857,,1009327.4285714284,3072019.8571428573,61.85714285714286,41.35714285714285,,20.142857142857142,,,0.003125,5028000,79.55449482895784,0.2486077963404932
2021-06-10,IE,Ireland,EUR,271.0,266192,,5023,390.57142857142856,1.3333333333333333,0.0034138015118263,Alpha,IRL,,2077504.7142857143,,1044917.0714285714,3134551.6428571427,63.142857142857146,41.89285714285714,,20.857142857142858,,,0.0034138015118263,5028000,77.67928173656098,0.26518164942985945
2021-06-11,IE,Ireland,EUR,227.0,266419,,5023,364.8571428571428,1.5,0.0041111981205951,Alpha,IRL,,2103344.1428571427,,1080506.7142857143,3197083.4285714286,64.42857142857143,42.42857142857143,,21.57142857142857,,,0.0041111981205951,5028000,72.56506421184224,0.2983293556085919
2021-06-12,IE,Ireland,EUR,398.0,266817,,5023,355.2857142857143,1.5,0.0042219541616405,Alpha,IRL,,2129183.571428572,,1116096.357142857,3259615.2142857146,65.71428571428572,42.96428571428572,,22.285714285714285,,,0.0042219541616405,5028000,70.66143879986363,0.2983293556085919
2021-06-13,IE,Ireland,EUR,319.0,267136,,5023,327.0,1.0,0.0030581039755351,Alpha,IRL,,2155023.0,,1151686.0,3322147.0,67.0,43.5,,23.0,,,0.0030581039755351,5028000,65.03579952267303,0.19888623707239458
2021-06-14,IE,Ireland,EUR,431.0,267567,2.0,5025,333.7142857142857,1.5,0.0044948630136986,Alpha,IRL,,2180862.4285714286,,1187275.6428571427,3384678.785714286,68.28571428571429,44.035714285714285,,23.714285714285715,,,0.0044948630136986,5028000,66.37117854301626,0.2983293556085919
2021-06-15,IE,Ireland,EUR,315.0,267882,,5025,334.0,2.0,0.0059880239520958,Alpha,IRL,,2206701.8571428573,,1222865.2857142857,3447210.571428572,69.57142857142857,44.57142857142857,,24.42857142857143,,,0.0059880239520958,5028000,66.4280031821798,0.39777247414478917
2021-06-16,IE,Ireland,EUR,202.0,268084,,5025,309.0,2.0,0.0064724919093851,Alpha,IRL,,2232541.285714286,,1258454.9285714286,3509742.3571428573,70.85714285714286,45.10714285714286,,25.142857142857142,,,0.0064724919093851,5028000,61.45584725536993,0.39777247414478917
2021-06-17,IE,Ireland,EUR,283.0,268367,1.0,5026,310.7142857142857,1.5,0.0048275862068965,Alpha,IRL,,2258380.7142857146,,1294044.5714285714,3572274.1428571427,72.14285714285714,45.64285714285714,,25.857142857142858,,,0.0048275862068965,5028000,61.796795090351175,0.2983293556085919
2021-06-18,IE,Ireland,EUR,287.0,268654,2.0,5028,319.2857142857143,1.6666666666666667,0.0052199850857568,Alpha,IRL,,2284220.1428571427,,1329634.214285714,3634805.9285714286,73.42857142857143,46.17857142857143,,26.57142857142857,,,0.0052199850857568,5028000,63.50153426525741,0.33147706178732433
2021-06-19,IE,Ireland,EUR,373.0,269027,1.0,5029,315.7142857142857,1.5,0.0047511312217194,Alpha,IRL,,2310059.571428572,,1365223.857142857,3697337.7142857146,74.71428571428572,46.71428571428572,,27.285714285714285,,,0.0047511312217194,5028000,62.79122627571315,0.2983293556085919
2021-06-20,IE,Ireland,EUR,302.0,269329,3.0,5032,313.2857142857143,1.8,0.0057455540355677,Alpha,IRL,,2335899.0,,1400813.5,3759869.5,76.0,47.25,,28.0,,,0.0057455540355677,5028000,62.30821684282305,0.35799522673031026
2021-06-21,IE,Ireland,EUR,393.0,269722,,5032,307.85714285714283,1.75,0.0056844547563805,Alpha,IRL,,2361738.4285714286,,1436403.1428571427,3822401.285714285,77.28571428571429,47.785714285714285,,28.714285714285715,,,0.0056844547563805,5028000,61.228548698715755,0.3480509148766905
2021-06-22,IE,Ireland,EUR,393.0,270115,1.0,5033,319.0,1.6,0.0050156739811912,Alpha,IRL,,2387577.8571428573,,1471992.7857142857,3884933.071428572,78.57142857142857,48.32142857142857,,29.42857142857143,,,0.0050156739811912,5028000,63.444709626093875,0.31821797931583135
2021-06-23,IE,Ireland,EUR,284.0,270399,1.0,5034,330.7142857142857,1.5,0.004535637149028,Alpha,IRL,,2413417.285714285,,1507582.4285714286,3947464.857142857,79.85714285714286,48.85714285714286,,30.142857142857142,,,0.004535637149028,5028000,65.77451983179907,0.2983293556085919
2021-06-24,IE,Ireland,EUR,174.0,270573,1.0,5035,315.1428571428572,1.5,0.0047597461468721,Alpha,IRL,,2439256.7142857146,,1543172.0714285714,4009996.642857143,81.14285714285714,49.39285714285714,,30.857142857142858,,,0.0047597461468721,5028000,62.677576997386076,0.2983293556085919
2021-06-25,IE,Ireland,EUR,298.0,270871,,5035,316.7142857142857,1.4,0.0044203879115922,Alpha,IRL,,2465096.1428571427,,1578761.714285714,4072528.4285714286,82.42857142857143,49.92857142857143,,31.571428571428573,,,0.0044203879115922,5028000,62.99011251278555,0.27844073190135243
2021-06-26,IE,Ireland,EUR,304.0,271175,,5035,306.85714285714283,1.5,0.0048882681564245,Alpha,IRL,,2490935.571428572,,1614351.357142857,4135060.2142857146,83.71428571428572,50.46428571428572,,32.285714285714285,,,0.0048882681564245,5028000,61.02966246164336,0.2983293556085919
2021-06-27,IE,Ireland,EUR,380.0,271555,,5035,318.0,1.0,0.0031446540880503,Alpha,IRL,IRL,2516775.0,,1649941.0,4197592.0,85.0,51.0,,33.0,2020-12-30,2023-12-23,0.0031446540880503,5028000,63.24582338902148,0.19888623707239458
2021-06-28,IE,Ireland,EUR,443.0,271998,3.0,5038,325.1428571428572,1.5,0.0046133567662565,Alpha,IRL,,2543385.035714286,,1681168.142857143,4254326.464285715,86.14285714285714,51.535714285714285,,33.642857142857146,,,0.0046133567662565,5028000,64.66643936811003,0.2983293556085919
2021-06-29,IE,Ireland,EUR,340.0,272338,,5038,317.57142857142856,1.6666666666666667,0.0052481631428999,Alpha,IRL,,2569995.071428572,,1712395.2857142857,4311060.928571428,87.28571428571429,52.07142857142857,,34.285714285714285,,,0.0052481631428999,5028000,63.16058643027616,0.33147706178732433
2021-06-30,IE,Ireland,EUR,329.0,272667,1.0,5039,324.0,1.6666666666666667,0.0051440329218107,Alpha,IRL,,2596605.1071428573,,1743622.4285714286,4367795.392857143,88.42857142857143,52.60714285714285,,34.92857142857143,,,0.0051440329218107,5028000,64.43914081145584,0.33147706178732433
2021-07-01,IE,Ireland,EUR,342.0,273009,,5039,348.0,2.0,0.0057471264367816,Delta,IRL,,2623215.1428571427,,1774849.5714285714,4424529.857142857,89.57142857142857,53.142857142857146,,35.57142857142857,,,0.0057471264367816,5028000,69.21241050119332,0.39777247414478917
2021-07-02,IE,Ireland,EUR,405.0,273414,,5039,363.2857142857143,2.0,0.005505308690523,Delta,IRL,,2649825.1785714286,,1806076.7142857143,4481264.321428572,90.71428571428572,53.67857142857143,,36.21428571428572,,,0.005505308690523,5028000,72.25252869644277,0.39777247414478917
2021-07-03,IE,Ireland,EUR,448.0,273862,2.0,5041,383.8571428571428,2.0,0.0052102716784518,Delta,IRL,,2676435.214285714,,1837303.8571428573,4537998.785714285,91.85714285714286,54.21428571428572,,36.85714285714286,,,0.0052102716784518,5028000,76.34390271621773,0.39777247414478917
2021-07-04,IE,Ireland,EUR,512.0,274374,,5041,402.7142857142857,2.0,0.0049663001064207,Delta,IRL,,2703045.25,,1868531.0,4594733.25,93.0,54.75,,37.5,,,0.0049663001064207,5028000,80.09432890101148,0.39777247414478917
2021-07-05,IE,Ireland,EUR,448.0,274822,1.0,5042,403.4285714285714,1.3333333333333333,0.0033050047214353,Delta,IRL,,2729655.285714286,,1899758.142857143,4651467.714285715,94.14285714285714,55.285714285714285,,38.142857142857146,,,0.0033050047214353,5028000,80.23639049892031,0.26518164942985945
2021-07-06,IE,Ireland,EUR,562.0,275384,1.0,5043,435.1428571428572,1.25,0.0028726198292843,Delta,IRL,,2756265.321428572,,1930985.2857142857,4708202.178571428,95.28571428571428,55.82142857142857,,38.785714285714285,,,0.0028726198292843,5028000,86.54392544607343,0.2486077963404932
2021-07-07,IE,Ireland,EUR,335.0,275719,,5043,436.0,1.3333333333333333,0.0030581039755351,Delta,IRL,,2782875.3571428573,,1962212.4285714289,4764936.642857143,96.42857142857144,56.35714285714285,,39.42857142857143,,,0.0030581039755351,5028000,86.71439936356404,0.26518164942985945
2021-07-08,IE,Ireland,EUR,397.0,276116,,5043,443.8571428571428,1.3333333333333333,0.0030039695311661,Delta,IRL,,2809485.3928571427,,1993439.571428572,4821671.107142857,97.57142857142856,56.89285714285714,,40.07142857142857,,,0.0030039695311661,5028000,88.2770769405614,0.26518164942985945
2021-07-09,IE,Ireland,EUR,533.0,276649,,5043,462.1428571428572,1.3333333333333333,0.0028851107676455,Delta,IRL,,2836095.4285714286,,2024666.7142857143,4878405.571428571,98.71428571428572,57.42857142857143,,40.71428571428572,,,0.0028851107676455,5028000,91.9138538470281,0.26518164942985945
2021-07-10,IE,Ireland,EUR,533.0,277182,,5043,474.2857142857143,1.0,0.0021084337349397,Delta,IRL,,2862705.464285714,,2055893.8571428573,4935140.035714285,99.85714285714286,57.96428571428572,,41.35714285714286,,,0.0021084337349397,5028000,94.32890101147856,0.19888623707239458
2021-07-11,IE,Ireland,EUR,631.0,277813,,5043,491.2857142857143,1.0,0.0020354754289037,Delta,IRL,,2889315.5,,2087121.0,4991874.5,101.0,58.5,,42.0,,,0.0020354754289037,5028000,97.70996704170928,0.19888623707239458
2021-07-12,IE,Ireland,EUR,581.0,278394,,5043,510.2857142857143,1.0,0.0019596864501679,Delta,IRL,,2915925.535714285,,2118348.1428571427,5048608.964285715,102.14285714285714,59.035714285714285,,42.642857142857146,,,0.0019596864501679,5028000,101.48880554608478,0.19888623707239458
2021-07-13,IE,Ireland,EUR,576.0,278970,1.0,5044,512.2857142857143,1.0,0.0019520356943669,Delta,IRL,,2942535.571428572,,2149575.285714286,5105343.428571428,103.28571428571428,59.57142857142857,,43.285714285714285,,,0.0019520356943669,5028000,101.88657802022959,0.19888623707239458
2021-07-14,IE,Ireland,EUR,572.0,279542,,5044,546.1428571428571,1.0,0.0018310227569971,Delta,IRL,,2969145.6071428573,,2180802.4285714286,5162077.892857143,104.42857142857144,60.10714285714286,,43.92857142857143,,,0.0018310227569971,5028000,108.62029776110921,0.19888623707239458
2021-07-15,IE,Ireland,EUR,589.0,280131,,5044,573.5714285714286,1.0,0.0017434620174346,Delta,IRL,,2995755.6428571427,,2212029.571428572,5218812.357142857,105.57142857142856,60.64285714285714,,44.57142857142857,,,0.0017434620174346,5028000,114.07546312080918,0.19888623707239458
2021-07-16,IE,Ireland,EUR,737.0,280868,1.0,5045,602.7142857142857,1.0,0.001659160938611,Delta,IRL,,3022365.6785714286,,2243256.7142857146,5275546.821428571,106.71428571428572,61.17857142857143,,45.21428571428572,,,0.001659160938611,5028000,119.87157631549039,0.19888623707239458
2021-07-17,IE,Ireland,EUR,994.0,281862,2.0,5047,668.5714285714286,1.3333333333333333,0.0019943019943019,Delta,IRL,,3048975.7142857146,,2274483.8571428573,5332281.285714285,107.85714285714286,61.71428571428572,,45.85714285714286,,,0.0019943019943019,5028000,132.96965564268666,0.26518164942985945
2021-07-18,IE,Ireland,EUR,1170.0,283032,,5047,745.5714285714286,1.3333333333333333,0.001788337484831,Delta,IRL,,3075585.75,,2305711.0,5389015.75,109.0,62.25,,46.5,,,0.001788337484831,5028000,148.28389589726106,0.26518164942985945
2021-07-19,IE,Ireland,EUR,1377.0,284409,2.0,5049,859.2857142857143,1.5,0.0017456359102244,Delta,IRL,,3102195.785714285,,2336938.1428571427,5445750.214285715,110.14285714285714,62.785714285714285,,47.142857142857146,,,0.0017456359102244,5028000,170.9001022843505,0.2983293556085919
2021-07-20,IE,Ireland,EUR,1179.0,285588,1.0,5050,945.4285714285714,1.5,0.0015865820489573,Delta,IRL,,3128805.821428572,,2368165.285714286,5502484.678571428,111.28571428571428,63.32142857142857,,47.785714285714285,,,0.0015865820489573,5028000,188.0327309921582,0.2983293556085919
2021-07-21,IE,Ireland,EUR,1071.0,286659,,5050,1016.7142857142856,1.5,0.0014753407334551,Delta,IRL,,3155415.8571428573,,2399392.4285714286,5559219.142857143,112.42857142857144,63.85714285714286,,48.42857142857143,,,0.0014753407334551,5028000,202.21047846346173,0.2983293556085919
2021-07-22,IE,Ireland,EUR,1110.0,287769,,5050,1091.142857142857,1.5,0.001374705420267,Delta,IRL,,3182025.8928571427,,2430619.571428572,5615953.607142857,113.57142857142856,64.39285714285714,,49.07142857142857,,,0.001374705420267,5028000,217.01329696556425,0.2983293556085919
2021-07-23,IE,Ireland,EUR,1260.0,289029,,5050,1165.857142857143,1.6666666666666667,0.0014295633705019,Delta,IRL,,3208635.9285714286,,2461846.7142857146,5672688.071428571,114.71428571428572,64.92857142857143,,49.71428571428572,,,0.0014295633705019,5028000,231.87294010683033,0.33147706178732433
2021-07-24,IE,Ireland,EUR,1188.0,290217,1.0,5051,1193.571428571429,1.3333333333333333,0.0011170955515659,Delta,IRL,,3235245.9642857146,,2493073.8571428573,5729422.535714285,115.85714285714286,65.46428571428571,,50.35714285714286,,,0.0011170955515659,5028000,237.38493010569388,0.26518164942985945
2021-07-25,IE,Ireland,EUR,1386.0,291603,1.0,5052,1224.428571428571,1.25,0.0010208843775522,Delta,IRL,IRL,3261856.0,,2524301.0,5786157.0,117.0,66.0,,51.0,2020-12-30,2023-12-23,0.0010208843775522,5028000,243.52199113535622,0.2486077963404932
2021-07-26,IE,Ireland,EUR,1345.0,292948,3.0,5055,1219.857142857143,1.5,0.0012296521840964,Delta,IRL,,3267028.057142857,,2540262.657142857,5807290.714285715,117.4,66.08571428571429,,51.31428571428572,,,0.0012296521840964,5028000,242.61279690873965,0.2983293556085919
2021-07-27,IE,Ireland,EUR,1126.0,294074,,5055,1212.2857142857142,1.6666666666666667,0.0013748134181789,Delta,IRL,,3272200.1142857145,,2556224.314285714,5828424.428571428,117.8,66.17142857142858,,51.62857142857143,,,0.0013748134181789,5028000,241.10694397090577,0.33147706178732433
2021-07-28,IE,Ireland,EUR,1276.0,295350,2.0,5057,1241.571428571429,1.75,0.0014095040846853,Delta,IRL,,3277372.1714285715,,2572185.971428572,5849558.142857143,118.2,66.25714285714285,,51.94285714285714,,,0.0014095040846853,5028000,246.93146948516883,0.3480509148766905
2021-07-29,IE,Ireland,EUR,1114.0,296464,3.0,5060,1242.142857142857,2.0,0.0016101207590569,Delta,IRL,,3282544.2285714285,,2588147.6285714284,5870691.857142857,118.6,66.34285714285714,,52.25714285714286,,,0.0016101207590569,5028000,247.04511876349582,0.39777247414478917
2021-07-30,IE,Ireland,EUR,1301.0,297765,,5060,1248.0,2.0,0.0016025641025641,Delta,IRL,,3287716.285714286,,2604109.285714286,5891825.571428572,119.0,66.42857142857143,,52.57142857142857,,,0.0016025641025641,5028000,248.21002386634848,0.39777247414478917
2021-07-31,IE,Ireland,EUR,1361.0,299126,1.0,5061,1272.7142857142858,2.0,0.0015714446065776,Delta,IRL,,3292888.342857143,,2620070.942857143,5912959.285714285,119.4,66.51428571428572,,52.885714285714286,,,0.0015714446065776,5028000,253.1253551539948,0.39777247414478917
2021-08-01,IE,Ireland,EUR,1501.0,300627,,5061,1289.142857142857,2.25,0.0017453457446808,Delta,IRL,,3298060.4,,2636032.6,5934093.0,119.8,66.6,,53.2,,,0.0017453457446808,5028000,256.39277190589837,0.4474940334128878
2021-08-02,IE,Ireland,EUR,1427.0,302054,2.0,5063,1300.857142857143,2.0,0.0015374478365912,Delta,IRL,,3303232.4571428574,,2651994.257142857,5955226.714285715,120.2,66.68571428571428,,53.51428571428571,,,0.0015374478365912,5028000,258.72258211160363,0.39777247414478917
2021-08-03,IE,Ireland,EUR,1098.0,303152,,5063,1296.857142857143,2.0,0.0015421899096717,Delta,IRL,,3308404.5142857144,,2667955.9142857143,5976360.428571428,120.6,66.77142857142857,,53.82857142857143,,,0.0015421899096717,5028000,257.927037163314,0.39777247414478917
2021-08-04,IE,Ireland,EUR,1352.0,304504,4.0,5067,1307.7142857142858,2.5,0.001911732575923,Delta,IRL,,3313576.571428572,,2683917.571428572,5997494.142857143,121.0,66.85714285714286,,54.142857142857146,,,0.001911732575923,5028000,260.0863734515286,0.4972155926809864
2021-08-05,IE,Ireland,EUR,884.0,305388,,5067,1274.857142857143,2.333333333333333,0.0018302704317944,Delta,IRL,,3318748.6285714284,,2699879.2285714285,6018627.857142857,121.4,66.94285714285714,,54.457142857142856,,,0.0018302704317944,5028000,253.55153994772132,0.46406788650225395
2021-08-06,IE,Ireland,EUR,1217.0,306605,1.0,5068,1262.857142857143,2.0,0.0015837104072398,Delta,IRL,,3323920.685714286,,2715840.885714285,6039761.571428572,121.8,67.02857142857142,,54.77142857142857,,,0.0015837104072398,5028000,251.1649051028526,0.39777247414478917
2021-08-07,IE,Ireland,EUR,1492.0,308097,1.0,5069,1281.571428571429,2.0,0.0015605841043361,Delta,IRL,,3329092.742857143,,2731802.542857143,6060895.285714285,122.2,67.11428571428571,,55.08571428571429,,,0.0015605841043361,5028000,254.88691896806463,0.39777247414478917
2021-08-08,IE,Ireland,EUR,1781.0,309878,2.0,5071,1321.571428571429,2.0,0.001513349908118,Delta,IRL,,3334264.8,,2747764.2,6082029.0,122.6,67.2,,55.4,,,0.001513349908118,5028000,262.8423684509604,0.39777247414478917
2021-08-09,IE,Ireland,EUR,1828.0,311706,3.0,5074,1378.857142857143,2.2,0.00159552424368,Delta,IRL,,3339436.8571428573,,2763725.8571428573,6103162.714285715,123.0,67.28571428571429,,55.71428571428572,,,0.00159552424368,5028000,274.2357086032504,0.43754972155926813
2021-08-10,IE,Ireland,EUR,1837.0,313543,2.0,5076,1484.428571428571,2.1666666666666665,0.001459596445642,Delta,IRL,,3344608.9142857143,,2779687.5142857144,6124296.428571428,123.4,67.37142857142857,,56.02857142857143,,,0.001459596445642,5028000,295.2324127741788,0.4309201803235216
2021-08-11,IE,Ireland,EUR,1411.0,314954,3.0,5079,1492.857142857143,2.0,0.0013397129186602,Delta,IRL,,3349780.971428572,,2795649.1714285715,6145430.142857143,123.8,67.45714285714286,,56.34285714285714,,,0.0013397129186602,5028000,296.9087396295033,0.39777247414478917
2021-08-12,IE,Ireland,EUR,1509.0,316463,1.0,5080,1582.142857142857,1.8571428571428568,0.0011738148984198,Delta,IRL,,3354953.0285714287,,2811610.8285714285,6166563.857142857,124.2,67.54285714285714,,56.65714285714286,,,0.0011738148984198,5028000,314.66643936811,0.36936015456301846
2021-08-13,IE,Ireland,EUR,1819.0,318282,3.0,5083,1668.142857142857,2.142857142857143,0.0012845765179412,Delta,IRL,,3360125.0857142857,,2827572.4857142856,6187697.571428572,124.6,67.62857142857143,,56.971428571428575,,,0.0012845765179412,5028000,331.77065575633594,0.4261847937265598
2021-08-14,IE,Ireland,EUR,1733.0,320015,2.0,5085,1702.571428571429,2.2857142857142856,0.0013425071320691,Delta,IRL,,3365297.1428571427,,2843534.1428571427,6208831.285714285,125.0,67.71428571428571,,57.285714285714285,,,0.0013425071320691,5028000,338.6180247755427,0.45459711330833047
2021-08-15,IE,Ireland,EUR,1978.0,321993,2.0,5087,1730.7142857142858,2.2857142857142856,0.001320676846884,Delta,IRL,,3370469.2,,2859495.8,6229965.0,125.4,67.8,,57.6,,,0.001320676846884,5028000,344.2152517331515,0.45459711330833047
2021-08-16,IE,Ireland,EUR,2074.0,324067,3.0,5090,1765.857142857143,2.2857142857142856,0.001294393657471,Delta,IRL,,3375641.257142857,,2875457.457142857,6251098.714285715,125.8,67.88571428571429,,57.91428571428571,,,0.001294393657471,5028000,351.2046823502671,0.45459711330833047
2021-08-17,IE,Ireland,EUR,1758.0,325825,3.0,5093,1754.571428571429,2.4285714285714284,0.0013841393909786,Delta,IRL,,3380813.314285714,,2891419.1142857145,6272232.428571428,126.2,67.97142857142858,,58.22857142857143,,,0.0013841393909786,5028000,348.9601091033073,0.48300943289010106
2021-08-18,IE,Ireland,EUR,1441.0,327266,4.0,5097,1758.857142857143,2.571428571428572,0.0014619883040935,Delta,IRL,,3385985.371428572,,2907380.7714285715,6293366.142857143,126.6,68.05714285714285,,58.54285714285714,,,0.0014619883040935,5028000,349.8124786907603,0.5114217524718719
2021-08-19,IE,Ireland,EUR,1496.0,328762,2.0,5099,1757.0,2.7142857142857144,0.0015448410439873,Delta,IRL,,3391157.4285714286,,2923342.4285714286,6314499.857142857,127.0,68.14285714285714,,58.85714285714285,,,0.0015448410439873,5028000,349.4431185361973,0.5398340720536425
2021-08-20,IE,Ireland,EUR,1704.0,330466,2.0,5101,1740.571428571429,2.571428571428572,0.0014773473407747,Delta,IRL,,3396329.4857142856,,2939304.0857142857,6335633.571428572,127.4,68.22857142857143,,59.17142857142857,,,0.0014773473407747,5028000,346.1757017842937,0.5114217524718719
2021-08-21,IE,Ireland,EUR,1818.0,332284,1.0,5102,1752.7142857142858,2.4285714285714284,0.0013856059988589,Delta,IRL,,3401501.542857143,,2955265.742857143,6356767.285714285,127.8,68.31428571428572,,59.48571428571429,,,0.0013856059988589,5028000,348.5907489487442,0.48300943289010106
2021-08-22,IE,Ireland,EUR,2098.0,334382,,5102,1769.857142857143,2.5,0.0014125433852611,Delta,IRL,,3406673.6,,2971227.4,6377901.0,128.2,68.4,,59.8,,,0.0014125433852611,5028000,352.00022729855664,0.4972155926809864
2021-08-23,IE,Ireland,EUR,2125.0,336507,5.0,5107,1777.142857142857,2.833333333333333,0.0015943193997856,Delta,IRL,,3411845.657142857,,2987189.057142857,6399034.714285715,128.6,68.48571428571428,,60.114285714285714,,,0.0015943193997856,5028000,353.44925559722697,0.5635110050384513
2021-08-24,IE,Ireland,EUR,1688.0,338195,5.0,5112,1767.142857142857,3.1666666666666665,0.0017919698194556,Delta,IRL,,3417017.714285714,,3003150.714285714,6420168.428571429,129.0,68.57142857142857,,60.42857142857143,,,0.0017919698194556,5028000,351.460393226503,0.6298064173959161
2021-08-25,IE,Ireland,EUR,1590.0,339785,1.0,5113,1788.428571428571,2.6666666666666665,0.0014910669116276,Delta,IRL,,3422189.7714285715,,3019112.371428572,6441302.142857143,129.4,68.65714285714286,,60.74285714285714,,,0.0014910669116276,5028000,355.6938288441868,0.5303632988597189
2021-08-26,IE,Ireland,EUR,1571.0,341356,4.0,5117,1799.142857142857,3.0,0.0016674606955693,Delta,IRL,,3427361.8285714285,,3035074.0285714287,6462435.857142857,129.8,68.74285714285715,,61.05714285714286,,,0.0016674606955693,5028000,357.82475281281967,0.5966587112171838
2021-08-27,IE,Ireland,EUR,2051.0,343407,4.0,5121,1848.7142857142856,3.333333333333333,0.0018030548901424,Delta,IRL,,3432533.885714285,,3051035.685714286,6483569.571428572,130.2,68.82857142857142,,61.371428571428574,,,0.0018030548901424,5028000,367.68382770769404,0.6629541235746486
2021-08-28,IE,Ireland,EUR,1866.0,345273,5.0,5126,1855.571428571429,4.0,0.002155670182462,Delta,IRL,,3437705.942857143,,3066997.342857143,6504703.285714285,130.6,68.91428571428571,,61.68571428571428,,,0.002155670182462,5028000,369.0476190476191,0.7955449482895783
2021-08-29,IE,Ireland,EUR,1875.0,347148,4.0,5130,1823.7142857142856,4.0,0.0021933260222465,Delta,IRL,IRL,3442878.0,,3082959.0,6525837.0,131.0,69.0,,62.0,2020-12-30,2023-12-23,0.0021933260222465,5028000,362.71167178088416,0.7955449482895783
2021-08-30,IE,Ireland,EUR,1997.0,349145,8.0,5138,1805.4285714285716,4.428571428571429,0.0024529197657857,Delta,IRL,,3454562.3928571427,,3095961.714285714,6550524.107142857,131.5,69.25,,62.25,,,0.0024529197657857,5028000,359.07489487441757,0.8807819070348903
2021-08-31,IE,Ireland,EUR,1706.0,350851,4.0,5142,1808.0,4.285714285714286,0.002370417193426,Delta,IRL,,3466246.785714286,,3108964.4285714286,6575211.214285715,132.0,69.5,,62.5,,,0.002370417193426,5028000,359.5863166268894,0.8523695874531196
2021-09-01,IE,Ireland,EUR,1292.0,352143,6.0,5148,1765.428571428571,5.0,0.0028321734908561,Delta,IRL,,3477931.1785714286,,3121967.1428571427,6599898.321428572,132.5,69.75,,62.75,,,0.0028321734908561,5028000,351.11944539152165,0.9944311853619728
2021-09-02,IE,Ireland,EUR,1382.0,353525,7.0,5155,1738.428571428571,5.428571428571429,0.0031226887994083,Delta,IRL,,3489615.571428572,,3134969.8571428573,6624585.428571428,133.0,70.0,,63.0,,,0.0031226887994083,5028000,345.7495169905671,1.079668144107285
2021-09-03,IE,Ireland,EUR,1789.0,355314,3.0,5158,1701.0,5.285714285714286,0.0031074158058285,Delta,IRL,,3501299.964285714,,3147972.571428572,6649272.535714285,133.5,70.25,,63.25,,,0.0031074158058285,5028000,338.3054892601432,1.0512558245255144
2021-09-04,IE,Ireland,EUR,1751.0,357065,6.0,5164,1684.571428571429,5.428571428571429,0.0032225237449118,Delta,IRL,,3512984.3571428573,,3160975.285714286,6673959.642857143,134.0,70.5,,63.5,,,0.0032225237449118,5028000,335.0380725082397,1.079668144107285
2021-09-05,IE,Ireland,EUR,1407.0,358472,10.0,5174,1617.7142857142858,6.285714285714286,0.0038855528081949,Delta,IRL,,3524668.75,,3173978.0,6698646.75,134.5,70.75,,63.75,,,0.0038855528081949,5028000,321.7411069439709,1.2501420615979089
2021-09-06,IE,Ireland,EUR,1703.0,360175,7.0,5181,1575.7142857142858,6.142857142857143,0.0038984587488667,Delta,IRL,,3536353.1428571427,,3186980.714285714,6723333.857142857,135.0,71.0,,64.0,,,0.0038984587488667,5028000,313.3878849869304,1.2217297420161384
2021-09-07,IE,Ireland,EUR,1180.0,361355,9.0,5190,1500.571428571429,6.857142857142857,0.0045696877380045,Delta,IRL,,3548037.535714286,,3199983.4285714286,6748020.964285715,135.5,71.25,,64.25,,,0.0045696877380045,5028000,298.443004886919,1.3637913399249912
2021-09-08,IE,Ireland,EUR,1136.0,362491,8.0,5198,1478.2857142857142,7.142857142857143,0.0048318515655199,Delta,IRL,,3559721.9285714286,,3212986.1428571427,6772708.071428572,136.0,71.5,,64.5,,,0.0048318515655199,5028000,294.0106830321627,1.4206159790885329
2021-09-09,IE,Ireland,EUR,1465.0,363956,6.0,5204,1490.142857142857,7.0,0.0046975361902022,Delta,IRL,,3571406.321428572,,3225988.8571428573,6797395.178571428,136.5,71.75,,64.75,,,0.0046975361902022,5028000,296.3689055574497,1.392203659506762
2021-09-10,IE,Ireland,EUR,1537.0,365493,8.0,5212,1454.142857142857,7.714285714285714,0.0053050397877984,Delta,IRL,,3583090.714285714,,3238991.571428572,6822082.285714285,137.0,72.0,,65.0,,,0.0053050397877984,5028000,289.2090010228435,1.5342652574156155
2021-09-11,IE,Ireland,EUR,1271.0,366764,4.0,5216,1385.571428571429,7.428571428571429,0.0053613774615939,Delta,IRL,,3594775.1071428573,,3251994.285714286,6846769.392857143,137.5,72.25,,65.25,,,0.0053613774615939,5028000,275.57108762359366,1.4774406182520743
2021-09-12,IE,Ireland,EUR,1619.0,368383,3.0,5219,1415.857142857143,6.428571428571429,0.004540409645848,Delta,IRL,,3606459.5,,3264997.0,6871456.5,138.0,72.5,,65.5,,,0.004540409645848,5028000,281.59449937492894,1.2785543811796796
2021-09-13,IE,Ireland,EUR,1466.0,369849,6.0,5225,1382.0,6.285714285714286,0.0045482737233822,Delta,IRL,,3618143.892857143,,3277999.714285714,6896143.607142857,138.5,72.75,,65.75,,,0.0045482737233822,5028000,274.8607796340493,1.2501420615979089
2021-09-14,IE,Ireland,EUR,1346.0,371195,5.0,5230,1405.7142857142858,5.714285714285714,0.0040650406504065,Delta,IRL,,3629828.285714286,,3291002.4285714286,6920830.714285715,139.0,73.0,,66.0,,,0.0040650406504065,5028000,279.5772246846233,1.1364927832708263
2021-09-15,IE,Ireland,EUR,877.0,372072,8.0,5238,1368.7142857142858,5.714285714285714,0.0041749295480638,Delta,IRL,,3641512.6785714286,,3304005.1428571427,6945517.821428572,139.5,73.25,,66.25,,,0.0041749295480638,5028000,272.21843391294465,1.1364927832708263
2021-09-16,IE,Ireland,EUR,1176.0,373248,8.0,5246,1327.428571428571,6.0,0.0045200172191132,Delta,IRL,,3653197.0714285714,,3317007.8571428573,6970204.928571428,140.0,73.5,,66.5,,,0.0045200172191132,5028000,264.00727355381287,1.1933174224343677
2021-09-17,IE,Ireland,EUR,1181.0,374429,6.0,5252,1276.571428571429,5.714285714285714,0.0044762757385854,Delta,IRL,,3664881.464285714,,3330010.571428572,6994892.035714285,140.5,73.75,,66.75,,,0.0044762757385854,5028000,253.89248778270266,1.1364927832708263
2021-09-18,IE,Ireland,EUR,1408.0,375837,6.0,5258,1296.142857142857,6.0,0.0046291193651493,Delta,IRL,,3676565.857142857,,3343013.285714286,7019579.142857143,141.0,74.0,,67.0,,,0.0046291193651493,5028000,257.78497556540515,1.1933174224343677
2021-09-19,IE,Ireland,EUR,1386.0,377223,7.0,5265,1262.857142857143,6.571428571428571,0.0052036199095022,Delta,IRL,,3688250.25,,3356016.0,7044266.25,141.5,74.25,,67.25,,,0.0052036199095022,5028000,251.1649051028526,1.30696670076145
2021-09-20,IE,Ireland,EUR,1456.0,378679,6.0,5271,1261.428571428571,6.571428571428571,0.0052095130237825,Delta,IRL,,3699934.642857143,,3369018.7142857146,7068953.357142857,142.0,74.5,,67.5,,,0.0052095130237825,5028000,250.88078190703482,1.30696670076145
2021-09-21,IE,Ireland,EUR,1224.0,379903,5.0,5276,1244.0,6.571428571428571,0.0052824988516306,Delta,IRL,,3711619.035714285,,3382021.4285714286,7093640.464285715,142.5,74.75,,67.75,,,0.0052824988516306,5028000,247.41447891805885,1.30696670076145
2021-09-22,IE,Ireland,EUR,1150.0,381053,3.0,5279,1283.0,5.857142857142857,0.004565193185614,Delta,IRL,,3723303.4285714286,,3395024.1428571427,7118327.571428571,143.0,75.0,,68.0,,,0.004565193185614,5028000,255.17104216388225,1.1649051028525967
2021-09-23,IE,Ireland,EUR,1420.0,382473,2.0,5281,1317.857142857143,5.0,0.0037940379403794,Delta,IRL,,3734987.8214285714,,3408026.8571428573,7143014.678571428,143.5,75.25,,68.25,,,0.0037940379403794,5028000,262.10364814183436,0.9944311853619728
2021-09-24,IE,Ireland,EUR,1429.0,383902,6.0,5287,1353.2857142857142,5.0,0.0036947112847038,Delta,IRL,,3746672.214285714,,3421029.571428572,7167701.785714285,144.0,75.5,,68.5,,,0.0036947112847038,5028000,269.1499033981134,0.9944311853619728
2021-09-25,IE,Ireland,EUR,1354.0,385256,8.0,5295,1345.571428571429,5.285714285714286,0.0039282301730544,Delta,IRL,,3758356.607142857,,3434032.285714286,7192388.892857143,144.5,75.75,,68.75,,,0.0039282301730544,5028000,267.61563814069785,1.0512558245255144
2021-09-26,IE,Ireland,EUR,1163.0,386419,6.0,5301,1313.7142857142858,5.142857142857143,0.0039147455415398,Delta,IRL,IRL,3770041.0,,3447035.0,7217076.0,145.0,76.0,,69.0,2020-12-30,2023-12-23,0.0039147455415398,5028000,261.279690873963,1.0228435049437437
2021-09-27,IE,Ireland,EUR,1335.0,387754,8.0,5309,1296.428571428571,5.428571428571429,0.0041873278236914,Delta,IRL,,3771346.4,,3448989.7714285715,7220336.171428571,145.0857142857143,76.02857142857142,,69.05714285714286,,,0.0041873278236914,5028000,257.84180020456864,1.079668144107285
2021-09-28,IE,Ireland,EUR,1459.0,389213,10.0,5319,1330.0,6.142857142857143,0.0046186895810955,Delta,IRL,,3772651.8,,3450944.5428571426,7223596.342857143,145.17142857142858,76.05714285714286,,69.11428571428571,,,0.0046186895810955,5028000,264.5186953062848,1.2217297420161384
2021-09-29,IE,Ireland,EUR,1044.0,390257,3.0,5322,1314.857142857143,6.142857142857143,0.0046718817905258,Delta,IRL,,3773957.2,,3452899.314285714,7226856.514285714,145.25714285714287,76.08571428571429,,69.17142857142858,,,0.0046718817905258,5028000,261.5069894306171,1.2217297420161384
2021-09-30,IE,Ireland,EUR,1497.0,391754,2.0,5324,1325.857142857143,6.142857142857143,0.0046331214308802,Delta,IRL,,3775262.6,,3454854.0857142857,7230116.685714286,145.34285714285716,76.11428571428571,,69.22857142857143,,,0.0046331214308802,5028000,263.69473803841345,1.2217297420161384
2021-10-01,IE,Ireland,EUR,1447.0,393201,7.0,5331,1328.428571428571,6.285714285714286,0.0047316915797397,Delta,IRL,,3776568.0,,3456808.8571428573,7233376.857142857,145.42857142857142,76.14285714285714,,69.28571428571429,,,0.0047316915797397,5028000,264.2061597908853,1.2501420615979089
2021-10-02,IE,Ireland,EUR,1267.0,394468,8.0,5339,1316.0,6.285714285714286,0.004776378636561,Delta,IRL,,3777873.4,,3458763.6285714284,7236637.028571429,145.5142857142857,76.17142857142858,,69.34285714285714,,,0.004776378636561,5028000,261.73428798727133,1.2501420615979089
2021-10-03,IE,Ireland,EUR,1057.0,395525,11.0,5350,1300.857142857143,7.0,0.0053810674280694,Delta,IRL,,3779178.8,,3460718.4,7239897.2,145.6,76.2,,69.4,,,0.0053810674280694,5028000,258.72258211160363,1.392203659506762
2021-10-04,IE,Ireland,EUR,1586.0,397111,9.0,5359,1336.7142857142858,7.142857142857143,0.0053435930319546,Delta,IRL,,3780484.2,,3462673.1714285715,7243157.371428572,145.68571428571428,76.22857142857143,,69.45714285714286,,,0.0053435930319546,5028000,265.854074326628,1.4206159790885329
2021-10-05,IE,Ireland,EUR,1051.0,398162,8.0,5367,1278.428571428571,6.857142857142857,0.0053637277908146,Delta,IRL,,3781789.6,,3464627.942857143,7246417.542857143,145.77142857142857,76.25714285714285,,69.51428571428572,,,0.0053637277908146,5028000,254.26184793726551,1.3637913399249912
2021-10-06,IE,Ireland,EUR,893.0,399055,9.0,5376,1256.857142857143,7.714285714285714,0.0061377585814957,Delta,IRL,,3783095.0,,3466582.714285714,7249677.714285715,145.85714285714286,76.28571428571429,,69.57142857142857,,,0.0061377585814957,5028000,249.97158768041825,1.5342652574156155
2021-10-07,IE,Ireland,EUR,1124.0,400179,3.0,5379,1203.571428571429,7.857142857142857,0.0065281899109792,Delta,IRL,,3784400.4,,3468537.4857142856,7252937.885714286,145.94285714285715,76.31428571428572,,69.62857142857143,,,0.0065281899109792,5028000,239.37379247641786,1.562677576997386
2021-10-08,IE,Ireland,EUR,982.0,401161,3.0,5382,1137.142857142857,7.285714285714286,0.0064070351758793,Delta,IRL,,3785705.8,,3470492.257142857,7256198.057142857,146.02857142857144,76.34285714285714,,69.68571428571428,,,0.0064070351758793,5028000,226.1620638708944,1.4490282986703036
2021-10-09,IE,Ireland,EUR,1206.0,402367,10.0,5392,1128.428571428571,7.571428571428571,0.0067097100898847,Delta,IRL,,3787011.2,,3472447.0285714287,7259458.228571429,146.11428571428573,76.37142857142857,,69.74285714285715,,,0.0067097100898847,5028000,224.42891237640634,1.5058529378338448
2021-10-10,IE,Ireland,EUR,2002.0,404369,6.0,5398,1263.428571428571,6.857142857142857,0.005427408412483,Delta,IRL,,3788316.6,,3474401.8,7262718.4,146.2,76.4,,69.8,,,0.005427408412483,5028000,251.2785543811796,1.3637913399249912
2021-10-11,IE,Ireland,EUR,1940.0,406309,8.0,5406,1314.0,6.714285714285714,0.0051098064796694,Delta,IRL,,3789622.0,,3476356.571428572,7265978.571428572,146.28571428571428,76.42857142857143,,69.85714285714286,,,0.0051098064796694,5028000,261.33651551312647,1.3353790203432208
2021-10-12,IE,Ireland,EUR,1384.0,407693,2.0,5408,1361.571428571429,5.857142857142857,0.0043017521771062,Delta,IRL,,3790927.4,,3478311.342857143,7269238.742857143,146.37142857142857,76.45714285714286,,69.91428571428571,,,0.0043017521771062,5028000,270.7978179338562,1.1649051028525967
2021-10-13,IE,Ireland,EUR,1357.0,409050,6.0,5414,1427.857142857143,5.428571428571429,0.0038019009504752,Delta,IRL,,3792232.8,,3480266.1142857145,7272498.914285715,146.45714285714286,76.48571428571428,,69.97142857142858,,,0.0038019009504752,5028000,283.9811342197977,1.079668144107285
2021-10-14,IE,Ireland,EUR,1456.0,410506,9.0,5423,1475.2857142857142,6.285714285714286,0.0042606758981311,Delta,IRL,,3793538.2,,3482220.885714285,7275759.085714285,146.54285714285714,76.51428571428572,,70.02857142857142,,,0.0042606758981311,5028000,293.4140243209456,1.2501420615979089
2021-10-15,IE,Ireland,EUR,2051.0,412557,13.0,5436,1628.0,7.714285714285714,0.0047385047385047,Delta,IRL,,3794843.6,,3484175.657142857,7279019.257142857,146.62857142857143,76.54285714285714,,70.08571428571429,,,0.0047385047385047,5028000,323.7867939538584,1.5342652574156155
2021-10-16,IE,Ireland,EUR,1626.0,414183,3.0,5439,1688.0,6.714285714285714,0.0039776574136763,Delta,IRL,,3796149.0,,3486130.4285714286,7282279.428571428,146.71428571428572,76.57142857142857,,70.14285714285714,,,0.0039776574136763,5028000,335.71996817820207,1.3353790203432208
2021-10-17,IE,Ireland,EUR,1907.0,416090,7.0,5446,1674.428571428571,6.857142857142857,0.0040952137189659,Delta,IRL,,3797454.4,,3488085.2,7285539.6,146.8,76.6,,70.2,,,0.0040952137189659,5028000,333.0207978179338,1.3637913399249912
2021-10-18,IE,Ireland,EUR,2180.0,418270,12.0,5458,1708.7142857142858,7.428571428571429,0.0043474625867402,Delta,IRL,,3798759.8,,3490039.971428572,7288799.771428571,146.88571428571427,76.62857142857143,,70.25714285714285,,,0.0043474625867402,5028000,339.83975451755884,1.4774406182520743
2021-10-19,IE,Ireland,EUR,1380.0,419650,8.0,5466,1708.142857142857,8.285714285714286,0.0048507150623065,Delta,IRL,,3800065.2,,3491994.742857143,7292059.942857143,146.97142857142856,76.65714285714286,,70.31428571428572,,,0.0048507150623065,5028000,339.7261052392317,1.6479145357426983
2021-10-20,IE,Ireland,EUR,1576.0,421226,7.0,5473,1739.428571428571,8.428571428571429,0.0048455978975032,Delta,IRL,,3801370.6,,3493949.5142857144,7295320.114285714,147.05714285714285,76.68571428571428,,70.37142857142857,,,0.0048455978975032,5028000,345.9484032276394,1.6763268553244688
2021-10-21,IE,Ireland,EUR,2397.0,423623,10.0,5483,1873.857142857143,8.571428571428571,0.004574216665396,Delta,IRL,,3802676.0,,3495904.285714286,7298580.285714285,147.14285714285714,76.71428571428571,,70.42857142857143,,,0.004574216665396,5028000,372.6843959540857,1.7047391749062393
2021-10-22,IE,Ireland,EUR,2147.0,425770,7.0,5490,1887.571428571429,7.714285714285714,0.0040868841292666,Delta,IRL,,3803981.4,,3497859.057142857,7301840.457142857,147.22857142857143,76.74285714285715,,70.48571428571428,,,0.0040868841292666,5028000,375.41197863393575,1.5342652574156155
2021-10-23,IE,Ireland,EUR,2026.0,427796,8.0,5498,1944.7142857142856,8.428571428571429,0.0043340924116653,Delta,IRL,,3805286.8,,3499813.8285714285,7305100.628571428,147.31428571428572,76.77142857142857,,70.54285714285714,,,0.0043340924116653,5028000,386.7769064666439,1.6763268553244688
2021-10-24,IE,Ireland,EUR,2465.0,430261,11.0,5509,2024.4285714285716,9.0,0.0044456989626702,Delta,IRL,,3806592.2,,3501768.6,7308360.8,147.4,76.8,,70.6,,,0.0044456989626702,5028000,402.630980793272,1.7899761336515512
2021-10-25,IE,Ireland,EUR,2427.0,432688,6.0,5515,2059.714285714286,8.142857142857142,0.003953391593841,Delta,IRL,,3807897.6,,3503723.371428572,7311620.971428571,147.4857142857143,76.82857142857142,,70.65714285714286,,,0.003953391593841,5028000,409.6488237299693,1.6195022161609274
2021-10-26,IE,Ireland,EUR,1725.0,434413,6.0,5521,2109.0,7.857142857142857,0.0037255300413195,Delta,IRL,,3809203.0,,3505678.1428571427,7314881.142857143,147.57142857142858,76.85714285714286,,70.71428571428571,,,0.0037255300413195,5028000,419.4510739856802,1.562677576997386
2021-10-27,IE,Ireland,EUR,1845.0,436258,5.0,5526,2147.428571428572,7.571428571428571,0.0035258116019159,Delta,IRL,,3810508.4,,3507632.9142857143,7318141.314285714,147.65714285714284,76.88571428571429,,70.77142857142857,,,0.0035258116019159,5028000,427.0939879531766,1.5058529378338448
2021-10-28,IE,Ireland,EUR,2180.0,438438,5.0,5531,2116.428571428572,6.857142857142857,0.0032399595005062,Delta,IRL,,3811813.8,,3509587.685714286,7321401.485714286,147.74285714285713,76.91428571428571,,70.82857142857142,,,0.0032399595005062,5028000,420.9285146039324,1.3637913399249912
2021-10-29,IE,Ireland,EUR,1624.0,440062,11.0,5542,2041.7142857142856,7.428571428571429,0.003638399104394,Delta,IRL,,3813119.2,,3511542.4571428574,7324661.657142857,147.82857142857142,76.94285714285714,,70.88571428571429,,,0.003638399104394,5028000,406.06887146266615,1.4774406182520743
2021-10-30,IE,Ireland,EUR,2598.0,442660,11.0,5553,2123.428571428572,7.857142857142857,0.0037002152852529,Delta,IRL,,3814424.6,,3513497.2285714285,7327921.828571429,147.9142857142857,76.97142857142858,,70.94285714285714,,,0.0037002152852529,5028000,422.3207182634391,1.562677576997386
2021-10-31,IE,Ireland,EUR,2541.0,445201,11.0,5564,2134.285714285714,7.857142857142857,0.0036813922356091,Delta,IRL,IRL,3815730.0,,3515452.0,7331182.0,148.0,77.0,,71.0,2020-12-30,2023-12-23,0.0036813922356091,5028000,424.4800545516536,1.562677576997386
2021-11-01,IE,Ireland,EUR,2966.0,448167,7.0,5571,2211.285714285714,8.0,0.0036178047677498,Delta,IRL,,3817333.6785714286,,3517014.8571428573,7364291.821428572,148.64285714285714,77.03571428571429,,71.03571428571429,,,0.0036178047677498,5028000,439.794294806228,1.5910898965791567
2021-11-02,IE,Ireland,EUR,1963.0,450130,12.0,5583,2245.285714285714,8.857142857142858,0.0039447731755424,Delta,IRL,,3818937.357142857,,3518577.714285714,7397401.642857143,149.28571428571428,77.07142857142857,,71.07142857142857,,,0.0039447731755424,5028000,446.5564268666894,1.7615638140697807
2021-11-03,IE,Ireland,EUR,2855.0,452985,7.0,5590,2389.5714285714284,9.142857142857142,0.0038261493393914,Delta,IRL,,3820541.035714286,,3520140.571428572,7430511.464285715,149.92857142857142,77.10714285714286,,71.10714285714286,,,0.0038261493393914,5028000,475.2528696442777,1.8183884532333219
2021-11-04,IE,Ireland,EUR,3723.0,456708,18.0,5608,2610.0,11.0,0.0042145593869731,Delta,IRL,,3822144.714285714,,3521703.4285714286,7463621.285714285,150.57142857142858,77.14285714285714,,71.14285714285714,,,0.0042145593869731,5028000,519.0930787589499,2.187748607796341
2021-11-05,IE,Ireland,EUR,3174.0,459882,11.0,5619,2831.428571428572,11.0,0.0038849646821392,Delta,IRL,,3823748.392857143,,3523266.285714286,7496731.107142857,151.21428571428572,77.17857142857143,,71.17857142857143,,,0.0038849646821392,5028000,563.1321741106946,2.187748607796341
2021-11-06,IE,Ireland,EUR,3024.0,462906,13.0,5632,2892.285714285714,11.285714285714286,0.003902005334387,Delta,IRL,,3825352.0714285714,,3524829.1428571427,7529840.928571428,151.85714285714286,77.21428571428571,,71.21428571428571,,,0.003902005334387,5028000,575.2358222525287,2.2445732469598823
2021-11-07,IE,Ireland,EUR,3903.0,466809,9.0,5641,3086.8571428571427,11.0,0.0035634950018511,Delta,IRL,,3826955.75,,3526392.0,7562950.75,152.5,77.25,,71.25,,,0.0035634950018511,5028000,613.9334015229003,2.187748607796341
2021-11-08,IE,Ireland,EUR,3685.0,470494,12.0,5653,3189.5714285714284,11.714285714285714,0.0036726832982487,Delta,IRL,,3828559.4285714286,,3527954.8571428573,7596060.571428572,153.14285714285714,77.28571428571429,,71.28571428571429,,,0.0036726832982487,5028000,634.3618593021934,2.3298102057051935
2021-11-09,IE,Ireland,EUR,3428.0,473922,5.0,5658,3398.8571428571427,10.714285714285714,0.0031523201075991,Delta,IRL,,3830163.107142857,,3529517.714285714,7629170.392857143,153.78571428571428,77.32142857142857,,71.32142857142857,,,0.0031523201075991,5028000,675.9859074894873,2.130923968632799
2021-11-10,IE,Ireland,EUR,3161.0,477083,6.0,5664,3442.5714285714284,10.571428571428571,0.0030707942567847,Delta,IRL,,3831766.785714286,,3531080.571428572,7662280.214285715,154.42857142857142,77.35714285714286,,71.35714285714286,,,0.0030707942567847,5028000,684.6800772815092,2.1025116490510287
2021-11-11,IE,Ireland,EUR,5331.0,482414,6.0,5670,3672.285714285714,8.857142857142858,0.0024118882751108,Delta,IRL,,3833370.464285714,,3532643.4285714286,7695390.035714285,155.07142857142858,77.39285714285714,,71.39285714285714,,,0.0024118882751108,5028000,730.3670871689965,1.7615638140697807
2021-11-12,IE,Ireland,EUR,2968.0,485382,4.0,5674,3642.857142857143,7.857142857142857,0.002156862745098,Delta,IRL,,3834974.142857143,,3534206.285714286,7728499.857142857,155.71428571428572,77.42857142857143,,71.42857142857143,,,0.002156862745098,5028000,724.5141493351517,1.562677576997386
2021-11-13,IE,Ireland,EUR,3677.0,489059,8.0,5682,3736.142857142857,7.142857142857143,0.0019118265590945,Delta,IRL,,3836577.8214285714,,3535769.1428571427,7761609.678571428,156.35714285714286,77.46428571428571,,71.46428571428571,,,0.0019118265590945,5028000,743.0673940220479,1.4206159790885329
2021-11-14,IE,Ireland,EUR,5478.0,494537,8.0,5690,3961.142857142857,7.0,0.001767166762839,Delta,IRL,,3838181.5,,3537332.0,7794719.5,157.0,77.5,,71.5,,,0.001767166762839,5028000,787.8167973633367,1.392203659506762
2021-11-15,IE,Ireland,EUR,4642.0,499179,11.0,5701,4097.857142857143,6.857142857142857,0.0016733484399511,Delta,IRL,,3839785.1785714286,,3538894.8571428573,7827829.321428572,157.64285714285714,77.53571428571429,,71.53571428571429,,,0.0016733484399511,5028000,815.0073872030913,1.3637913399249912
2021-11-16,IE,Ireland,EUR,3805.0,502984,4.0,5705,4151.714285714285,6.714285714285714,0.0016172321244236,Delta,IRL,,3841388.857142857,,3540457.714285714,7860939.142857143,158.28571428571428,77.57142857142857,,71.57142857142857,,,0.0016172321244236,5028000,825.7188316854186,1.3353790203432208
2021-11-17,IE,Ireland,EUR,4565.0,507549,9.0,5714,4352.285714285715,7.142857142857143,0.0016411737674785,Delta,IRL,,3842992.535714286,,3542020.571428572,7894048.964285715,158.92857142857142,77.60714285714286,,71.60714285714286,,,0.0016411737674785,5028000,865.6097283782249,1.4206159790885329
2021-11-18,IE,Ireland,EUR,4400.0,511949,5.0,5719,4219.285714285715,7.0,0.0016590485864228,Delta,IRL,,3844596.214285714,,3543583.4285714286,7927158.785714285,159.57142857142858,77.64285714285714,,71.64285714285714,,,0.0016590485864228,5028000,839.1578588475965,1.392203659506762
2021-11-19,IE,Ireland,EUR,3632.0,515581,8.0,5727,4314.142857142857,7.571428571428571,0.0017550250008278,Delta,IRL,,3846199.892857143,,3545146.285714286,7960268.607142857,160.21428571428572,77.67857142857143,,71.67857142857143,,,0.0017550250008278,5028000,858.0236390498919,1.5058529378338448
2021-11-20,IE,Ireland,EUR,4646.0,520227,9.0,5736,4452.571428571428,7.714285714285714,0.001732546201232,Delta,IRL,,3847803.5714285714,,3546709.1428571427,7993378.428571428,160.85714285714286,77.71428571428571,,71.71428571428571,,,0.001732546201232,5028000,885.5551767246278,1.5342652574156155
2021-11-21,IE,Ireland,EUR,3133.0,523360,2.0,5738,4117.571428571428,6.857142857142857,0.0016653367102661,Delta,IRL,,3849407.25,,3548272.0,8026488.25,161.5,77.75,,71.75,,,0.0016653367102661,5028000,818.9282873053755,1.3637913399249912
2021-11-22,IE,Ireland,EUR,5959.0,529319,11.0,5749,4305.714285714285,6.857142857142857,0.0015925680159256,Delta,IRL,,3851010.9285714286,,3549834.8571428573,8059598.071428571,162.14285714285714,77.78571428571429,,71.78571428571429,,,0.0015925680159256,5028000,856.3473121945675,1.3637913399249912
2021-11-23,IE,Ireland,EUR,4177.0,533496,3.0,5752,4358.857142857143,6.714285714285714,0.0015403775563712,Delta,IRL,,3852614.607142857,,3551397.714285714,8092707.892857143,162.78571428571428,77.82142857142857,,71.82142857142857,,,0.0015403775563712,5028000,866.9166950789862,1.3353790203432208
2021-11-24,IE,Ireland,EUR,5634.0,539130,10.0,5762,4511.571428571428,6.857142857142857,0.0015199012064215,Delta,IRL,,3854218.285714286,,3552960.571428572,8125817.714285715,163.42857142857144,77.85714285714286,,71.85714285714286,,,0.0015199012064215,5028000,897.2894647118991,1.3637913399249912
2021-11-25,IE,Ireland,EUR,3661.0,542791,13.0,5775,4406.0,8.0,0.0018157058556513,Delta,IRL,,3855821.964285714,,3554523.4285714286,8158927.535714285,164.07142857142858,77.89285714285714,,71.89285714285714,,,0.0018157058556513,5028000,876.2927605409706,1.5910898965791567
2021-11-26,IE,Ireland,EUR,3891.0,546682,11.0,5786,4443.0,8.428571428571429,0.0018970451110896,Delta,IRL,,3857425.642857143,,3556086.285714286,8192037.357142857,164.71428571428572,77.92857142857143,,71.92857142857143,,,0.0018970451110896,5028000,883.6515513126491,1.6763268553244688
2021-11-27,IE,Ireland,EUR,4763.0,551445,9.0,5795,4459.714285714285,8.428571428571429,0.0018899352937407,Delta,IRL,,3859029.3214285714,,3557649.1428571427,8225147.178571428,165.35714285714286,77.96428571428571,,71.96428571428571,,,0.0018899352937407,5028000,886.9757927037163,1.6763268553244688
2021-11-28,IE,Ireland,EUR,4619.0,556064,13.0,5808,4672.0,10.0,0.0021404109589041,Delta,IRL,IRL,3860633.0,,3559212.0,8258257.0,166.0,78.0,,72.0,2020-12-30,2023-12-23,0.0021404109589041,5028000,929.1964996022275,1.9888623707239457
2021-11-29,IE,Ireland,EUR,4791.0,560855,5.0,5813,4505.142857142857,9.142857142857142,0.0020294266869609,Delta,IRL,,3861793.5714285714,,3560660.75,8306154.5,166.96428571428572,78.0,,72.03571428571429,,,0.0020294266869609,5028000,896.0109103307194,1.8183884532333219
2021-11-30,IE,Ireland,EUR,3735.0,564590,13.0,5826,4442.0,10.571428571428571,0.0023798803627709,Delta,IRL,,3862954.142857143,,3562109.5,8354052.0,167.92857142857142,78.0,,72.07142857142857,,,0.0023798803627709,5028000,883.4526650755768,2.1025116490510287
2021-12-01,IE,Ireland,EUR,4603.0,569193,15.0,5841,4294.714285714285,11.285714285714286,0.0026278149219971,Omicron,IRL,,3864114.714285714,,3563558.25,8401949.5,168.89285714285714,78.0,,72.10714285714286,,,0.0026278149219971,5028000,854.1595635867711,2.2445732469598823
2021-12-02,IE,Ireland,EUR,5458.0,574651,4.0,5845,4551.428571428572,10.0,0.0021971123666038,Omicron,IRL,,3865275.285714286,,3565007.0,8449847.0,169.85714285714286,78.0,,72.14285714285714,,,0.0021971123666038,5028000,905.2165018752131,1.9888623707239457
2021-12-03,IE,Ireland,EUR,3790.0,578441,13.0,5858,4537.0,10.285714285714286,0.0022670739003117,Omicron,IRL,,3866435.857142857,,3566455.75,8497744.5,170.82142857142858,78.0,,72.17857142857143,,,0.0022670739003117,5028000,902.3468575974542,2.0456870098874873
2021-12-04,IE,Ireland,EUR,4159.0,582600,11.0,5869,4450.714285714285,10.571428571428571,0.0023752206708393,Omicron,IRL,,3867596.4285714286,,3567904.5,8545642.0,171.78571428571428,78.0,,72.21428571428571,,,0.0023752206708393,5028000,885.1858165700647,2.1025116490510287
2021-12-05,IE,Ireland,EUR,5408.0,588008,6.0,5875,4563.428571428572,9.571428571428571,0.0020974204858502,Omicron,IRL,,3868757.0,,3569353.25,8593539.5,172.75,78.0,,72.25,,,0.0020974204858502,5028000,907.6031367200818,1.903625411978634
2021-12-06,IE,Ireland,EUR,5622.0,593630,14.0,5889,4682.142857142857,10.857142857142858,0.0023188405797101,Omicron,IRL,,3869917.5714285714,,3570802.0,8641437.0,173.71428571428572,78.0,,72.28571428571429,,,0.0023188405797101,5028000,931.2137742925331,2.15933628821457
2021-12-07,IE,Ireland,EUR,5156.0,598786,8.0,5897,4885.142857142857,10.142857142857142,0.0020762662299684,Omicron,IRL,,3871078.142857143,,3572250.75,8689334.5,174.67857142857142,78.0,,72.32142857142857,,,0.0020762662299684,5028000,971.5876804182292,2.0172746903057166
2021-12-08,IE,Ireland,EUR,2911.0,601697,9.0,5906,4643.428571428572,9.285714285714286,0.0019997538764459,Omicron,IRL,,3872238.714285714,,3573699.5,8737232.0,175.64285714285714,78.0,,72.35714285714286,,,0.0019997538764459,5028000,923.5140356858734,1.8468007728150928
2021-12-09,IE,Ireland,EUR,5565.0,607262,8.0,5914,4658.714285714285,9.857142857142858,0.0021158504798994,Omicron,IRL,,3873399.285714286,,3575148.25,8785129.5,176.60714285714286,78.0,,72.39285714285714,,,0.0021158504798994,5028000,926.5541538811228,1.9604500511421752
2021-12-10,IE,Ireland,EUR,4126.0,611388,5.0,5919,4706.714285714285,8.714285714285714,0.0018514584028894,Omicron,IRL,,3874559.857142857,,3576597.0,8833027.0,177.57142857142858,78.0,,72.42857142857143,,,0.0018514584028894,5028000,936.1006932605977,1.7331514944880098
2021-12-11,IE,Ireland,EUR,4003.0,615391,6.0,5925,4684.428571428572,8.0,0.001707785672898,Omicron,IRL,,3875720.4285714286,,3578045.75,8880924.5,178.53571428571428,78.0,,72.46428571428571,,,0.001707785672898,5028000,931.6683714058416,1.5910898965791567
2021-12-12,IE,Ireland,EUR,4097.0,619488,6.0,5931,4497.142857142857,8.0,0.0017789072426937,Omicron,IRL,,3876881.0,,3579494.5,8928822.0,179.5,78.0,,72.5,,,0.0017789072426937,5028000,894.4198204341401,1.5910898965791567
2021-12-13,IE,Ireland,EUR,4004.0,623492,10.0,5941,4266.0,7.428571428571429,0.0017413435134954,Omicron,IRL,,3878041.5714285714,,3580943.25,8976719.5,180.4642857142857,78.0,,72.53571428571429,,,0.0017413435134954,5028000,848.4486873508354,1.4774406182520743
2021-12-14,IE,Ireland,EUR,4662.0,628154,11.0,5952,4195.428571428572,7.857142857142857,0.0018727867066194,Omicron,IRL,,3879202.142857143,,3582392.0,9024617.0,181.42857142857144,78.0,,72.57142857142857,,,0.0018727867066194,5028000,834.4130014774406,1.562677576997386
2021-12-15,IE,Ireland,EUR,4688.0,632842,10.0,5962,4449.285714285715,8.0,0.0017980414191684,Omicron,IRL,,3880362.714285714,,3583840.75,9072514.5,182.3928571428572,78.0,,72.60714285714286,,,0.0017980414191684,5028000,884.9016933742471,1.5910898965791567
2021-12-16,IE,Ireland,EUR,3871.0,636713,11.0,5973,4207.285714285715,8.428571428571429,0.0020033275610335,Omicron,IRL,,3881523.285714286,,3585289.5,9120412.0,183.3571428571429,78.0,,72.64285714285714,,,0.0020033275610335,5028000,836.7712240027276,1.6763268553244688
2021-12-17,IE,Ireland,EUR,4230.0,640943,7.0,5980,4222.142857142857,8.714285714285714,0.0020639485704618,Omicron,IRL,,3882683.857142857,,3586738.25,9168309.5,184.32142857142856,78.0,,72.67857142857143,,,0.0020639485704618,5028000,839.7261052392316,1.7331514944880098
2021-12-18,IE,Ireland,EUR,4141.0,645084,12.0,5992,4241.857142857143,9.571428571428571,0.0022564240730138,Omicron,IRL,,3883844.4285714286,,3588187.0,9216207.0,185.28571428571428,78.0,,72.71428571428571,,,0.0022564240730138,5028000,843.6470053415162,1.903625411978634
2021-12-19,IE,Ireland,EUR,3595.0,648679,9.0,6001,4170.142857142857,10.0,0.0023979993833715,Omicron,IRL,,3885005.0,,3589635.75,9264104.5,186.25,78.0,,72.75,,,0.0023979993833715,5028000,829.3840209114671,1.9888623707239457
2021-12-20,IE,Ireland,EUR,7333.0,656012,10.0,6011,4645.714285714285,10.0,0.0021525215252152,Omicron,IRL,,3886165.5714285714,,3591084.5,9312002.0,187.2142857142857,78.0,,72.78571428571429,,,0.0021525215252152,5028000,923.9686327991816,1.9888623707239457
2021-12-21,IE,Ireland,EUR,5124.0,661136,4.0,6015,4711.714285714285,9.0,0.0019101327997089,Omicron,IRL,,3887326.142857143,,3592533.25,9359899.5,188.17857142857144,78.0,,72.82142857142857,,,0.0019101327997089,5028000,937.0951244459598,1.7899761336515512
2021-12-22,IE,Ireland,EUR,4788.0,665924,4.0,6019,4726.0,8.142857142857142,0.0017229913548153,Omicron,IRL,,3888486.714285714,,3593982.0,9407797.0,189.1428571428572,78.0,,72.85714285714286,,,0.0017229913548153,5028000,939.9363564041369,1.6195022161609274
2021-12-23,IE,Ireland,EUR,5269.0,671193,7.0,6026,4925.714285714285,7.571428571428571,0.0015371229698375,Omicron,IRL,,3889647.285714286,,3595430.75,9455694.5,190.1071428571429,78.0,,72.89285714285714,,,0.0015371229698375,5028000,979.6567791794521,1.5058529378338448
2021-12-24,IE,Ireland,EUR,6307.0,677500,13.0,6039,5222.428571428572,8.428571428571429,0.0016139179910824,Omicron,IRL,,3890807.857142857,,3596879.5,9503592.0,191.07142857142856,78.0,,72.92857142857143,,,0.0016139179910824,5028000,1038.66916695079,1.6763268553244688
2021-12-25,IE,Ireland,EUR,7411.0,684911,3.0,6042,5689.571428571428,7.142857142857143,0.0012554297335978,Omicron,IRL,,3891968.4285714286,,3598328.25,9551489.5,192.03571428571428,78.0,,72.96428571428571,,,0.0012554297335978,5028000,1131.57745198318,1.4206159790885329
2021-12-26,IE,Ireland,EUR,11182.0,696093,12.0,6054,6773.428571428572,7.571428571428571,0.0011178133040874,Omicron,IRL,IRL,3893129.0,,3599777.0,9599387.0,193.0,78.0,,73.0,2020-12-30,2023-12-23,0.0011178133040874,5028000,1347.141720650074,1.5058529378338448
2021-12-27,IE,Ireland,EUR,13765.0,709858,7.0,6061,7692.285714285715,7.142857142857143,0.0009285740816402,Omicron,IRL,,3896472.828571429,,3607365.914285714,9619164.857142856,193.4,78.08571428571429,,73.14285714285714,,,0.0009285740816402,5028000,1529.8897602000227,1.4206159790885329
2021-12-28,IE,Ireland,EUR,10404.0,720262,2.0,6063,8446.57142857143,6.857142857142857,0.0008118255928018,Omicron,IRL,,3899816.657142857,,3614954.828571429,9638942.714285716,193.8,78.17142857142858,,73.28571428571429,,,0.0008118255928018,5028000,1679.906807591772,1.3637913399249912
2021-12-29,IE,Ireland,EUR,6735.0,726997,9.0,6072,8724.714285714286,7.571428571428571,0.0008678139275948,Omicron,IRL,,3903160.4857142856,,3622543.742857143,9658720.57142857,194.2,78.25714285714285,,73.42857142857143,,,0.0008678139275948,5028000,1735.2255938174794,1.5058529378338448
2021-12-30,IE,Ireland,EUR,9006.0,736003,6.0,6078,9258.57142857143,7.428571428571429,0.0008023453170806,Omicron,IRL,,3906504.314285714,,3630132.657142857,9678498.42857143,194.6,78.34285714285714,,73.57142857142857,,,0.0008023453170806,5028000,1841.4024320945564,1.4774406182520743
2021-12-31,IE,Ireland,EUR,16428.0,752431,6.0,6084,10704.42857142857,6.428571428571429,0.0006005525083076,Omicron,IRL,,3909848.142857143,,3637721.5714285714,9698276.285714284,195.0,78.42857142857143,,73.71428571428571,,,0.0006005525083076,5028000,2128.963518581657,1.2785543811796796
2022-01-01,IE,Ireland,EUR,20554.0,772985,13.0,6097,12582.0,7.857142857142857,0.0006244748734019,Omicron,IRL,,3913191.9714285713,,3645310.4857142856,9718054.142857144,195.4,78.51428571428572,,73.85714285714286,,,0.0006244748734019,5028000,2502.3866348448687,1.562677576997386
2022-01-02,IE,Ireland,EUR,20110.0,793095,10.0,6107,13857.42857142857,7.571428571428571,0.0005463804870002,Omicron,IRL,,3916535.8,,3652899.4,9737832.0,195.8,78.6,,74.0,,,0.0005463804870002,5028000,2756.0518240709166,1.5058529378338448
2022-01-03,IE,Ireland,EUR,23065.0,816160,13.0,6120,15186.0,8.428571428571429,0.0005550224831141,Omicron,IRL,,3919879.628571429,,3660488.314285714,9757609.857142856,196.2,78.68571428571428,,74.14285714285714,,,0.0005550224831141,5028000,3020.286396181384,1.6763268553244688
2022-01-04,IE,Ireland,EUR,17071.0,833231,7.0,6127,16138.42857142857,9.142857142857142,0.0005665271003549,Omicron,IRL,,3923223.4571428574,,3668077.228571429,9777387.714285716,196.6,78.77142857142857,,74.28571428571429,,,0.0005665271003549,5028000,3209.711330833049,1.8183884532333219
2022-01-05,IE,Ireland,EUR,16986.0,850217,4.0,6131,17602.85714285714,8.428571428571429,0.0004788183736406,Omicron,IRL,,3926567.285714286,,3675666.142857143,9797165.57142857,197.0,78.85714285714286,,74.42857142857143,,,0.0004788183736406,5028000,3500.96601886578,1.6763268553244688
2022-01-06,IE,Ireland,EUR,21302.0,871519,6.0,6137,19359.42857142857,8.428571428571429,0.0004353729448921,Omicron,IRL,,3929911.1142857145,,3683255.057142857,9816943.42857143,197.4,78.94285714285714,,74.57142857142857,,,0.0004353729448921,5028000,3850.3239004432317,1.6763268553244688
2022-01-07,IE,Ireland,EUR,17656.0,889175,6.0,6143,19534.85714285714,8.428571428571429,0.0004314631720587,Omicron,IRL,,3933254.942857143,,3690843.9714285713,9836721.285714284,197.8,79.02857142857142,,74.71428571428571,,,0.0004314631720587,5028000,3885.214228889646,1.6763268553244688
2022-01-08,IE,Ireland,EUR,23817.0,912992,10.0,6153,20001.0,8.0,0.0003999800009999,Omicron,IRL,,3936598.771428572,,3698432.8857142855,9856499.142857144,198.2,79.11428571428571,,74.85714285714286,,,0.0003999800009999,5028000,3977.9236276849642,1.5910898965791567
2022-01-09,IE,Ireland,EUR,21926.0,934918,15.0,6168,20260.42857142857,8.714285714285714,0.0004301135922946,Omicron,IRL,,3939942.6,,3706021.8,9876277.0,198.6,79.2,,75.0,,,0.0004301135922946,5028000,4029.5204000454596,1.7331514944880098
2022-01-10,IE,Ireland,EUR,26122.0,961040,16.0,6184,20697.14285714286,9.142857142857142,0.0004417448923246,Omicron,IRL,,3943286.4285714286,,3713610.714285714,9896054.857142856,199.0,79.28571428571429,,75.14285714285714,,,0.0004417448923246,5028000,4116.376861006933,1.8183884532333219
2022-01-11,IE,Ireland,EUR,21384.0,982424,14.0,6198,21313.285714285717,10.142857142857142,0.0004758936411225,Omicron,IRL,,3946630.257142857,,3721199.628571429,9915832.714285716,199.4,79.37142857142857,,75.28571428571429,,,0.0004758936411225,5028000,4238.91919536311,2.0172746903057166
2022-01-12,IE,Ireland,EUR,23909.0,1006333,8.0,6206,22302.285714285717,10.714285714285714,0.0004804120013323,Omicron,IRL,,3949974.0857142857,,3728788.542857143,9935610.57142857,199.8,79.45714285714286,,75.42857142857143,,,0.0004804120013323,5028000,4435.617683827708,2.130923968632799
2022-01-13,IE,Ireland,EUR,19290.0,1025623,12.0,6218,22014.85714285714,11.571428571428571,0.0005256190624513,Omicron,IRL,,3953317.914285714,,3736377.457142857,9955388.42857143,200.2,79.54285714285714,,75.57142857142857,,,0.0005256190624513,5028000,4378.452096829185,2.301397886123423
2022-01-14,IE,Ireland,EUR,20909.0,1046532,15.0,6233,22479.571428571428,12.857142857142858,0.0005719478637747,Omicron,IRL,,3956661.742857143,,3743966.371428572,9975166.285714284,200.6,79.62857142857143,,75.71428571428571,,,0.0005719478637747,5028000,4470.877372428685,2.557108762359359
2022-01-15,IE,Ireland,EUR,18904.0,1065436,11.0,6244,21777.714285714286,13.0,0.0005969405158615,Omicron,IRL,,3960005.5714285714,,3751555.285714286,9994944.142857144,201.0,79.71428571428571,,75.85714285714286,,,0.0005969405158615,5028000,4331.287646323446,2.5855210819411294
2022-01-16,IE,Ireland,EUR,17065.0,1082501,13.0,6257,21083.285714285717,12.714285714285714,0.0006030504868446,Omicron,IRL,,3963349.4,,3759144.2,10014722.0,201.4,79.8,,76.0,,,0.0006030504868446,5028000,4193.175360836459,2.528696442777588
2022-01-17,IE,Ireland,EUR,14555.0,1097056,11.0,6268,19430.85714285714,12.0,0.0006175744030114,Omicron,IRL,,3966693.228571429,,3766733.1142857145,10034499.857142856,201.8,79.88571428571429,,76.14285714285714,,,0.0006175744030114,5028000,3864.530060234117,2.3866348448687353
2022-01-18,IE,Ireland,EUR,10753.0,1107809,11.0,6279,17912.14285714286,11.571428571428571,0.0006460102883119,Omicron,IRL,,3970037.057142857,,3774322.0285714287,10054277.714285716,202.2,79.97142857142858,,76.28571428571429,,,0.0006460102883119,5028000,3562.478690760314,2.301397886123423
2022-01-19,IE,Ireland,EUR,6329.0,1114138,8.0,6287,15400.714285714286,11.571428571428571,0.0007513566161124,Omicron,IRL,,3973380.8857142855,,3781910.942857143,10074055.57142857,202.6,80.05714285714285,,76.42857142857143,,,0.0007513566161124,5028000,3062.990112512786,2.301397886123423
2022-01-20,IE,Ireland,EUR,5767.0,1119905,8.0,6295,13468.857142857143,11.0,0.0008166988396512,Omicron,IRL,,3976724.714285714,,3789499.857142857,10093833.42857143,203.0,80.14285714285714,,76.57142857142857,,,0.0008166988396512,5028000,2678.770314808501,2.187748607796341
2022-01-21,IE,Ireland,EUR,6843.0,1126748,9.0,6304,11459.42857142857,10.142857142857142,0.0008851102024533,Omicron,IRL,,3980068.542857143,,3797088.771428572,10113611.285714284,203.4,80.22857142857143,,76.71428571428571,,,0.0008851102024533,5028000,2279.1226275713148,2.0172746903057166
2022-01-22,IE,Ireland,EUR,5523.0,1132271,6.0,6310,9547.857142857143,9.428571428571429,0.0009875065459714,Omicron,IRL,,3983412.371428572,,3804677.685714286,10133389.142857144,203.8,80.31428571428572,,76.85714285714286,,,0.0009875065459714,5028000,1898.9373792476417,1.8752130923968635
2022-01-23,IE,Ireland,EUR,6597.0,1138868,7.0,6317,8052.428571428572,8.571428571428571,0.0010644526052477,Omicron,IRL,,3986756.2,,3812266.6,10153167.0,204.2,80.4,,77.0,,,0.0010644526052477,5028000,1601.5172178656665,1.7047391749062393
2022-01-24,IE,Ireland,EUR,6689.0,1145557,13.0,6330,6928.714285714285,8.857142857142858,0.0012783241582647,Omicron,IRL,,3990100.0285714287,,3819855.5142857134,10172944.857142856,204.6,80.48571428571428,,77.14285714285714,,,0.0012783241582647,5028000,1378.0259120354583,1.7615638140697807
2022-01-25,IE,Ireland,EUR,4731.0,1150288,12.0,6342,6068.428571428572,9.0,0.0014830857600225,Omicron,IRL,,3993443.857142857,,3827444.4285714286,10192722.714285716,205.0,80.57142857142857,,77.28571428571429,,,0.0014830857600225,5028000,1206.9269235140357,1.7899761336515512
2022-01-26,IE,Ireland,EUR,3692.0,1153980,13.0,6355,5691.714285714285,9.714285714285714,0.0017067416294362,Omicron,IRL,,3996787.685714286,,3835033.342857143,10212500.57142857,205.4,80.65714285714286,,77.42857142857143,,,0.0017067416294362,5028000,1132.0036367769062,1.9320377315604043
2022-01-27,IE,Ireland,EUR,4006.0,1157986,13.0,6368,5440.142857142857,10.428571428571429,0.0019169664662167,Omicron,IRL,,4000131.5142857134,,3842622.257142857,10232278.42857143,205.8,80.74285714285715,,77.57142857142857,,,0.0019169664662167,5028000,1081.9695419934085,2.074099329469258
2022-01-28,IE,Ireland,EUR,5605.0,1163591,8.0,6376,5263.285714285715,10.285714285714286,0.0019542382542138,Omicron,IRL,,4003475.342857143,,3850211.171428572,10252056.285714284,206.2,80.82857142857142,,77.71428571428571,,,0.0019542382542138,5028000,1046.7950903511762,2.0456870098874873
2022-01-29,IE,Ireland,EUR,5265.0,1168856,12.0,6388,5226.428571428572,11.142857142857142,0.0021320213202132,Omicron,IRL,,4006819.171428572,,3857800.0857142857,10271834.142857144,206.6,80.91428571428571,,77.85714285714286,,,0.0021320213202132,5028000,1039.4647118990795,2.216160927378111
2022-01-30,IE,Ireland,EUR,5109.0,1173965,7.0,6395,5013.857142857143,11.142857142857142,0.0022224121719805,Omicron,IRL,IRL,4010163.0,379128.0,3865389.0,10291612.0,207.0,81.0,8.0,78.0,2020-12-30,2023-12-23,0.0022224121719805,5028000,997.1871803614047,2.216160927378111
2022-01-31,IE,Ireland,EUR,5091.0,1179056,16.0,6411,4785.571428571428,11.571428571428571,0.002417982626347,Omicron,IRL,,4010635.392857143,463471.1071428572,3868224.357142857,10298060.357142856,207.1428571428572,81.0,9.678571428571429,78.03571428571429,,,0.002417982626347,5028000,951.7842936697351,2.301397886123423
2022-02-01,IE,Ireland,EUR,4400.0,1183456,16.0,6427,4738.285714285715,12.142857142857142,0.002562711046792,Omicron,IRL,,4011107.785714286,547814.2142857143,3871059.714285714,10304508.714285716,207.28571428571428,81.0,11.357142857142858,78.07142857142857,,,0.002562711046792,5028000,942.3798158881692,2.4150471644505056
2022-02-02,IE,Ireland,EUR,3872.0,1187328,12.0,6439,4764.0,12.0,0.0025188916876574,Omicron,IRL,,4011580.1785714286,632157.3214285714,3873895.0714285714,10310957.07142857,207.42857142857144,81.0,13.035714285714285,78.10714285714286,,,0.0025188916876574,5028000,947.4940334128878,2.3866348448687353
2022-02-03,IE,Ireland,EUR,4208.0,1191536,9.0,6448,4792.857142857143,11.428571428571429,0.0023845007451564,Omicron,IRL,,4012052.5714285714,716500.4285714286,3876730.4285714286,10317405.42857143,207.57142857142856,81.0,14.714285714285715,78.14285714285714,,,0.0023845007451564,5028000,953.2333219684056,2.2729855665416525
2022-02-04,IE,Ireland,EUR,5940.0,1197476,9.0,6457,4840.714285714285,11.571428571428571,0.0023904382470119,Omicron,IRL,,4012524.964285714,800843.5357142857,3879565.785714286,10323853.785714284,207.7142857142857,81.0,16.392857142857142,78.17857142857143,,,0.0023904382470119,5028000,962.7514490282986,2.301397886123423
2022-02-05,IE,Ireland,EUR,6061.0,1203537,8.0,6465,4954.428571428572,11.0,0.0022202358640177,Omicron,IRL,,4012997.357142857,885186.6428571428,3882401.142857143,10330302.142857144,207.8571428571429,81.0,18.07142857142857,78.21428571428571,,,0.0022202358640177,5028000,985.3676554153882,2.187748607796341
2022-02-06,IE,Ireland,EUR,6697.0,1210234,18.0,6483,5181.285714285715,12.571428571428571,0.0024263144834431,Omicron,IRL,,4013469.75,969529.75,3885236.5,10336750.5,208.0,81.0,19.75,78.25,,,0.0024263144834431,5028000,1030.48641891124,2.5002841231958177
2022-02-07,IE,Ireland,EUR,6260.0,1216494,9.0,6492,5348.285714285715,11.571428571428571,0.002163577114162,Omicron,IRL,,4013942.142857143,1053872.8571428573,3888071.857142857,10343198.857142856,208.1428571428572,81.0,21.42857142857143,78.28571428571429,,,0.002163577114162,5028000,1063.70042050233,2.301397886123423
2022-02-08,IE,Ireland,EUR,4933.0,1221427,9.0,6501,5424.428571428572,10.571428571428571,0.0019488557056701,Omicron,IRL,,4014414.535714286,1138215.9642857143,3890907.214285714,10349647.214285716,208.28571428571428,81.0,23.107142857142858,78.32142857142857,,,0.0019488557056701,5028000,1078.8441868394136,2.1025116490510287
2022-02-09,IE,Ireland,EUR,3975.0,1225402,9.0,6510,5439.142857142857,10.142857142857142,0.0018647896202132,Omicron,IRL,,4014886.9285714286,1222559.0714285714,3893742.5714285714,10356095.57142857,208.42857142857144,81.0,24.785714285714285,78.35714285714286,,,0.0018647896202132,5028000,1081.7706557563358,2.0172746903057166
2022-02-10,IE,Ireland,EUR,3780.0,1229182,9.0,6519,5378.0,10.142857142857142,0.001885990543484,Omicron,IRL,,4015359.3214285714,1306902.1785714286,3896577.9285714286,10362543.92857143,208.57142857142856,81.0,26.464285714285715,78.39285714285714,,,0.001885990543484,5028000,1069.6101829753381,2.0172746903057166
2022-02-11,IE,Ireland,EUR,5677.0,1234859,10.0,6529,5340.428571428572,10.285714285714286,0.0019260091485434,Omicron,IRL,,4015831.714285714,1391245.2857142857,3899413.285714286,10368992.285714284,208.7142857142857,81.0,28.142857142857142,78.42857142857143,,,0.0019260091485434,5028000,1062.1377429253325,2.0456870098874873
2022-02-12,IE,Ireland,EUR,5649.0,1240508,9.0,6538,5281.571428571428,10.428571428571429,0.0019745205701766,Omicron,IRL,,4016304.107142857,1475588.392857143,3902248.642857143,10375440.642857144,208.8571428571429,81.0,29.821428571428573,78.46428571428571,,,0.0019745205701766,5028000,1050.431867257643,2.074099329469258
2022-02-13,IE,Ireland,EUR,6618.0,1247126,4.0,6542,5270.285714285715,8.428571428571429,0.0015992627127832,Omicron,IRL,,4016776.5,1559931.5,3905084.0,10381889.0,209.0,81.0,31.5,78.5,,,0.0015992627127832,5028000,1048.1872940106832,1.6763268553244688
2022-02-14,IE,Ireland,EUR,4940.0,1252066,7.0,6549,5081.714285714285,8.142857142857142,0.0016023838974474,Omicron,IRL,,4017248.892857143,1644274.6071428573,3907919.357142857,10388337.357142856,209.1428571428572,81.0,33.17857142857143,78.53571428571429,,,0.0016023838974474,5028000,1010.6830321627456,1.6195022161609274
2022-02-15,IE,Ireland,EUR,4331.0,1256397,8.0,6557,4995.714285714285,8.0,0.00160137260509,Omicron,IRL,,4017721.285714286,1728617.7142857143,3910754.714285714,10394785.714285716,209.28571428571428,81.0,34.85714285714286,78.57142857142857,,,0.00160137260509,5028000,993.5788157745197,1.5910898965791567
2022-02-16,IE,Ireland,EUR,3494.0,1259891,4.0,6561,4927.0,7.285714285714286,0.0014787323494447,Omicron,IRL,,4018193.6785714286,1812960.821428572,3913590.0714285714,10401234.07142857,209.42857142857144,81.0,36.535714285714285,78.60714285714286,,,0.0014787323494447,5028000,979.9124900556882,1.4490282986703036
2022-02-17,IE,Ireland,EUR,4160.0,1264051,8.0,6569,4981.285714285715,7.142857142857143,0.0014339384553614,Omicron,IRL,,4018666.0714285714,1897303.9285714289,3916425.4285714286,10407682.42857143,209.57142857142856,81.0,38.21428571428572,78.64285714285714,,,0.0014339384553614,5028000,990.709171496761,1.4206159790885329
2022-02-18,IE,Ireland,EUR,5264.0,1269315,7.0,6576,4922.285714285715,6.714285714285714,0.0013640585094032,Omicron,IRL,,4019138.464285714,1981647.0357142857,3919260.785714286,10414130.785714284,209.7142857142857,81.0,39.89285714285714,78.67857142857143,,,0.0013640585094032,5028000,978.9748835094898,1.3353790203432208
2022-02-19,IE,Ireland,EUR,5026.0,1274341,4.0,6580,4833.285714285715,6.0,0.0012413915408033,Omicron,IRL,,4019610.857142857,2065990.142857143,3922096.142857143,10420579.142857144,209.8571428571429,81.0,41.57142857142857,78.71428571428571,,,0.0012413915408033,5028000,961.2740084100467,1.1933174224343677
2022-02-20,IE,Ireland,EUR,4795.0,1279136,7.0,6587,4572.857142857143,6.428571428571429,0.0014058106841611,Omicron,IRL,,4020083.25,2150333.25,3924931.5,10427027.5,210.0,81.0,43.25,78.75,,,0.0014058106841611,5028000,909.4783498124787,1.2785543811796796
2022-02-21,IE,Ireland,EUR,4830.0,1283966,11.0,6598,4557.142857142857,7.0,0.0015360501567398,Omicron,IRL,,4020555.642857143,2234676.3571428573,3927766.857142857,10433475.857142856,210.1428571428572,81.0,44.92857142857143,78.78571428571429,,,0.0015360501567398,5028000,906.3529946584839,1.392203659506762
2022-02-22,IE,Ireland,EUR,3351.0,1287317,8.0,6606,4417.142857142857,7.0,0.0015847347994825,Omicron,IRL,,4021028.035714286,2319019.4642857146,3930602.214285714,10439924.214285716,210.28571428571428,81.0,46.60714285714286,78.82142857142857,,,0.0015847347994825,5028000,878.5089214683486,1.392203659506762
2022-02-23,IE,Ireland,EUR,3473.0,1290790,8.0,6614,4414.142857142857,7.571428571428571,0.0017152658662092,Omicron,IRL,,4021500.4285714286,2403362.571428572,3933437.5714285714,10446372.57142857,210.42857142857144,81.0,48.285714285714285,78.85714285714286,,,0.0017152658662092,5028000,877.9122627571315,1.5058529378338448
2022-02-24,IE,Ireland,EUR,3280.0,1294070,6.0,6620,4288.428571428572,7.285714285714286,0.0016989240147906,Omicron,IRL,,4021972.8214285714,2487705.6785714286,3936272.9285714286,10452820.92857143,210.57142857142856,81.0,49.96428571428572,78.89285714285714,,,0.0016989240147906,5028000,852.9094215251733,1.4490282986703036
2022-02-25,IE,Ireland,EUR,4121.0,1298191,10.0,6630,4125.142857142857,7.714285714285714,0.0018700651059703,Omicron,IRL,,4022445.214285714,2572048.785714286,3939108.285714286,10459269.285714284,210.7142857142857,81.0,51.642857142857146,78.92857142857143,,,0.0018700651059703,5028000,820.4341402432094,1.5342652574156155
2022-02-26,IE,Ireland,EUR,3729.0,1301920,7.0,6637,3939.857142857143,8.142857142857142,0.0020667899488741,Omicron,IRL,,4022917.607142857,2656391.8928571427,3941943.642857143,10465717.642857144,210.8571428571429,81.0,53.32142857142857,78.96428571428571,,,0.0020667899488741,5028000,783.583361745653,1.6195022161609274
2022-02-27,IE,Ireland,EUR,4304.0,1306224,10.0,6647,3869.714285714286,8.571428571428571,0.0022150029533372,Omicron,IRL,IRL,4023390.0,2740735.0,3944779.0,10472166.0,211.0,81.0,55.0,79.0,2020-12-30,2023-12-23,0.0022150029533372,5028000,769.6329128310035,1.7047391749062393
2022-02-28,IE,Ireland,EUR,3595.0,1309819,5.0,6652,3693.285714285714,7.714285714285714,0.0020887324488453,Omicron,IRL,,4023534.9285714286,2744094.5,3945981.1785714286,10478930.714285716,211.1428571428572,81.0,55.07142857142857,79.03571428571429,,,0.0020887324488453,5028000,734.5436981475167,1.5342652574156155
2022-03-01,IE,Ireland,EUR,2338.0,1312157,8.0,6660,3548.5714285714284,7.714285714285714,0.0021739130434782,Omicron,IRL,,4023679.857142857,2747454.0,3947183.357142857,10485695.42857143,211.28571428571428,81.0,55.142857142857146,79.07142857142857,,,0.0021739130434782,5028000,705.762018411183,1.5342652574156155
2022-03-02,IE,Ireland,EUR,2277.0,1314434,4.0,6664,3377.714285714286,7.142857142857143,0.0021147014041617,Omicron,IRL,,4023824.785714286,2750813.5,3948385.535714286,10492460.142857144,211.42857142857144,81.0,55.21428571428572,79.10714285714286,,,0.0021147014041617,5028000,671.7808841913854,1.4206159790885329
2022-03-03,IE,Ireland,EUR,3298.0,1317732,9.0,6673,3380.285714285714,7.571428571428571,0.0022398782858591,Omicron,IRL,,4023969.714285714,2754173.0,3949587.714285714,10499224.857142856,211.57142857142856,81.0,55.285714285714285,79.14285714285714,,,0.0022398782858591,5028000,672.2923059438573,1.5058529378338448
2022-03-04,IE,Ireland,EUR,3342.0,1321074,12.0,6685,3269.0,7.857142857142857,0.0024035310055499,Omicron,IRL,,4024114.642857143,2757532.5,3950789.892857143,10505989.57142857,211.7142857142857,81.0,55.35714285714285,79.17857142857143,,,0.0024035310055499,5028000,650.1591089896579,1.562677576997386
2022-03-05,IE,Ireland,EUR,4043.0,1325117,6.0,6691,3313.8571428571427,7.714285714285714,0.0023278872267965,Omicron,IRL,,4024259.5714285714,2760892.0,3951992.0714285714,10512754.285714284,211.8571428571429,81.0,55.42857142857143,79.21428571428571,,,0.0023278872267965,5028000,659.0805773383339,1.5342652574156155
2022-03-06,IE,Ireland,EUR,3995.0,1329112,9.0,6700,3269.714285714286,7.571428571428571,0.0023156239077245,Omicron,IRL,,4024404.5,2764251.5,3953194.25,10519519.0,212.0,81.0,55.5,79.25,,,0.0023156239077245,5028000,650.3011705875668,1.5058529378338448
2022-03-07,IE,Ireland,EUR,3854.0,1332966,10.0,6710,3306.714285714286,8.285714285714286,0.0025057242839244,Omicron,IRL,,4024549.4285714286,2767611.0,3954396.4285714286,10526283.714285716,212.1428571428572,81.0,55.57142857142857,79.28571428571429,,,0.0025057242839244,5028000,657.6599613592454,1.6479145357426983
2022-03-08,IE,Ireland,EUR,1254.0,1334220,11.0,6721,3151.8571428571427,8.714285714285714,0.002764809862666,Omicron,IRL,,4024694.357142857,2770970.5,3955598.607142857,10533048.42857143,212.28571428571428,81.0,55.642857142857146,79.32142857142857,,,0.002764809862666,5028000,626.8610069326058,1.7331514944880098
2022-03-09,IE,Ireland,EUR,2383.0,1336603,6.0,6727,3167.0,9.0,0.0028418061256709,Omicron,IRL,,4024839.285714286,2774330.0,3956800.785714286,10539813.142857144,212.42857142857144,81.0,55.71428571428572,79.35714285714286,,,0.0028418061256709,5028000,629.8727128082736,1.7899761336515512
2022-03-10,IE,Ireland,EUR,4355.0,1340958,7.0,6734,3318.0,8.714285714285714,0.0026263670024972,Omicron,IRL,,4024984.214285714,2777689.5,3958002.964285714,10546577.857142856,212.57142857142856,81.0,55.785714285714285,79.39285714285714,,,0.0026263670024972,5028000,659.9045346062052,1.7331514944880098
2022-03-11,IE,Ireland,EUR,1698.0,1342656,9.0,6743,3083.1428571428573,8.285714285714286,0.0026874247057733,Omicron,IRL,,4025129.142857143,2781049.0,3959205.142857143,10553342.57142857,212.7142857142857,81.0,55.85714285714285,79.42857142857143,,,0.0026874247057733,5028000,613.1946812137744,1.6479145357426983
2022-03-12,IE,Ireland,EUR,4057.0,1346713,9.0,6752,3085.1428571428573,8.714285714285714,0.0028245971476199,Omicron,IRL,,4025274.0714285714,2784408.5,3960407.3214285714,10560107.285714284,212.8571428571429,81.0,55.92857142857143,79.46428571428571,,,0.0028245971476199,5028000,613.5924536879191,1.7331514944880098
2022-03-13,IE,Ireland,EUR,9125.0,1355838,13.0,6765,3818.0,9.285714285714286,0.0024320886028586,Omicron,IRL,,4025419.0,2787768.0,3961609.5,10566872.0,213.0,81.0,56.0,79.5,,,0.0024320886028586,5028000,759.3476531424026,1.8468007728150928
2022-03-14,IE,Ireland,EUR,4332.0,1360170,15.0,6780,3886.285714285714,10.0,0.0025731510072048,Omicron,IRL,,4025563.9285714286,2791127.5,3962811.6785714286,10573636.714285716,213.1428571428572,81.0,56.07142857142857,79.53571428571429,,,0.0025731510072048,5028000,772.9287419024888,1.9888623707239457
2022-03-15,IE,Ireland,EUR,5475.0,1365645,12.0,6792,4489.285714285715,10.142857142857142,0.0022593476531424,Omicron,IRL,,4025708.857142857,2794487.0,3964013.857142857,10580401.42857143,213.28571428571428,81.0,56.142857142857146,79.57142857142857,,,0.0022593476531424,5028000,892.8571428571429,2.0172746903057166
2022-03-16,IE,Ireland,EUR,2100.0,1367745,8.0,6800,4448.857142857143,10.428571428571429,0.0023441012137948,Omicron,IRL,,4025853.785714286,2797846.5,3965216.035714286,10587166.142857144,213.42857142857144,81.0,56.21428571428572,79.60714285714286,,,0.0023441012137948,5028000,884.8164564155019,2.074099329469258
2022-03-17,IE,Ireland,EUR,6282.0,1374027,7.0,6807,4724.142857142857,10.428571428571429,0.0022075055187637,Omicron,IRL,,4025998.714285714,2801206.0,3966418.214285714,10593930.857142856,213.57142857142856,81.0,56.285714285714285,79.64285714285714,,,0.0022075055187637,5028000,939.5669962495738,2.074099329469258
2022-03-18,IE,Ireland,EUR,5452.0,1379479,11.0,6818,5260.428571428572,10.714285714285714,0.0020367704967004,Omicron,IRL,,4026143.642857143,2804565.5,3967620.392857143,10600695.57142857,213.7142857142857,81.0,56.35714285714285,79.67857142857143,,,0.0020367704967004,5028000,1046.226843959541,2.130923968632799
2022-03-19,IE,Ireland,EUR,5204.0,1384683,7.0,6825,5424.285714285715,10.428571428571429,0.0019225704503555,Omicron,IRL,,4026288.5714285714,2807925.0,3968822.5714285714,10607460.285714284,213.8571428571429,81.0,56.42857142857143,79.71428571428571,,,0.0019225704503555,5028000,1078.8157745198318,2.074099329469258
2022-03-20,IE,Ireland,EUR,5628.0,1390311,8.0,6833,4924.714285714285,9.714285714285714,0.0019725582339802,Omicron,IRL,,4026433.5,2811284.5,3970024.75,10614225.0,214.0,81.0,56.5,79.75,,,0.0019725582339802,5028000,979.4578929423798,1.9320377315604043
2022-03-21,IE,Ireland,EUR,4787.0,1395098,15.0,6848,4989.714285714285,9.714285714285714,0.0019468621163536,Omicron,IRL,,4026578.4285714286,2814644.0,3971226.9285714286,10620989.714285716,214.1428571428572,81.0,56.57142857142857,79.78571428571429,,,0.0019468621163536,5028000,992.3854983520854,1.9320377315604043
2022-03-22,IE,Ireland,EUR,5067.0,1400165,10.0,6858,4931.428571428572,9.428571428571429,0.0019119351100811,Omicron,IRL,,4026723.357142857,2818003.5,3972429.107142857,10627754.42857143,214.28571428571428,81.0,56.642857142857146,79.82142857142857,,,0.0019119351100811,5028000,980.7932719627231,1.8752130923968635
2022-03-23,IE,Ireland,EUR,4024.0,1404189,14.0,6872,5206.285714285715,10.285714285714286,0.0019756338491932,Omicron,IRL,,4026868.285714286,2821363.0,3973631.285714286,10634519.142857144,214.42857142857144,81.0,56.71428571428572,79.85714285714286,,,0.0019756338491932,5028000,1035.45857483805,2.0456870098874873
2022-03-24,IE,Ireland,EUR,7708.0,1411897,12.0,6884,5410.0,11.0,0.0020332717190388,Omicron,IRL,,4027013.214285714,2824722.5,3974833.464285714,10641283.857142856,214.57142857142856,81.0,56.785714285714285,79.89285714285714,,,0.0020332717190388,5028000,1075.9745425616547,2.187748607796341
2022-03-25,IE,Ireland,EUR,7044.0,1418941,16.0,6900,5637.428571428572,11.714285714285714,0.0020779484060615,Omicron,IRL,,4027158.142857143,2828082.0,3976035.642857143,10648048.57142857,214.7142857142857,81.0,56.85714285714285,79.92857142857143,,,0.0020779484060615,5028000,1121.2069553358338,2.3298102057051935
2022-03-26,IE,Ireland,EUR,8869.0,1427810,10.0,6910,6161.0,12.142857142857142,0.0019709230876249,Omicron,IRL,,4027303.0714285714,2831441.5,3977237.8214285714,10654813.285714284,214.8571428571429,81.0,56.92857142857143,79.96428571428571,,,0.0019709230876249,5028000,1225.338106603023,2.4150471644505056
2022-03-27,IE,Ireland,EUR,9147.0,1436957,7.0,6917,6663.714285714285,12.0,0.0018007974960339,Omicron,IRL,IRL,4027448.0,2834801.0,3978440.0,10661578.0,215.0,81.0,57.0,80.0,2020-12-30,2023-12-23,0.0018007974960339,5028000,1325.321059211274,2.3866348448687353
2022-03-28,IE,Ireland,EUR,7729.0,1444686,11.0,6928,7084.0,11.428571428571429,0.0016132935387593,Omicron,IRL,,4027664.25,2836460.6428571427,3978829.6785714286,10665777.714285716,215.07142857142856,81.0,57.035714285714285,80.0,,,0.0016132935387593,5028000,1408.9101034208434,2.2729855665416525
2022-03-29,IE,Ireland,EUR,6940.0,1451626,9.0,6937,7351.571428571428,11.285714285714286,0.0015351431180894,Omicron,IRL,,4027880.5,2838120.285714286,3979219.357142857,10669977.42857143,215.1428571428572,81.0,57.07142857142857,80.0,,,0.0015351431180894,5028000,1462.1263779974997,2.2445732469598823
2022-03-30,IE,Ireland,EUR,5263.0,1456889,14.0,6951,7528.571428571428,11.285714285714286,0.0014990512333965,Omicron,IRL,,4028096.75,2839779.9285714286,3979609.035714286,10674177.142857144,215.2142857142857,81.0,57.10714285714285,80.0,,,0.0014990512333965,5028000,1497.3292419593135,2.2445732469598823
2022-03-31,IE,Ireland,EUR,5935.0,1462824,18.0,6969,7275.285714285715,12.142857142857142,0.0016690557071887,Omicron,IRL,,4028313.0,2841439.571428572,3979998.714285714,10678376.857142856,215.28571428571428,81.0,57.142857142857146,80.0,,,0.0016690557071887,5028000,1446.9541993408343,2.4150471644505056
2022-04-01,IE,Ireland,EUR,5370.0,1468194,15.0,6984,7036.142857142857,12.0,0.0017054798692465,Omicron,IRL,,4028529.25,2843099.214285714,3980388.392857143,10682576.57142857,215.3571428571429,81.0,57.17857142857143,80.0,,,0.0017054798692465,5028000,1399.3919763609501,2.3866348448687353
2022-04-02,IE,Ireland,EUR,5243.0,1473437,9.0,6993,6518.142857142857,11.857142857142858,0.0018190983408946,Omicron,IRL,,4028745.5,2844758.8571428573,3980778.0714285714,10686776.285714284,215.42857142857144,81.0,57.21428571428572,80.0,,,0.0018190983408946,5028000,1296.3689055574496,2.3582225252869646
2022-04-03,IE,Ireland,EUR,5725.0,1479162,23.0,7016,6029.285714285715,14.142857142857142,0.0023456936381945,Omicron,IRL,,4028961.75,2846418.5,3981167.75,10690976.0,215.5,81.0,57.25,80.0,,,0.0023456936381945,5028000,1199.1419479486306,2.8128196385952946
2022-04-04,IE,Ireland,EUR,3747.0,1482909,10.0,7026,5460.428571428572,14.0,0.0025639013159615,Omicron,IRL,,4029178.0,2848078.1428571427,3981557.4285714286,10695175.714285716,215.57142857142856,81.0,57.285714285714285,80.0,,,0.0025639013159615,5028000,1086.00409137402,2.784407319013524
2022-04-05,IE,Ireland,EUR,2313.0,1485222,15.0,7041,4799.428571428572,14.857142857142858,0.0030956066198356,Omicron,IRL,,4029394.25,2849737.785714286,3981947.107142857,10699375.42857143,215.6428571428572,81.0,57.32142857142857,80.0,,,0.0030956066198356,5028000,954.5402886691669,2.9548812365041486
2022-04-06,IE,Ireland,EUR,3164.0,1488386,19.0,7060,4499.571428571428,15.571428571428571,0.0034606470457503,Omicron,IRL,,4029610.5,2851397.4285714286,3982336.785714286,10703575.142857144,215.7142857142857,81.0,57.35714285714285,80.0,,,0.0034606470457503,5028000,894.9028298670303,3.0969428344130017
2022-04-07,IE,Ireland,EUR,2738.0,1491124,16.0,7076,4042.857142857143,15.285714285714286,0.0037809187279151,Omicron,IRL,,4029826.75,2853057.071428572,3982726.464285714,10707774.857142856,215.78571428571428,81.0,57.392857142857146,80.0,,,0.0037809187279151,5028000,804.0686441641096,3.0401181952494603
2022-04-08,IE,Ireland,EUR,4059.0,1495183,9.0,7085,3855.571428571429,14.428571428571429,0.0037422653673718,Omicron,IRL,,4030043.0,2854716.714285714,3983116.142857143,10711974.57142857,215.8571428571429,81.0,57.42857142857143,80.0,,,0.0037422653673718,5028000,766.8200931924083,2.869644277758836
2022-04-09,IE,Ireland,EUR,3150.0,1498333,18.0,7103,3556.5714285714284,15.714285714285714,0.0044183804627249,Omicron,IRL,,4030259.25,2856376.3571428573,3983505.8214285714,10716174.285714284,215.92857142857144,81.0,57.46428571428572,80.0,,,0.0044183804627249,5028000,707.3531083077622,3.125355153994772
2022-04-10,IE,Ireland,EUR,2843.0,1501176,16.0,7119,3144.8571428571427,14.714285714285714,0.0046788407377123,Omicron,IRL,,4030475.5,2858036.0,3983895.5,10720374.0,216.0,81.0,57.5,80.0,,,0.0046788407377123,5028000,625.4688032730992,2.9264689169223774
2022-04-11,IE,Ireland,EUR,2745.0,1503921,14.0,7133,3001.714285714286,15.285714285714286,0.0050923281934132,Omicron,IRL,,4030691.75,2859695.6428571427,3984285.1785714286,10724573.714285716,216.07142857142856,81.0,57.535714285714285,80.0,,,0.0050923281934132,5028000,596.999659052165,3.0401181952494603
2022-04-12,IE,Ireland,EUR,1442.0,1505363,19.0,7152,2877.285714285714,15.857142857142858,0.0055111464177548,Omicron,IRL,,4030908.0,2861355.285714286,3984674.857142857,10728773.42857143,216.1428571428572,81.0,57.57142857142857,80.0,,,0.0055111464177548,5028000,572.2525286964427,3.153767473576543
2022-04-13,IE,Ireland,EUR,1715.0,1507078,13.0,7165,2670.285714285714,15.0,0.0056173764177188,Omicron,IRL,,4031124.25,2863014.9285714286,3985064.535714286,10732973.142857144,216.2142857142857,81.0,57.60714285714285,80.0,,,0.0056173764177188,5028000,531.083077622457,2.983293556085919
2022-04-14,IE,Ireland,EUR,1748.0,1508826,15.0,7180,2528.8571428571427,14.857142857142858,0.005875042368094,Omicron,IRL,,4031340.5,2864674.571428572,3985454.214285714,10737172.857142856,216.28571428571428,81.0,57.642857142857146,80.0,,,0.005875042368094,5028000,502.95488123650415,2.9548812365041486
2022-04-15,IE,Ireland,EUR,2096.0,1510922,16.0,7196,2248.428571428572,15.857142857142858,0.0070525446343477,Omicron,IRL,,4031556.75,2866334.214285714,3985843.892857143,10741372.57142857,216.3571428571429,81.0,57.67857142857143,80.0,,,0.0070525446343477,5028000,447.1814978974885,3.153767473576543
2022-04-16,IE,Ireland,EUR,1924.0,1512846,13.0,7209,2073.285714285714,15.142857142857142,0.0073037965961551,Omicron,IRL,,4031773.0,2867993.8571428573,3986233.5714285714,10745572.285714284,216.42857142857144,81.0,57.71428571428572,80.0,,,0.0073037965961551,5028000,412.34799409023753,3.0117058756676895
2022-04-17,IE,Ireland,EUR,1770.0,1514616,16.0,7225,1920.0,15.142857142857142,0.0078869047619047,Omicron,IRL,,4031989.25,2869653.5,3986623.25,10749772.0,216.5,81.0,57.75,80.0,,,0.0078869047619047,5028000,381.8615751789976,3.0117058756676895
2022-04-18,IE,Ireland,EUR,1666.0,1516282,14.0,7239,1765.857142857143,15.142857142857142,0.0085753579807458,Omicron,IRL,,4032205.5,2871313.1428571427,3987012.9285714286,10753971.714285716,216.57142857142856,81.0,57.785714285714285,80.0,,,0.0085753579807458,5028000,351.2046823502671,3.0117058756676895
2022-04-19,IE,Ireland,EUR,852.0,1517134,16.0,7255,1681.571428571429,14.714285714285714,0.0087503185795599,Omicron,IRL,,4032421.75,2872972.785714286,3987402.607142857,10758171.42857143,216.6428571428572,81.0,57.82142857142857,80.0,,,0.0087503185795599,5028000,334.44141379702245,2.9264689169223774
2022-04-20,IE,Ireland,EUR,1668.0,1518802,8.0,7263,1674.857142857143,14.0,0.008358921869669,Omicron,IRL,,4032638.0,2874632.4285714286,3987792.285714286,10762371.142857144,216.7142857142857,81.0,57.85714285714285,80.0,,,0.008358921869669,5028000,333.10603477667917,2.784407319013524
2022-04-21,IE,Ireland,EUR,778.0,1519580,11.0,7274,1536.2857142857142,13.428571428571429,0.0087409336061,Omicron,IRL,,4032854.25,2876292.071428572,3988181.964285714,10766570.857142856,216.78571428571428,81.0,57.892857142857146,80.0,,,0.0087409336061,5028000,305.5460847823616,2.6707580406864415
2022-04-22,IE,Ireland,EUR,1395.0,1520975,10.0,7284,1436.142857142857,12.571428571428571,0.0087536058887894,Omicron,IRL,,4033070.5,2877951.714285714,3988571.642857143,10770770.57142857,216.8571428571429,81.0,57.92857142857143,80.0,,,0.0087536058887894,5028000,285.6290487555404,2.5002841231958177
2022-04-23,IE,Ireland,EUR,1410.0,1522385,7.0,7291,1362.7142857142858,11.714285714285714,0.0085962889191739,Omicron,IRL,,4033286.75,2879611.3571428573,3988961.3214285714,10774970.285714284,216.92857142857144,81.0,57.96428571428572,80.0,,,0.0085962889191739,5028000,271.0251164905103,2.3298102057051935
2022-04-24,IE,Ireland,EUR,1163.0,1523548,15.0,7306,1276.0,11.571428571428571,0.0090685176892073,Omicron,IRL,IRL,4033503.0,2881271.0,3989351.0,10779170.0,217.0,81.0,58.0,80.0,2020-12-30,2023-12-23,0.0090685176892073,5028000,253.7788385043755,2.301397886123423
2022-04-25,IE,Ireland,EUR,1513.0,1525061,5.0,7311,1254.142857142857,10.285714285714286,0.0082013896799179,Omicron,IRL,,4033643.657142857,2882741.8571428573,3989595.0285714287,10789113.457142858,217.2,81.0,58.02857142857143,80.02857142857142,,,0.0082013896799179,5028000,249.43175360836455,2.0456870098874873
2022-04-26,IE,Ireland,EUR,705.0,1525766,17.0,7328,1233.142857142857,10.428571428571429,0.0084569045412418,Omicron,IRL,,4033784.314285714,2884212.714285714,3989839.057142857,10799056.914285714,217.4,81.0,58.05714285714286,80.05714285714286,,,0.0084569045412418,5028000,245.2551426298443,2.074099329469258
2022-04-27,IE,Ireland,EUR,1058.0,1526824,6.0,7334,1146.0,10.142857142857142,0.0088506606831214,Omicron,IRL,,4033924.9714285713,2885683.571428572,3990083.0857142857,10809000.371428572,217.6,81.0,58.08571428571429,80.08571428571429,,,0.0088506606831214,5028000,227.9236276849642,2.0172746903057166
2022-04-28,IE,Ireland,EUR,1223.0,1528047,12.0,7346,1209.571428571429,10.285714285714286,0.008503602220385,Omicron,IRL,,4034065.628571429,2887154.4285714286,3990327.1142857145,10818943.82857143,217.8,81.0,58.114285714285714,80.11428571428571,,,0.008503602220385,5028000,240.5671098988522,2.0456870098874873
2022-04-29,IE,Ireland,EUR,970.0,1529017,5.0,7351,1148.857142857143,9.571428571428571,0.008331260880378,Omicron,IRL,,4034206.285714286,2888625.285714286,3990571.142857143,10828887.285714284,218.0,81.0,58.142857142857146,80.14285714285714,,,0.008331260880378,5028000,228.4918740765996,1.903625411978634
2022-04-30,IE,Ireland,EUR,1148.0,1530165,7.0,7358,1111.428571428571,9.571428571428571,0.008611825192802,Omicron,IRL,,4034346.942857143,2890096.1428571427,3990815.171428572,10838830.742857143,218.2,81.0,58.17142857142857,80.17142857142858,,,0.008611825192802,5028000,221.04784634617565,1.903625411978634
2022-05-01,IE,Ireland,EUR,959.0,1531124,5.0,7363,1082.2857142857142,8.142857142857142,0.0075237592397043,Omicron,IRL,,4034487.6,2891567.0,3991059.2,10848774.2,218.4,81.0,58.2,80.2,,,0.0075237592397043,5028000,215.25173315149448,1.6195022161609274
2022-05-02,IE,Ireland,EUR,721.0,1531845,7.0,7370,969.1428571428572,8.428571428571429,0.0086969339622641,Omicron,IRL,,4034628.257142857,2893037.8571428573,3991303.228571429,10858717.657142855,218.6,81.0,58.22857142857143,80.22857142857143,,,0.0086969339622641,5028000,192.74917604273216,1.6763268553244688
2022-05-03,IE,Ireland,EUR,188.0,1532033,11.0,7381,895.2857142857143,7.571428571428571,0.0084569969682463,Omicron,IRL,,4034768.914285714,2894508.714285714,3991547.257142857,10868661.114285717,218.8,81.0,58.25714285714286,80.25714285714285,,,0.0084569969682463,5028000,178.0600068189567,1.5058529378338448
2022-05-04,IE,Ireland,EUR,784.0,1532817,7.0,7388,856.1428571428571,7.714285714285714,0.0090105122643083,Omicron,IRL,,4034909.5714285714,2895979.571428572,3991791.285714286,10878604.57142857,219.0,81.0,58.285714285714285,80.28571428571429,,,0.0090105122643083,5028000,170.27503125355153,1.5342652574156155
2022-05-05,IE,Ireland,EUR,491.0,1533308,6.0,7394,751.5714285714286,6.857142857142857,0.0091237407337008,Omicron,IRL,,4035050.228571429,2897450.4285714286,3992035.314285714,10888548.028571429,219.2,81.0,58.31428571428572,80.31428571428572,,,0.0091237407337008,5028000,149.47721331969544,1.3637913399249912
2022-05-06,IE,Ireland,EUR,1031.0,1534339,12.0,7406,760.2857142857143,7.857142857142857,0.0103344607290492,Omicron,IRL,,4035190.8857142855,2898921.285714286,3992279.342857143,10898491.485714288,219.4,81.0,58.34285714285714,80.34285714285714,,,0.0103344607290492,5028000,151.21036481418344,1.562677576997386
2022-05-07,IE,Ireland,EUR,1147.0,1535486,9.0,7415,760.1428571428571,8.142857142857142,0.010712272129299,Omicron,IRL,,4035331.542857143,2900392.1428571427,3992523.371428572,10908434.942857144,219.6,81.0,58.371428571428574,80.37142857142857,,,0.010712272129299,5028000,151.18195249460166,1.6195022161609274
2022-05-08,IE,Ireland,EUR,889.0,1536375,4.0,7419,750.1428571428571,8.0,0.0106646353075604,Omicron,IRL,,4035472.2,2901863.0,3992767.4,10918378.4,219.8,81.0,58.4,80.4,,,0.0106646353075604,5028000,149.1930901238777,1.5910898965791567
2022-05-09,IE,Ireland,EUR,1205.0,1537580,3.0,7422,819.2857142857143,7.428571428571429,0.0090671316477768,Omicron,IRL,,4035612.857142857,2903333.8571428573,3993011.4285714286,10928321.857142856,220.0,81.0,58.42857142857143,80.42857142857143,,,0.0090671316477768,5028000,162.94465280145474,1.4774406182520743
2022-05-10,IE,Ireland,EUR,524.0,1538104,5.0,7427,867.2857142857143,6.571428571428571,0.0075770054356778,Omicron,IRL,,4035753.5142857134,2904804.714285714,3993255.4571428574,10938265.314285714,220.2,81.0,58.457142857142856,80.45714285714286,,,0.0075770054356778,5028000,172.49119218092966,1.30696670076145
2022-05-11,IE,Ireland,EUR,463.0,1538567,5.0,7432,821.4285714285714,6.285714285714286,0.0076521739130434,Omicron,IRL,,4035894.171428572,2906275.571428572,3993499.4857142856,10948208.771428572,220.4,81.0,58.48571428571429,80.48571428571428,,,0.0076521739130434,5028000,163.37083759518129,1.2501420615979089
2022-05-12,IE,Ireland,EUR,2773.0,1541340,4.0,7436,1147.428571428571,6.0,0.0052290836653386,Omicron,IRL,,4036034.828571429,2907746.4285714286,3993743.5142857134,10958152.228571428,220.6,81.0,58.51428571428571,80.51428571428572,,,0.0052290836653386,5028000,228.20775088078184,1.1933174224343677
2022-05-13,IE,Ireland,EUR,2299.0,1543639,6.0,7442,1328.571428571429,5.142857142857143,0.0038709677419354,Omicron,IRL,,4036175.4857142856,2909217.285714286,3993987.542857143,10968095.685714286,220.8,81.0,58.54285714285714,80.54285714285714,,,0.0038709677419354,5028000,264.2345721104671,1.0228435049437437
2022-05-14,IE,Ireland,EUR,3144.0,1546783,2.0,7444,1613.857142857143,4.142857142857143,0.0025670531999645,Omicron,IRL,,4036316.142857143,2910688.1428571427,3994231.5714285714,10978039.142857144,221.0,81.0,58.57142857142857,80.57142857142857,,,0.0025670531999645,5028000,320.97397431526315,0.8239572678713492
2022-05-15,IE,Ireland,EUR,2680.0,1549463,3.0,7447,1869.7142857142856,4.0,0.0021393643031784,Omicron,IRL,,4036456.8,2912159.0,3994475.6,10987982.6,221.2,81.0,58.6,80.6,,,0.0021393643031784,5028000,371.8604386862143,0.7955449482895783
2022-05-16,IE,Ireland,EUR,892.0,1550355,7.0,7454,1825.0,4.571428571428571,0.002504892367906,Omicron,IRL,,4036597.4571428574,2913629.8571428573,3994719.628571429,10997926.057142856,221.4,81.0,58.62857142857143,80.62857142857143,,,0.002504892367906,5028000,362.96738265712014,0.9091942266166609
2022-05-17,IE,Ireland,EUR,188.0,1550543,5.0,7459,1777.0,4.571428571428571,0.0025725540638314,Omicron,IRL,,4036738.1142857145,2915100.714285714,3994963.657142857,11007869.514285712,221.6,81.0,58.65714285714286,80.65714285714286,,,0.0025725540638314,5028000,353.4208432776452,0.9091942266166609
2022-05-18,IE,Ireland,EUR,663.0,1551206,4.0,7463,1805.571428571429,4.428571428571429,0.0024527256903236,Omicron,IRL,,4036878.771428572,2916571.571428572,3995207.685714286,11017812.971428571,221.8,81.0,58.68571428571428,80.68571428571428,,,0.0024527256903236,5028000,359.1033071939994,0.8807819070348903
2022-05-19,IE,Ireland,EUR,404.0,1551610,5.0,7468,1467.142857142857,4.571428571428571,0.0031158714703018,Omicron,IRL,,4037019.4285714286,2918042.4285714286,3995451.714285714,11027756.42857143,222.0,81.0,58.71428571428572,80.71428571428571,,,0.0031158714703018,5028000,291.7945221047847,0.9091942266166609
2022-05-20,IE,Ireland,EUR,792.0,1552402,3.0,7471,1251.857142857143,4.142857142857143,0.0033093689375784,Omicron,IRL,,4037160.0857142857,2919513.285714286,3995695.742857143,11037699.885714283,222.2,81.0,58.74285714285714,80.74285714285715,,,0.0033093689375784,5028000,248.97715649505628,0.8239572678713492
2022-05-21,IE,Ireland,EUR,4836.0,1557238,,7471,1493.571428571429,4.5,0.0030129124820659,Omicron,IRL,,4037300.742857143,2920984.1428571427,3995939.771428572,11047643.342857145,222.4,81.0,58.77142857142857,80.77142857142857,,,0.0030129124820659,5028000,297.05080122741225,0.8949880668257756
2022-05-22,IE,Ireland,EUR,263.0,1557501,4.0,7475,1148.2857142857142,4.666666666666667,0.0040640291946587,Omicron,IRL,,4037441.4,2922455.0,3996183.8,11057586.8,222.6,81.0,58.8,80.8,,,0.0040640291946587,5028000,228.37822479827253,0.9281357730045081
2022-05-23,IE,Ireland,EUR,644.0,1558145,2.0,7477,1112.857142857143,3.8333333333333335,0.0034445870774497,Omicron,IRL,,4037582.057142857,2923925.8571428573,3996427.828571429,11067530.257142857,222.8,81.0,58.82857142857143,80.82857142857142,,,0.0034445870774497,5028000,221.3319695419934,0.7623972421108459
2022-05-24,IE,Ireland,EUR,466.0,1558611,3.0,7480,1152.571428571429,3.5,0.0030366881507188,Omicron,IRL,,4037722.714285714,2925396.714285714,3996671.857142857,11077473.714285716,223.0,81.0,58.85714285714285,80.85714285714286,,,0.0030366881507188,5028000,229.2305943857257,0.696101829753381
2022-05-25,IE,Ireland,EUR,622.0,1559233,3.0,7483,1146.7142857142858,3.333333333333333,0.0029068560275736,Omicron,IRL,,4037863.371428572,2926867.571428572,3996915.8857142855,11087417.171428572,223.2,81.0,58.885714285714286,80.88571428571429,,,0.0029068560275736,5028000,228.06568928287305,0.6629541235746486
2022-05-26,IE,Ireland,EUR,455.0,1559688,4.0,7487,1154.0,3.1666666666666665,0.0027440785673021,Omicron,IRL,,4038004.0285714287,2928338.4285714286,3997159.914285714,11097360.628571428,223.4,81.0,58.91428571428571,80.91428571428571,,,0.0027440785673021,5028000,229.51471758154335,0.6298064173959161
2022-05-27,IE,Ireland,EUR,720.0,1560408,2.0,7489,1143.7142857142858,3.0,0.0026230327254559,Omicron,IRL,,4038144.685714286,2929809.285714286,3997403.942857143,11107304.085714286,223.6,81.0,58.94285714285714,80.94285714285714,,,0.0026230327254559,5028000,227.46903057165588,0.5966587112171838
2022-05-28,IE,Ireland,EUR,727.0,1561135,9.0,7498,556.7142857142857,3.857142857142857,0.0069284064665127,Omicron,IRL,,4038285.342857143,2931280.1428571427,3997647.9714285713,11117247.542857142,223.8,81.0,58.97142857142857,80.97142857142858,,,0.0069284064665127,5028000,110.72280941016024,0.7671326287078077
2022-05-29,IE,Ireland,EUR,504.0,1561639,,7498,591.1428571428571,3.8333333333333335,0.0064846141453198,Omicron,IRL,IRL,4038426.0,2932751.0,3997892.0,11127191.0,224.0,81.0,59.0,81.0,2020-12-30,2023-12-23,0.0064846141453198,5028000,117.57017842936698,0.7623972421108459
2022-05-30,IE,Ireland,EUR,902.0,1562541,3.0,7501,628.0,4.0,0.0063694267515923,Omicron,IRL,,4038538.0714285714,2933870.785714286,3998087.357142857,11132713.714285716,224.1071428571429,81.0,59.035714285714285,81.0,,,0.0063694267515923,5028000,124.9005568814638,0.7955449482895783
2022-05-31,IE,Ireland,EUR,349.0,1562890,1.0,7502,611.2857142857143,3.6666666666666665,0.0059982862039417,Omicron,IRL,,4038650.142857143,2934990.571428572,3998282.714285714,11138236.42857143,224.2142857142857,81.0,59.07142857142857,81.0,,,0.0059982862039417,5028000,121.57631549039664,0.7292495359321134
2022-06-01,IE,Ireland,EUR,388.0,1563278,3.0,7505,577.8571428571429,3.6666666666666665,0.0063452822414503,Omicron,IRL,,4038762.214285714,2936110.3571428573,3998478.0714285714,11143759.142857144,224.32142857142856,81.0,59.10714285714285,81.0,,,0.0063452822414503,5028000,114.92783270826232,0.7292495359321134
2022-06-02,IE,Ireland,EUR,853.0,1564131,2.0,7507,634.7142857142857,3.333333333333333,0.0052517068047115,Omicron,IRL,,4038874.285714286,2937230.1428571427,3998673.4285714286,11149281.857142856,224.42857142857144,81.0,59.142857142857146,81.0,,,0.0052517068047115,5028000,126.23593590180703,0.6629541235746486
2022-06-03,IE,Ireland,EUR,615.0,1564746,4.0,7511,619.7142857142857,3.6666666666666665,0.0059167050868295,Omicron,IRL,,4038986.357142857,2938349.9285714286,3998868.785714286,11154804.57142857,224.53571428571428,81.0,59.17857142857143,81.0,,,0.0059167050868295,5028000,123.2526423457211,0.7292495359321134
2022-06-04,IE,Ireland,EUR,306.0,1565052,6.0,7517,559.5714285714286,3.1666666666666665,0.0056590928431622,Omicron,IRL,,4039098.4285714286,2939469.714285714,3999064.142857143,11160327.285714284,224.6428571428572,81.0,59.21428571428572,81.0,,,0.0056590928431622,5028000,111.29105580179565,0.6298064173959161
2022-06-05,IE,Ireland,EUR,1054.0,1566106,,7517,638.1428571428571,3.1666666666666665,0.0049623162450563,Omicron,IRL,,4039210.5,2940589.5,3999259.5,11165850.0,224.75,81.0,59.25,81.0,,,0.0049623162450563,5028000,126.91783157176953,0.6298064173959161
2022-06-06,IE,Ireland,EUR,790.0,1566896,1.0,7518,622.1428571428571,2.833333333333333,0.0045541523153463,Omicron,IRL,,4039322.5714285714,2941709.285714286,3999454.857142857,11171372.714285716,224.8571428571429,81.0,59.285714285714285,81.0,,,0.0045541523153463,5028000,123.7356517786112,0.5635110050384513
2022-06-07,IE,Ireland,EUR,135.0,1567031,2.0,7520,591.5714285714286,3.0,0.0050712388312001,Omicron,IRL,,4039434.642857143,2942829.071428572,3999650.214285714,11176895.42857143,224.9642857142857,81.0,59.32142857142857,81.0,,,0.0050712388312001,5028000,117.65541538811227,0.5966587112171838
2022-06-08,IE,Ireland,EUR,884.0,1567915,3.0,7523,662.4285714285714,3.0,0.0045287901660556,Omicron,IRL,,4039546.714285714,2943948.8571428573,3999845.5714285714,11182418.142857144,225.07142857142856,81.0,59.35714285714285,81.0,,,0.0045287901660556,5028000,131.74792590067054,0.5966587112171838
2022-06-09,IE,Ireland,EUR,475.0,1568390,1.0,7524,608.4285714285714,2.833333333333333,0.004656805196838,Omicron,IRL,,4039658.785714286,2945068.6428571427,4000040.9285714286,11187940.857142856,225.17857142857144,81.0,59.392857142857146,81.0,,,0.004656805196838,5028000,121.00806909876123,0.5635110050384513
2022-06-10,IE,Ireland,EUR,905.0,1569295,2.0,7526,649.8571428571429,2.5,0.0038469993405143,Omicron,IRL,,4039770.857142857,2946188.4285714286,4000236.285714286,11193463.57142857,225.28571428571428,81.0,59.42857142857143,81.0,,,0.0038469993405143,5028000,129.24764177747474,0.4972155926809864
2022-06-11,IE,Ireland,EUR,758.0,1570053,3.0,7529,714.4285714285714,2.0,0.0027994401119776,Omicron,IRL,,4039882.9285714286,2947308.214285714,4000431.642857143,11198986.285714284,225.3928571428572,81.0,59.46428571428572,81.0,,,0.0027994401119776,5028000,142.09001022843506,0.39777247414478917
2022-06-12,IE,Ireland,EUR,2106.0,1572159,4.0,7533,864.7142857142857,2.2857142857142856,0.0026433173632909,Omicron,IRL,,4039995.0,2948428.0,4000627.0,11204509.0,225.5,81.0,59.5,81.0,,,0.0026433173632909,5028000,171.97977042845775,0.45459711330833047
2022-06-13,IE,Ireland,EUR,1497.0,1573656,3.0,7536,965.7142857142856,2.571428571428572,0.0026627218934911,Omicron,IRL,,4040107.0714285714,2949547.785714286,4000822.357142857,11210031.714285716,225.6071428571429,81.0,59.535714285714285,81.0,,,0.0026627218934911,5028000,192.0672803727696,0.5114217524718719
2022-06-14,IE,Ireland,EUR,214.0,1573870,4.0,7540,977.0,2.857142857142857,0.0029244041526538,Omicron,IRL,,4040219.142857143,2950667.571428572,4001017.714285714,11215554.42857143,225.7142857142857,81.0,59.57142857142857,81.0,,,0.0029244041526538,5028000,194.31185361972953,0.5682463916354131
2022-06-15,IE,Ireland,EUR,888.0,1574758,5.0,7545,977.5714285714286,3.142857142857143,0.0032149641969896,Omicron,IRL,,4040331.214285714,2951787.3571428573,4001213.0714285714,11221077.142857144,225.82142857142856,81.0,59.60714285714285,81.0,,,0.0032149641969896,5028000,194.42550289805658,0.6250710307989544
2022-06-16,IE,Ireland,EUR,546.0,1575304,1.0,7546,987.7142857142856,3.142857142857143,0.0031819496673416,Omicron,IRL,,4040443.285714286,2952907.1428571427,4001408.4285714286,11226599.857142856,225.92857142857144,81.0,59.642857142857146,81.0,,,0.0031819496673416,5028000,196.44277758836228,0.6250710307989544
2022-06-17,IE,Ireland,EUR,2742.0,1578046,1.0,7547,1250.142857142857,3.0,0.002399725745629,Omicron,IRL,,4040555.357142857,2954026.9285714286,4001603.785714286,11232122.57142857,226.03571428571428,81.0,59.67857142857143,81.0,,,0.002399725745629,5028000,248.636208660075,0.5966587112171838
2022-06-18,IE,Ireland,EUR,1279.0,1579325,4.0,7551,1324.571428571429,3.142857142857143,0.0023727351164797,Omicron,IRL,,4040667.4285714286,2955146.714285714,4001799.142857143,11237645.285714284,226.1428571428572,81.0,59.71428571428572,81.0,,,0.0023727351164797,5028000,263.4390271621776,0.6250710307989544
2022-06-19,IE,Ireland,EUR,1054.0,1580379,6.0,7557,1174.2857142857142,3.4285714285714284,0.002919708029197,Omicron,IRL,,4040779.5,2956266.5,4001994.5,11243168.0,226.25,81.0,59.75,81.0,,,0.002919708029197,5028000,233.54926696215477,0.6818956699624956
2022-06-20,IE,Ireland,EUR,1471.0,1581850,6.0,7563,1170.571428571429,3.857142857142857,0.0032950939711984,Omicron,IRL,,4040891.5714285714,2957386.285714286,4002189.857142857,11248690.714285716,226.3571428571429,81.0,59.785714285714285,81.0,,,0.0032950939711984,5028000,232.8105466530288,0.7671326287078077
2022-06-21,IE,Ireland,EUR,1547.0,1583397,1.0,7564,1361.0,3.4285714285714284,0.0025191560827122,Omicron,IRL,,4041003.642857143,2958506.071428572,4002385.214285714,11254213.42857143,226.4642857142857,81.0,59.82142857142857,81.0,,,0.0025191560827122,5028000,270.68416865552905,0.6818956699624956
2022-06-22,IE,Ireland,EUR,982.0,1584379,4.0,7568,1374.428571428571,3.2857142857142856,0.0023906038873297,Omicron,IRL,,4041115.714285714,2959625.8571428573,4002580.5714285714,11259736.142857144,226.57142857142856,81.0,59.85714285714285,81.0,,,0.0023906038873297,5028000,273.35492669621544,0.653483350380725
2022-06-23,IE,Ireland,EUR,1545.0,1585924,7.0,7575,1517.142857142857,4.142857142857143,0.0027306967984934,Omicron,IRL,,4041227.785714286,2960745.6428571427,4002775.9285714286,11265258.857142856,226.67857142857144,81.0,59.892857142857146,81.0,,,0.0027306967984934,5028000,301.73883395840437,0.8239572678713492
2022-06-24,IE,Ireland,EUR,1223.0,1587147,1.0,7576,1300.142857142857,4.142857142857143,0.003186463026041,Omicron,IRL,,4041339.857142857,2961865.4285714286,4002971.285714286,11270781.57142857,226.78571428571428,81.0,59.92857142857143,81.0,,,0.003186463026041,5028000,258.5805205136947,0.8239572678713492
2022-06-25,IE,Ireland,EUR,2307.0,1589454,7.0,7583,1447.0,4.571428571428571,0.0031592457300819,Omicron,IRL,,4041451.9285714286,2962985.214285714,4003166.642857143,11276304.285714284,226.8928571428572,81.0,59.96428571428572,81.0,,,0.0031592457300819,5028000,287.788385043755,0.9091942266166609
2022-06-26,IE,Ireland,EUR,2533.0,1591987,3.0,7586,1658.2857142857142,4.142857142857143,0.0024982770503101,Omicron,IRL,IRL,4041564.0,2964105.0,4003362.0,11281827.0,227.0,81.0,60.0,81.0,2020-12-30,2023-12-23,0.0024982770503101,5028000,329.81020570519377,0.8239572678713492
2022-06-27,IE,Ireland,EUR,1675.0,1593662,11.0,7597,1687.428571428571,4.857142857142857,0.0028784287165594,Omicron,IRL,,4041594.314285714,2964700.2285714285,4003449.4857142856,11284958.6,227.05714285714285,81.0,60.0,81.0,,,0.0028784287165594,5028000,335.60631889987496,0.9660188657802021
2022-06-28,IE,Ireland,EUR,1830.0,1595492,8.0,7605,1727.857142857143,5.857142857142857,0.0033898305084745,Omicron,IRL,,4041624.628571429,2965295.4571428574,4003536.9714285713,11288090.2,227.11428571428573,81.0,60.0,81.0,,,0.0033898305084745,5028000,343.6470053415161,1.1649051028525967
2022-06-29,IE,Ireland,EUR,1310.0,1596802,6.0,7611,1774.7142857142858,6.142857142857143,0.0034613217419302,Omicron,IRL,,4041654.942857143,2965890.685714286,4003624.4571428574,11291221.8,227.17142857142852,81.0,60.0,81.0,,,0.0034613217419302,5028000,352.9662461643369,1.2217297420161384
2022-06-30,IE,Ireland,EUR,1579.0,1598381,7.0,7618,1779.571428571429,6.142857142857143,0.0034518744481014,Omicron,IRL,,4041685.257142857,2966485.9142857143,4003711.942857143,11294353.4,227.22857142857143,81.0,60.0,81.0,,,0.0034518744481014,5028000,353.9322650301171,1.2217297420161384
2022-07-01,IE,Ireland,EUR,1995.0,1600376,2.0,7620,1889.857142857143,6.285714285714286,0.0033260261546602,Post-Omicron,IRL,,4041715.5714285714,2967081.1428571427,4003799.4285714286,11297485.0,227.28571428571428,81.0,60.0,81.0,,,0.0033260261546602,5028000,375.86657574724404,1.2501420615979089
2022-07-02,IE,Ireland,EUR,2225.0,1602601,4.0,7624,1878.142857142857,5.857142857142857,0.00311858218605,Post-Omicron,IRL,,4041745.8857142855,2967676.371428572,4003886.914285714,11300616.6,227.3428571428572,81.0,60.0,81.0,,,0.00311858218605,5028000,373.5367655415388,1.1649051028525967
2022-07-03,IE,Ireland,EUR,2238.0,1604839,6.0,7630,1836.0,6.285714285714286,0.0034235916588857,Post-Omicron,IRL,,4041776.2,2968271.6,4003974.4,11303748.2,227.4,81.0,60.0,81.0,,,0.0034235916588857,5028000,365.15513126491646,1.2501420615979089
2022-07-04,IE,Ireland,EUR,1974.0,1606813,2.0,7632,1878.7142857142856,5.0,0.002661394570755,Post-Omicron,IRL,,4041806.5142857134,2968866.8285714285,4004061.8857142855,11306879.8,227.45714285714288,81.0,60.0,81.0,,,0.002661394570755,5028000,373.65041481986583,0.9944311853619728
2022-07-05,IE,Ireland,EUR,1115.0,1607928,6.0,7638,1776.571428571429,4.714285714285714,0.0026535863621743,Post-Omicron,IRL,,4041836.828571429,2969462.057142857,4004149.371428572,11310011.4,227.5142857142857,81.0,60.0,81.0,,,0.0026535863621743,5028000,353.3356063189,0.9376065461984318
2022-07-06,IE,Ireland,EUR,2915.0,1610843,10.0,7648,2005.857142857143,5.285714285714286,0.0026351399472972,Post-Omicron,IRL,,4041867.142857143,2970057.285714286,4004236.857142857,11313143.0,227.57142857142856,81.0,60.0,81.0,,,0.0026351399472972,5028000,398.9373792476418,1.0512558245255144
2022-07-07,IE,Ireland,EUR,1755.0,1612598,4.0,7652,2031.0,4.857142857142857,0.0023915031300555,Post-Omicron,IRL,,4041897.4571428574,2970652.5142857144,4004324.342857143,11316274.6,227.62857142857143,81.0,60.0,81.0,,,0.0023915031300555,5028000,403.93794749403344,0.9660188657802021
2022-07-08,IE,Ireland,EUR,1795.0,1614393,1.0,7653,2002.4285714285716,4.714285714285714,0.0023542840836127,Post-Omicron,IRL,,4041927.771428572,2971247.742857143,4004411.828571429,11319406.2,227.68571428571428,81.0,60.0,81.0,,,0.0023542840836127,5028000,398.2554835776793,0.9376065461984318
2022-07-09,IE,Ireland,EUR,2753.0,1617146,5.0,7658,2077.8571428571427,4.857142857142857,0.0023375730491577,Post-Omicron,IRL,,4041958.0857142857,2971842.971428572,4004499.314285714,11322537.8,227.7428571428572,81.0,60.0,81.0,,,0.0023375730491577,5028000,413.2571883168541,0.9660188657802021
2022-07-10,IE,Ireland,EUR,1783.0,1618929,3.0,7661,2012.857142857143,4.428571428571429,0.0022001419446415,Post-Omicron,IRL,,4041988.4,2972438.2,4004586.8,11325669.4,227.8,81.0,60.0,81.0,,,0.0022001419446415,5028000,400.32958290714856,0.8807819070348903
2022-07-11,IE,Ireland,EUR,3828.0,1622757,8.0,7669,2277.714285714286,5.285714285714286,0.0023206221776216,Post-Omicron,IRL,,4042018.714285714,2973033.4285714286,4004674.285714286,11328801.0,227.8571428571429,81.0,60.0,81.0,,,0.0023206221776216,5028000,453.00602341175136,1.0512558245255144
2022-07-12,IE,Ireland,EUR,1892.0,1624649,5.0,7674,2388.714285714286,5.142857142857143,0.0021529812810238,Post-Omicron,IRL,,4042049.0285714287,2973628.657142857,4004761.771428572,11331932.6,227.9142857142857,81.0,60.0,81.0,,,0.0021529812810238,5028000,475.0823957267872,1.0228435049437437
2022-07-13,IE,Ireland,EUR,314.0,1624963,8.0,7682,2017.142857142857,4.857142857142857,0.0024079320113314,Post-Omicron,IRL,,4042079.342857143,2974223.885714285,4004849.257142857,11335064.2,227.97142857142856,81.0,60.0,81.0,,,0.0024079320113314,5028000,401.18195249460166,0.9660188657802021
2022-07-14,IE,Ireland,EUR,2337.0,1627300,2.0,7684,2100.285714285714,4.571428571428571,0.0021765746156985,Post-Omicron,IRL,,4042109.657142857,2974819.1142857145,4004936.742857143,11338195.8,228.02857142857144,81.0,60.0,81.0,,,0.0021765746156985,5028000,417.71792249119216,0.9091942266166609
2022-07-15,IE,Ireland,EUR,1207.0,1628507,5.0,7689,2016.2857142857144,5.142857142857143,0.002550658920221,Post-Omicron,IRL,,4042139.9714285713,2975414.342857143,4005024.228571429,11341327.4,228.0857142857143,81.0,60.0,81.0,,,0.002550658920221,5028000,401.01147857711106,1.0228435049437437
2022-07-16,IE,Ireland,EUR,2850.0,1631357,9.0,7698,2030.142857142857,5.714285714285714,0.0028147209907817,Post-Omicron,IRL,,4042170.285714286,2976009.571428572,4005111.714285714,11344459.0,228.1428571428572,81.0,60.0,81.0,,,0.0028147209907817,5028000,403.7674735765428,1.1364927832708263
2022-07-17,IE,Ireland,EUR,1863.0,1633220,13.0,7711,2041.571428571429,7.142857142857143,0.0034987054789727,Post-Omicron,IRL,,4042200.6,2976604.8,4005199.2,11347590.6,228.2,81.0,60.0,81.0,,,0.0034987054789727,5028000,406.0404591430845,1.4206159790885329
2022-07-18,IE,Ireland,EUR,2040.0,1635260,12.0,7723,1786.142857142857,7.714285714285714,0.0043189634487722,Post-Omicron,IRL,,4042230.914285714,2977200.0285714287,4005286.685714286,11350722.2,228.25714285714287,81.0,60.0,81.0,,,0.0043189634487722,5028000,355.2392317308785,1.5342652574156155
2022-07-19,IE,Ireland,EUR,998.0,1636258,8.0,7731,1658.428571428571,8.142857142857142,0.0049099836333878,Post-Omicron,IRL,,4042261.228571429,2977795.257142857,4005374.171428572,11353853.8,228.3142857142857,81.0,60.0,81.0,,,0.0049099836333878,5028000,329.8386180247755,1.6195022161609274
2022-07-20,IE,Ireland,EUR,572.0,1636830,10.0,7741,1695.2857142857142,8.428571428571429,0.004971770455886,Post-Omicron,IRL,,4042291.542857143,2978390.4857142856,4005461.657142857,11356985.4,228.37142857142857,81.0,60.0,81.0,,,0.004971770455886,5028000,337.1689964768724,1.6763268553244688
2022-07-21,IE,Ireland,EUR,1111.0,1637941,9.0,7750,1520.142857142857,9.428571428571429,0.0062024245841556,Post-Omicron,IRL,,4042321.857142857,2978985.714285714,4005549.142857143,11360117.0,228.42857142857144,81.0,60.0,81.0,,,0.0062024245841556,5028000,302.33549266962154,1.8752130923968635
2022-07-22,IE,Ireland,EUR,1280.0,1639221,9.0,7759,1530.571428571429,10.0,0.0065335075602016,Post-Omicron,IRL,,4042352.171428572,2979580.942857143,4005636.628571429,11363248.6,228.4857142857143,81.0,60.0,81.0,,,0.0065335075602016,5028000,304.4095919990909,1.9888623707239457
2022-07-23,IE,Ireland,EUR,895.0,1640116,3.0,7762,1251.2857142857142,9.142857142857142,0.0073067701792442,Post-Omicron,IRL,,4042382.4857142856,2980176.1714285715,4005724.1142857145,11366380.2,228.5428571428572,81.0,60.0,81.0,,,0.0073067701792442,5028000,248.86350721672918,1.8183884532333219
2022-07-24,IE,Ireland,EUR,936.0,1641052,7.0,7769,1118.857142857143,8.285714285714286,0.0074055158324821,Post-Omicron,IRL,,4042412.8,2980771.4,4005811.6,11369511.8,228.6,81.0,60.0,81.0,,,0.0074055158324821,5028000,222.52528696442778,1.6479145357426983
2022-07-25,IE,Ireland,EUR,951.0,1642003,10.0,7779,963.2857142857144,8.0,0.0083049087943052,Post-Omicron,IRL,,4042443.1142857145,2981366.6285714284,4005899.0857142857,11372643.4,228.65714285714284,81.0,60.0,81.0,,,0.0083049087943052,5028000,191.58427093987956,1.5910898965791567
2022-07-26,IE,Ireland,EUR,292.0,1642295,4.0,7783,862.4285714285714,7.428571428571429,0.0086135497763789,Post-Omicron,IRL,,4042473.4285714286,2981961.8571428573,4005986.5714285714,11375775.0,228.7142857142857,81.0,60.0,81.0,,,0.0086135497763789,5028000,171.52517331514946,1.4774406182520743
2022-07-27,IE,Ireland,EUR,134.0,1642429,8.0,7791,799.8571428571429,7.142857142857143,0.0089301661010894,Post-Omicron,IRL,,4042503.742857143,2982557.0857142857,4006074.057142857,11378906.6,228.77142857142857,81.0,60.0,81.0,,,0.0089301661010894,5028000,159.0805773383339,1.4206159790885329
2022-07-28,IE,Ireland,EUR,976.0,1643405,5.0,7796,780.5714285714286,6.571428571428571,0.0084187408491947,Post-Omicron,IRL,,4042534.057142857,2983152.314285714,4006161.542857143,11382038.2,228.82857142857145,81.0,60.0,81.0,,,0.0084187408491947,5028000,155.24491419479486,1.30696670076145
2022-07-29,IE,Ireland,EUR,523.0,1643928,4.0,7800,672.4285714285714,5.857142857142857,0.0087104312725727,Post-Omicron,IRL,,4042564.371428572,2983747.5428571426,4006249.0285714287,11385169.8,228.88571428571427,81.0,60.0,81.0,,,0.0087104312725727,5028000,133.73678827139446,1.1649051028525967
2022-07-30,IE,Ireland,EUR,1063.0,1644991,6.0,7806,696.4285714285714,6.285714285714286,0.009025641025641,Post-Omicron,IRL,,4042594.685714286,2984342.7714285715,4006336.5142857134,11388301.4,228.94285714285715,81.0,60.0,81.0,,,0.009025641025641,5028000,138.51005796113196,1.2501420615979089
2022-07-31,IE,Ireland,EUR,602.0,1645593,3.0,7809,648.7142857142857,5.714285714285714,0.0088086324598106,Post-Omicron,IRL,IRL,4042625.0,2984938.0,4006424.0,11391433.0,229.0,81.0,60.0,81.0,2020-12-30,2023-12-23,0.0088086324598106,5028000,129.02034322082054,1.1364927832708263
2022-08-01,IE,Ireland,EUR,556.0,1646149,10.0,7819,592.2857142857143,5.714285714285714,0.009647853352629,Post-Omicron,IRL,,4042686.285714286,2985492.75,4006497.357142857,11396610.785714284,229.1071428571429,81.0,60.0,81.0,,,0.009647853352629,5028000,117.79747698602115,1.1364927832708263
2022-08-02,IE,Ireland,EUR,104.0,1646253,6.0,7825,565.4285714285714,6.0,0.0106114199090449,Post-Omicron,IRL,,4042747.5714285714,2986047.5,4006570.714285714,11401788.57142857,229.2142857142857,81.0,60.0,81.0,,,0.0106114199090449,5028000,112.45596090464825,1.1933174224343677
2022-08-03,IE,Ireland,EUR,424.0,1646677,5.0,7830,606.8571428571429,5.571428571428571,0.0091807909604519,Post-Omicron,IRL,,4042808.857142857,2986602.25,4006644.0714285714,11406966.357142856,229.32142857142856,81.0,60.0,81.0,,,0.0091807909604519,5028000,120.69553358336175,1.1080804636890556
2022-08-04,IE,Ireland,EUR,205.0,1646882,3.0,7833,496.7142857142857,5.285714285714286,0.0106413574920908,Post-Omicron,IRL,,4042870.142857143,2987157.0,4006717.4285714286,11412144.142857144,229.42857142857144,81.0,60.0,81.0,,,0.0106413574920908,5028000,98.78963518581658,1.0512558245255144
2022-08-05,IE,Ireland,EUR,507.0,1647389,7.0,7840,494.4285714285714,5.714285714285714,0.0115573533660791,Post-Omicron,IRL,,4042931.4285714286,2987711.75,4006790.785714286,11417321.92857143,229.53571428571428,81.0,60.0,81.0,,,0.0115573533660791,5028000,98.33503807250823,1.1364927832708263
2022-08-06,IE,Ireland,EUR,585.0,1647974,6.0,7846,426.1428571428572,5.714285714285714,0.0134093194770365,Post-Omicron,IRL,,4042992.714285714,2988266.5,4006864.142857143,11422499.714285716,229.6428571428572,81.0,60.0,81.0,,,0.0134093194770365,5028000,84.75394931242188,1.1364927832708263
2022-08-07,IE,Ireland,EUR,573.0,1648547,2.0,7848,422.0,5.571428571428571,0.0132024373730534,Post-Omicron,IRL,,4043054.0,2988821.25,4006937.5,11427677.5,229.75,81.0,60.0,81.0,,,0.0132024373730534,5028000,83.92999204455052,1.1080804636890556
2022-08-08,IE,Ireland,EUR,462.0,1649009,6.0,7854,408.57142857142856,5.0,0.0122377622377622,Post-Omicron,IRL,,4043115.285714286,2989376.0,4007010.857142857,11432855.285714284,229.8571428571429,81.0,60.0,81.0,,,0.0122377622377622,5028000,81.25923400386407,0.9944311853619728
2022-08-09,IE,Ireland,EUR,270.0,1649279,10.0,7864,432.2857142857143,5.571428571428571,0.0128883013879709,Post-Omicron,IRL,,4043176.5714285714,2989930.75,4007084.214285714,11438033.07142857,229.9642857142857,81.0,60.0,81.0,,,0.0128883013879709,5028000,85.975679054438,1.1080804636890556
2022-08-10,IE,Ireland,EUR,255.0,1649534,5.0,7869,408.1428571428572,5.571428571428571,0.0136506825341267,Post-Omicron,IRL,,4043237.857142857,2990485.5,4007157.5714285714,11443210.857142856,230.07142857142856,81.0,60.0,81.0,,,0.0136506825341267,5028000,81.17399704511878,1.1080804636890556
2022-08-11,IE,Ireland,EUR,504.0,1650038,3.0,7872,450.8571428571428,5.571428571428571,0.0123574144486692,Post-Omicron,IRL,,4043299.142857143,2991040.25,4007230.9285714286,11448388.642857144,230.17857142857144,81.0,60.0,81.0,,,0.0123574144486692,5028000,89.66928060006818,1.1080804636890556
2022-08-12,IE,Ireland,EUR,537.0,1650575,4.0,7876,455.1428571428572,5.142857142857143,0.0112994350282485,Post-Omicron,IRL,,4043360.4285714286,2991595.0,4007304.285714286,11453566.42857143,230.28571428571428,81.0,60.0,81.0,,,0.0112994350282485,5028000,90.52165018752133,1.0228435049437437
2022-08-13,IE,Ireland,EUR,808.0,1651383,7.0,7883,487.0,5.285714285714286,0.0108536227632736,Post-Omicron,IRL,,4043421.714285714,2992149.75,4007377.642857143,11458744.214285716,230.3928571428572,81.0,60.0,81.0,,,0.0108536227632736,5028000,96.85759745425617,1.0512558245255144
2022-08-14,IE,Ireland,EUR,357.0,1651740,6.0,7889,456.1428571428572,5.857142857142857,0.0128405887879736,Post-Omicron,IRL,,4043483.0,2992704.5,4007451.0,11463922.0,230.5,81.0,60.0,81.0,,,0.0128405887879736,5028000,90.72053642459372,1.1649051028525967
2022-08-15,IE,Ireland,EUR,257.0,1651997,6.0,7895,426.8571428571428,5.857142857142857,0.0137215528781793,Post-Omicron,IRL,,4043544.285714286,2993259.25,4007524.357142857,11469099.785714284,230.6071428571429,81.0,60.0,81.0,,,0.0137215528781793,5028000,84.8960109103307,1.1649051028525967
2022-08-16,IE,Ireland,EUR,267.0,1652264,1.0,7896,426.4285714285714,4.571428571428571,0.0107202680067001,Post-Omicron,IRL,,4043605.5714285714,2993814.0,4007597.714285714,11474277.57142857,230.7142857142857,81.0,60.0,81.0,,,0.0107202680067001,5028000,84.8107739515854,0.9091942266166609
2022-08-17,IE,Ireland,EUR,174.0,1652438,4.0,7900,414.8571428571428,4.428571428571429,0.0106749311294765,Post-Omicron,IRL,,4043666.857142857,2994368.75,4007671.0714285714,11479455.357142856,230.82142857142856,81.0,60.0,81.0,,,0.0106749311294765,5028000,82.50937606546196,0.8807819070348903
2022-08-18,IE,Ireland,EUR,534.0,1652972,10.0,7910,419.1428571428572,5.428571428571429,0.0129516019086571,Post-Omicron,IRL,,4043728.142857143,2994923.5,4007744.4285714286,11484633.142857144,230.92857142857144,81.0,60.0,81.0,,,0.0129516019086571,5028000,83.36174565291512,1.079668144107285
2022-08-19,IE,Ireland,EUR,388.0,1653360,2.0,7912,397.8571428571428,5.142857142857143,0.0129263913824057,Post-Omicron,IRL,,4043789.4285714286,2995478.25,4007817.785714286,11489810.92857143,231.03571428571428,81.0,60.0,81.0,,,0.0129263913824057,5028000,79.12831003523125,1.0228435049437437
2022-08-20,IE,Ireland,EUR,222.0,1653582,2.0,7914,314.1428571428572,4.428571428571429,0.0140973169622555,Post-Omicron,IRL,,4043850.714285714,2996033.0,4007891.142857143,11494988.714285716,231.1428571428572,81.0,60.0,81.0,,,0.0140973169622555,5028000,62.47869076031369,0.8807819070348903
2022-08-21,IE,Ireland,EUR,421.0,1654003,5.0,7919,323.2857142857143,4.285714285714286,0.0132567388422448,Post-Omicron,IRL,,4043912.0,2996587.75,4007964.5,11500166.5,231.25,81.0,60.0,81.0,,,0.0132567388422448,5028000,64.297079213547,0.8523695874531196
2022-08-22,IE,Ireland,EUR,237.0,1654240,1.0,7920,320.42857142857144,3.571428571428572,0.0111457868925546,Post-Omicron,IRL,,4043973.285714286,2997142.5,4008037.857142857,11505344.285714284,231.3571428571429,81.0,60.0,81.0,,,0.0111457868925546,5028000,63.72883282191158,0.7103079895442665
2022-08-23,IE,Ireland,EUR,52.0,1654292,4.0,7924,289.7142857142857,4.0,0.0138067061143984,Post-Omicron,IRL,,4044034.5714285714,2997697.25,4008111.214285714,11510522.07142857,231.4642857142857,81.0,60.0,81.0,,,0.0138067061143984,5028000,57.62018411183089,0.7955449482895783
2022-08-24,IE,Ireland,EUR,10.0,1654302,3.0,7927,266.2857142857143,3.857142857142857,0.0144849785407725,Post-Omicron,IRL,,4044095.857142857,2998252.0,4008184.5714285714,11515699.857142856,231.57142857142856,81.0,60.0,81.0,,,0.0144849785407725,5028000,52.9605637004205,0.7671326287078077
2022-08-25,IE,Ireland,EUR,482.0,1654784,4.0,7931,258.85714285714283,3.0,0.0115894039735099,Post-Omicron,IRL,,4044157.142857143,2998806.75,4008257.9285714286,11520877.642857144,231.67857142857144,81.0,60.0,81.0,,,0.0115894039735099,5028000,51.48312308216842,0.5966587112171838
2022-08-26,IE,Ireland,EUR,338.0,1655122,2.0,7933,251.7142857142857,3.0,0.0119182746878547,Post-Omicron,IRL,,4044218.4285714286,2999361.5,4008331.285714286,11526055.42857143,231.78571428571428,81.0,60.0,81.0,,,0.0119182746878547,5028000,50.062507103079895,0.5966587112171838
2022-08-27,IE,Ireland,EUR,200.0,1655322,2.0,7935,248.57142857142856,3.0,0.0120689655172413,Post-Omicron,IRL,,4044279.714285714,2999916.25,4008404.642857143,11531233.214285716,231.8928571428572,81.0,60.0,81.0,,,0.0120689655172413,5028000,49.43743607228094,0.5966587112171838
2022-08-28,IE,Ireland,EUR,322.0,1655644,3.0,7938,234.42857142857144,2.7142857142857144,0.0115783059110298,Post-Omicron,IRL,IRL,4044341.0,3000471.0,4008478.0,11536411.0,232.0,81.0,60.0,81.0,2020-12-30,2023-12-23,0.0115783059110298,5028000,46.62461643368565,0.5398340720536425
2022-08-29,IE,Ireland,EUR,323.0,1655967,2.0,7940,246.7142857142857,2.857142857142857,0.0115807759119861,Post-Omicron,IRL,,4044993.25,3001169.8571428573,4009002.785714286,11540520.857142856,232.1071428571429,81.03571428571429,60.035714285714285,81.0,,,0.0115807759119861,5028000,49.06807591771792,0.5682463916354131
2022-08-30,IE,Ireland,EUR,114.0,1656081,4.0,7944,255.57142857142856,2.857142857142857,0.0111794298490776,Post-Omicron,IRL,,4045645.5,3001868.714285714,4009527.5714285714,11544630.714285716,232.2142857142857,81.07142857142857,60.07142857142857,81.0,,,0.0111794298490776,5028000,50.8296397317877,0.5682463916354131
2022-08-31,IE,Ireland,EUR,27.0,1656108,3.0,7947,258.0,2.857142857142857,0.0110741971207087,Post-Omicron,IRL,,4046297.75,3002567.571428572,4010052.357142857,11548740.57142857,232.32142857142856,81.10714285714286,60.10714285714285,81.0,,,0.0110741971207087,5028000,51.3126491646778,0.5682463916354131
2022-09-01,IE,Ireland,EUR,557.0,1656665,3.0,7950,268.7142857142857,2.7142857142857144,0.0101010101010101,Post-Omicron,IRL,,4046950.0,3003266.4285714286,4010577.142857143,11552850.42857143,232.42857142857144,81.14285714285714,60.142857142857146,81.0,,,0.0101010101010101,5028000,53.4435731333106,0.5398340720536425
2022-09-02,IE,Ireland,EUR,75.0,1656740,5.0,7955,231.14285714285717,3.142857142857143,0.0135970333745364,Post-Omicron,IRL,,4047602.25,3003965.285714286,4011101.9285714286,11556960.285714284,232.53571428571428,81.17857142857143,60.17857142857143,81.0,,,0.0135970333745364,5028000,45.97113308330493,0.6250710307989544
2022-09-03,IE,Ireland,EUR,493.0,1657233,2.0,7957,273.0,3.142857142857143,0.0115122972265829,Post-Omicron,IRL,,4048254.5,3004664.1428571427,4011626.714285714,11561070.142857144,232.6428571428572,81.21428571428571,60.21428571428572,81.0,,,0.0115122972265829,5028000,54.295942720763726,0.6250710307989544
2022-09-04,IE,Ireland,EUR,313.0,1657546,1.0,7958,271.7142857142857,2.857142857142857,0.010515247108307,Post-Omicron,IRL,,4048906.75,3005363.0,4012151.5,11565180.0,232.75,81.25,60.25,81.0,,,0.010515247108307,5028000,54.04023184452779,0.5682463916354131
2022-09-05,IE,Ireland,EUR,336.0,1657882,2.0,7960,273.57142857142856,2.857142857142857,0.010443864229765,Post-Omicron,IRL,,4049559.0,3006061.8571428573,4012676.285714286,11569289.857142856,232.8571428571429,81.28571428571429,60.285714285714285,81.0,,,0.010443864229765,5028000,54.4095919990908,0.5682463916354131
2022-09-06,IE,Ireland,EUR,149.0,1658031,4.0,7964,278.57142857142856,2.857142857142857,0.0102564102564102,Post-Omicron,IRL,,4050211.25,3006760.714285714,4013201.0714285714,11573399.714285716,232.9642857142857,81.32142857142857,60.32142857142857,81.0,,,0.0102564102564102,5028000,55.404023184452775,0.5682463916354131
2022-09-07,IE,Ireland,EUR,25.0,1658056,2.0,7966,278.2857142857143,2.7142857142857144,0.0097535934291581,Post-Omicron,IRL,,4050863.5,3007459.571428572,4013725.857142857,11577509.57142857,233.07142857142856,81.35714285714286,60.35714285714285,81.0,,,0.0097535934291581,5028000,55.34719854528924,0.5398340720536425
2022-09-08,IE,Ireland,EUR,520.0,1658576,1.0,7967,273.0,2.4285714285714284,0.0088958660387231,Post-Omicron,IRL,,4051515.75,3008158.4285714286,4014250.642857143,11581619.42857143,233.17857142857144,81.39285714285714,60.392857142857146,81.0,,,0.0088958660387231,5028000,54.295942720763726,0.48300943289010106
2022-09-09,IE,Ireland,EUR,242.0,1658818,1.0,7968,296.85714285714283,1.8571428571428568,0.0062560153994225,Post-Omicron,IRL,,4052168.0,3008857.285714286,4014775.4285714286,11585729.285714284,233.28571428571428,81.42857142857143,60.42857142857143,81.0,,,0.0062560153994225,5028000,59.04080009091942,0.36936015456301846
2022-09-10,IE,Ireland,EUR,285.0,1659103,2.0,7970,267.1428571428572,1.8571428571428568,0.006951871657754,Post-Omicron,IRL,,4052820.25,3009556.1428571427,4015300.214285714,11589839.142857144,233.3928571428572,81.46428571428571,60.46428571428572,81.0,,,0.006951871657754,5028000,53.13103761791114,0.36936015456301846
2022-09-11,IE,Ireland,EUR,223.0,1659326,3.0,7973,254.28571428571428,2.142857142857143,0.0084269662921348,Post-Omicron,IRL,,4053472.5,3010255.0,4015825.0,11593949.0,233.5,81.5,60.5,81.0,,,0.0084269662921348,5028000,50.57392885555176,0.4261847937265598
2022-09-12,IE,Ireland,EUR,241.0,1659567,2.0,7975,240.7142857142857,2.142857142857143,0.0089020771513353,Post-Omicron,IRL,,4054124.75,3010953.8571428573,4016349.785714286,11598058.857142856,233.6071428571429,81.53571428571429,60.535714285714285,81.0,,,0.0089020771513353,5028000,47.87475849528355,0.4261847937265598
2022-09-13,IE,Ireland,EUR,116.0,1659683,4.0,7979,236.0,2.142857142857143,0.0090799031476997,Post-Omicron,IRL,,4054777.0,3011652.714285714,4016874.5714285714,11602168.714285716,233.7142857142857,81.57142857142857,60.57142857142857,81.0,,,0.0090799031476997,5028000,46.93715194908513,0.4261847937265598
2022-09-14,IE,Ireland,EUR,22.0,1659705,1.0,7980,235.57142857142856,2.0,0.0084899939357186,Post-Omicron,IRL,,4055429.25,3012351.571428572,4017399.357142857,11606278.57142857,233.82142857142856,81.60714285714286,60.60714285714285,81.0,,,0.0084899939357186,5028000,46.85191499033981,0.39777247414478917
2022-09-15,IE,Ireland,EUR,455.0,1660160,2.0,7982,226.28571428571428,2.142857142857143,0.0094696969696969,Post-Omicron,IRL,,4056081.5,3013050.4285714286,4017924.142857143,11610388.42857143,233.92857142857144,81.64285714285714,60.642857142857146,81.0,,,0.0094696969696969,5028000,45.005114217524714,0.4261847937265598
2022-09-16,IE,Ireland,EUR,259.0,1660419,2.0,7984,228.7142857142857,2.2857142857142856,0.0099937539038101,Post-Omicron,IRL,,4056733.75,3013749.285714286,4018448.9285714286,11614498.285714284,234.03571428571428,81.67857142857143,60.67857142857143,81.0,,,0.0099937539038101,5028000,45.48812365041481,0.45459711330833047
2022-09-17,IE,Ireland,EUR,267.0,1660686,1.0,7985,226.14285714285717,2.142857142857143,0.0094756790903348,Post-Omicron,IRL,,4057386.0,3014448.1428571427,4018973.714285714,11618608.142857144,234.1428571428572,81.71428571428571,60.71428571428572,81.0,,,0.0094756790903348,5028000,44.97670189794295,0.4261847937265598
2022-09-18,IE,Ireland,EUR,195.0,1660881,1.0,7986,222.14285714285717,1.8571428571428568,0.0083601286173633,Post-Omicron,IRL,,4058038.25,3015147.0,4019498.5,11622718.0,234.25,81.75,60.75,81.0,,,0.0083601286173633,5028000,44.18115694965338,0.36936015456301846
2022-09-19,IE,Ireland,EUR,314.0,1661195,3.0,7989,232.57142857142856,2.0,0.0085995085995086,Post-Omicron,IRL,,4058690.5,3015845.8571428573,4020023.285714286,11626827.857142856,234.3571428571429,81.78571428571429,60.785714285714285,81.0,,,0.0085995085995086,5028000,46.25525627912262,0.39777247414478917
2022-09-20,IE,Ireland,EUR,19.0,1661214,,7989,218.7142857142857,1.6666666666666667,0.0076202917483126,Post-Omicron,IRL,,4059342.75,3016544.714285714,4020548.0714285714,11630937.714285716,234.4642857142857,81.82142857142857,60.82142857142857,81.0,,,0.0076202917483126,5028000,43.49926127969087,0.33147706178732433
2022-09-21,IE,Ireland,EUR,47.0,1661261,2.0,7991,222.28571428571428,1.8333333333333333,0.0082476435304198,Post-Omicron,IRL,,4059995.0,3017243.571428572,4021072.857142857,11635047.57142857,234.57142857142856,81.85714285714286,60.85714285714285,81.0,,,0.0082476435304198,5028000,44.20956926923514,0.3646247679660567
2022-09-22,IE,Ireland,EUR,529.0,1661790,4.0,7995,232.8571428571429,2.1666666666666665,0.0093047034764826,Post-Omicron,IRL,,4060647.25,3017942.4285714286,4021597.642857143,11639157.42857143,234.67857142857144,81.89285714285714,60.892857142857146,81.0,,,0.0093047034764826,5028000,46.31208091828618,0.4309201803235216
2022-09-23,IE,Ireland,EUR,309.0,1662099,3.0,7998,240.0,2.333333333333333,0.0097222222222222,Post-Omicron,IRL,,4061299.5,3018641.285714286,4022122.4285714286,11643267.285714284,234.78571428571428,81.92857142857143,60.92857142857143,81.0,,,0.0097222222222222,5028000,47.7326968973747,0.46406788650225395
2022-09-24,IE,Ireland,EUR,248.0,1662347,3.0,8001,237.28571428571428,2.6666666666666665,0.0112382099137066,Post-Omicron,IRL,,4061951.75,3019340.1428571427,4022647.214285714,11647377.142857144,234.8928571428572,81.96428571428571,60.96428571428572,81.0,,,0.0112382099137066,5028000,47.19286282532106,0.5303632988597189
2022-09-25,IE,Ireland,EUR,409.0,1662756,1.0,8002,267.85714285714283,2.6666666666666665,0.0099555555555555,Post-Omicron,IRL,IRL,4062604.0,3020039.0,4023172.0,11651487.0,235.0,82.0,61.0,81.0,2020-12-30,2023-12-23,0.0099555555555555,5028000,53.273099215819975,0.5303632988597189
2022-09-26,IE,Ireland,EUR,342.0,1663098,3.0,8005,271.85714285714283,2.6666666666666665,0.0098090733928884,Post-Omicron,IRL,,4063218.285714286,3020283.0285714287,4023664.742857143,11657228.114285717,235.11428571428573,82.0,61.0,81.0,,,0.0098090733928884,5028000,54.06864416410955,0.5303632988597189
2022-09-27,IE,Ireland,EUR,24.0,1663122,6.0,8011,272.57142857142856,3.142857142857143,0.0115303983228511,Post-Omicron,IRL,,4063832.5714285714,3020527.057142857,4024157.4857142856,11662969.228571428,235.22857142857143,82.0,61.0,81.0,,,0.0115303983228511,5028000,54.21070576201841,0.6250710307989544
2022-09-28,IE,Ireland,EUR,25.0,1663147,1.0,8012,269.42857142857144,3.0,0.0111346765641569,Post-Omicron,IRL,,4064446.857142857,3020771.0857142857,4024650.228571429,11668710.342857145,235.3428571428572,82.0,61.0,81.0,,,0.0111346765641569,5028000,53.58563473121946,0.5966587112171838
2022-09-29,IE,Ireland,EUR,290.0,1663437,2.0,8014,235.28571428571428,2.7142857142857144,0.0115361262902246,Post-Omicron,IRL,,4065061.142857143,3021015.1142857145,4025142.9714285713,11674451.457142858,235.45714285714288,82.0,61.0,81.0,,,0.0115361262902246,5028000,46.79509035117627,0.5398340720536425
2022-09-30,IE,Ireland,EUR,449.0,1663886,2.0,8016,255.28571428571428,2.571428571428572,0.0100727476217123,Post-Omicron,IRL,,4065675.4285714286,3021259.1428571427,4025635.714285714,11680192.57142857,235.57142857142856,82.0,61.0,81.0,,,0.0100727476217123,5028000,50.772815092624164,0.5114217524718719
2022-10-01,IE,Ireland,EUR,459.0,1664345,6.0,8022,285.42857142857144,3.0,0.0105105105105105,Post-Omicron,IRL,,4066289.714285714,3021503.1714285715,4026128.4571428574,11685933.685714286,235.68571428571428,82.0,61.0,81.0,,,0.0105105105105105,5028000,56.767814524377776,0.5966587112171838
2022-10-02,IE,Ireland,EUR,332.0,1664677,4.0,8026,274.42857142857144,3.4285714285714284,0.0124934929724102,Post-Omicron,IRL,,4066904.0,3021747.2,4026621.2,11691674.8,235.8,82.0,61.0,81.0,,,0.0124934929724102,5028000,54.58006591658143,0.6818956699624956
2022-10-03,IE,Ireland,EUR,304.0,1664981,5.0,8031,269.0,3.7142857142857135,0.0138077535847052,Post-Omicron,IRL,,4067518.285714286,3021991.2285714285,4027113.942857143,11697415.914285714,235.9142857142857,82.0,61.0,81.0,,,0.0138077535847052,5028000,53.500397772474145,0.7387203091260369
2022-10-04,IE,Ireland,EUR,47.0,1665028,8.0,8039,272.2857142857143,4.0,0.0146904512067156,Post-Omicron,IRL,,4068132.5714285714,3022235.257142857,4027606.685714286,11703157.028571429,236.02857142857144,82.0,61.0,81.0,,,0.0146904512067156,5028000,54.15388112285487,0.7955449482895783
2022-10-05,IE,Ireland,EUR,266.0,1665294,4.0,8043,306.7142857142857,4.428571428571429,0.0144387517466231,Post-Omicron,IRL,,4068746.857142857,3022479.285714286,4028099.4285714286,11708898.142857144,236.1428571428572,82.0,61.0,81.0,,,0.0144387517466231,5028000,61.0012501420616,0.8807819070348903
2022-10-06,IE,Ireland,EUR,538.0,1665832,3.0,8046,342.1428571428572,4.571428571428571,0.0133611691022964,Post-Omicron,IRL,,4069361.142857143,3022723.314285714,4028592.171428572,11714639.257142857,236.25714285714287,82.0,61.0,81.0,,,0.0133611691022964,5028000,68.04750539834073,0.9091942266166609
2022-10-07,IE,Ireland,EUR,402.0,1666234,6.0,8052,335.42857142857144,5.142857142857143,0.0153321976149914,Post-Omicron,IRL,,4069975.4285714286,3022967.342857143,4029084.914285714,11720380.371428572,236.37142857142857,82.0,61.0,81.0,,,0.0153321976149914,5028000,66.71212637799749,1.0228435049437437
2022-10-08,IE,Ireland,EUR,355.0,1666589,2.0,8054,320.57142857142856,4.571428571428571,0.0142602495543672,Post-Omicron,IRL,,4070589.714285714,3023211.371428572,4029577.657142857,11726121.485714288,236.4857142857143,82.0,61.0,81.0,,,0.0142602495543672,5028000,63.75724514149335,0.9091942266166609
2022-10-09,IE,Ireland,EUR,349.0,1666938,4.0,8058,323.0,4.571428571428571,0.0141530296329057,Post-Omicron,IRL,,4071204.0,3023455.4,4030070.4,11731862.6,236.6,82.0,61.0,81.0,,,0.0141530296329057,5028000,64.24025457438344,0.9091942266166609
2022-10-10,IE,Ireland,EUR,390.0,1667328,5.0,8063,335.2857142857143,4.571428571428571,0.0136344269279931,Post-Omicron,IRL,,4071818.285714286,3023699.4285714286,4030563.142857143,11737603.714285716,236.7142857142857,82.0,61.0,81.0,,,0.0136344269279931,5028000,66.68371405841573,0.9091942266166609
2022-10-11,IE,Ireland,EUR,19.0,1667347,4.0,8067,331.2857142857143,4.0,0.0120741699008193,Post-Omicron,IRL,,4072432.5714285714,3023943.4571428574,4031055.8857142855,11743344.82857143,236.82857142857145,82.0,61.0,81.0,,,0.0120741699008193,5028000,65.88816911012614,0.7955449482895783
2022-10-12,IE,Ireland,EUR,33.0,1667380,2.0,8069,298.0,3.7142857142857135,0.012464046021093,Post-Omicron,IRL,,4073046.857142857,3024187.4857142856,4031548.628571429,11749085.942857144,236.94285714285715,82.0,61.0,81.0,,,0.012464046021093,5028000,59.26809864757359,0.7387203091260369
2022-10-13,IE,Ireland,EUR,705.0,1668085,3.0,8072,321.85714285714283,3.7142857142857135,0.0115401686640035,Post-Omicron,IRL,,4073661.142857143,3024431.5142857144,4032041.371428572,11754827.057142856,237.05714285714285,82.0,61.0,81.0,,,0.0115401686640035,5028000,64.01295601772928,0.7387203091260369
2022-10-14,IE,Ireland,EUR,297.0,1668382,4.0,8076,306.85714285714283,3.4285714285714284,0.0111731843575419,Post-Omicron,IRL,,4074275.4285714286,3024675.5428571426,4032534.1142857145,11760568.17142857,237.17142857142852,82.0,61.0,81.0,,,0.0111731843575419,5028000,61.02966246164336,0.6818956699624956
2022-10-15,IE,Ireland,EUR,404.0,1668786,7.0,8083,313.85714285714283,4.142857142857143,0.0131998179335457,Post-Omicron,IRL,,4074889.714285714,3024919.571428572,4033026.857142857,11766309.285714284,237.28571428571428,82.0,61.0,81.0,,,0.0131998179335457,5028000,62.42186612115012,0.8239572678713492
2022-10-16,IE,Ireland,EUR,362.0,1669148,1.0,8084,315.7142857142857,3.7142857142857135,0.0117647058823529,Post-Omicron,IRL,,4075504.0,3025163.6,4033519.6,11772050.4,237.4,82.0,61.0,81.0,,,0.0117647058823529,5028000,62.79122627571315,0.7387203091260369
2022-10-17,IE,Ireland,EUR,246.0,1669394,5.0,8089,295.1428571428572,3.7142857142857135,0.0125847047434656,Post-Omicron,IRL,,4076118.285714286,3025407.6285714284,4034012.342857143,11777791.514285712,237.5142857142857,82.0,61.0,81.0,,,0.0125847047434656,5028000,58.6998522559382,0.7387203091260369
2022-10-18,IE,Ireland,EUR,106.0,1669500,5.0,8094,307.57142857142856,3.857142857142857,0.0125406409660938,Post-Omicron,IRL,,4076732.5714285714,3025651.657142857,4034505.0857142857,11783532.628571428,237.62857142857143,82.0,61.0,81.0,,,0.0125406409660938,5028000,61.171724059552226,0.7671326287078077
2022-10-19,IE,Ireland,EUR,28.0,1669528,6.0,8100,306.85714285714283,4.428571428571429,0.0144320297951582,Post-Omicron,IRL,,4077346.857142857,3025895.685714286,4034997.828571429,11789273.742857143,237.7428571428572,82.0,61.0,81.0,,,0.0144320297951582,5028000,61.02966246164336,0.8807819070348903
2022-10-20,IE,Ireland,EUR,633.0,1670161,7.0,8107,296.57142857142856,5.0,0.0168593448940269,Post-Omicron,IRL,,4077961.142857143,3026139.714285714,4035490.5714285714,11795014.857142856,237.8571428571429,82.0,61.0,81.0,,,0.0168593448940269,5028000,58.983975451755875,0.9944311853619728
2022-10-21,IE,Ireland,EUR,267.0,1670428,5.0,8112,292.2857142857143,5.142857142857143,0.0175953079178885,Post-Omicron,IRL,,4078575.4285714286,3026383.742857143,4035983.314285714,11800755.971428571,237.97142857142856,82.0,61.0,81.0,,,0.0175953079178885,5028000,58.13160586430276,1.0228435049437437
2022-10-22,IE,Ireland,EUR,422.0,1670850,4.0,8116,294.85714285714283,4.714285714285714,0.0159883720930232,Post-Omicron,IRL,,4079189.714285714,3026627.7714285715,4036476.057142857,11806497.085714286,238.0857142857143,82.0,61.0,81.0,,,0.0159883720930232,5028000,58.64302761677463,0.9376065461984318
2022-10-23,IE,Ireland,EUR,334.0,1671184,4.0,8120,290.85714285714283,5.142857142857143,0.0176817288801571,Post-Omicron,IRL,,4079804.0,3026871.8,4036968.8,11812238.2,238.2,82.0,61.0,81.0,,,0.0176817288801571,5028000,57.84748266848505,1.0228435049437437
2022-10-24,IE,Ireland,EUR,254.0,1671438,6.0,8126,292.0,5.285714285714286,0.0181017612524461,Post-Omicron,IRL,,4080418.285714286,3027115.8285714285,4037461.542857143,11817979.314285714,238.3142857142857,82.0,61.0,81.0,,,0.0181017612524461,5028000,58.07478122513922,1.0512558245255144
2022-10-25,IE,Ireland,EUR,28.0,1671466,2.0,8128,280.85714285714283,4.857142857142857,0.017293997965412,Post-Omicron,IRL,,4081032.5714285714,3027359.8571428573,4037954.285714286,11823720.42857143,238.42857142857144,82.0,61.0,81.0,,,0.017293997965412,5028000,55.85862029776111,0.9660188657802021
2022-10-26,IE,Ireland,EUR,272.0,1671738,5.0,8133,315.7142857142857,4.714285714285714,0.0149321266968325,Post-Omicron,IRL,,4081646.857142857,3027603.885714285,4038447.0285714287,11829461.542857142,238.5428571428572,82.0,61.0,81.0,,,0.0149321266968325,5028000,62.79122627571315,0.9376065461984318
2022-10-27,IE,Ireland,EUR,365.0,1672103,8.0,8141,277.42857142857144,4.857142857142857,0.0175077239958805,Post-Omicron,IRL,,4082261.142857143,3027847.9142857143,4038939.771428572,11835202.657142855,238.65714285714284,82.0,61.0,81.0,,,0.0175077239958805,5028000,55.17672462779862,0.9660188657802021
2022-10-28,IE,Ireland,EUR,376.0,1672479,3.0,8144,293.0,4.571428571428571,0.015602145294978,Post-Omicron,IRL,,4082875.4285714286,3028091.942857143,4039432.5142857134,11840943.771428572,238.77142857142857,82.0,61.0,81.0,,,0.015602145294978,5028000,58.27366746221161,0.9091942266166609
2022-10-29,IE,Ireland,EUR,158.0,1672637,4.0,8148,255.28571428571428,4.571428571428571,0.0179071068830442,Post-Omicron,IRL,,4083489.714285714,3028335.971428572,4039925.257142857,11846684.885714283,238.88571428571427,82.0,61.0,81.0,,,0.0179071068830442,5028000,50.772815092624164,0.9091942266166609
2022-10-30,IE,Ireland,EUR,229.0,1672866,4.0,8152,240.28571428571428,4.571428571428571,0.0190249702734839,Post-Omicron,IRL,IRL,4084104.0,3028580.0,4040418.0,11852426.0,239.0,82.0,61.0,81.0,2020-12-30,2023-12-23,0.0190249702734839,5028000,47.78952153653824,0.9091942266166609
2022-10-31,IE,Ireland,EUR,154.0,1673020,4.0,8156,226.0,4.285714285714286,0.0189633375474083,Post-Omicron,IRL,,4084776.357142857,3028735.071428572,4040958.3214285714,11861119.357142856,239.17857142857144,82.03571428571429,61.0,81.03571428571429,,,0.0189633375474083,5028000,44.94828957836118,0.8523695874531196
2022-11-01,IE,Ireland,EUR,29.0,1673049,3.0,8159,226.14285714285717,4.428571428571429,0.0195830701200252,Post-Omicron,IRL,,4085448.714285714,3028890.1428571427,4041498.642857143,11869812.714285716,239.3571428571429,82.07142857142857,61.0,81.07142857142857,,,0.0195830701200252,5028000,44.97670189794295,0.8807819070348903
2022-11-02,IE,Ireland,EUR,139.0,1673188,8.0,8167,207.14285714285717,4.857142857142857,0.0234482758620689,Post-Omicron,IRL,,4086121.0714285714,3029045.214285714,4042038.964285714,11878506.07142857,239.53571428571428,82.10714285714286,61.0,81.10714285714286,,,0.0234482758620689,5028000,41.19786339356745,0.9660188657802021
2022-11-03,IE,Ireland,EUR,477.0,1673665,4.0,8171,223.14285714285717,4.285714285714286,0.0192061459667093,Post-Omicron,IRL,,4086793.4285714286,3029200.285714286,4042579.285714286,11887199.42857143,239.7142857142857,82.14285714285714,61.0,81.14285714285714,,,0.0192061459667093,5028000,44.380043186725764,0.8523695874531196
2022-11-04,IE,Ireland,EUR,545.0,1674210,9.0,8180,247.28571428571428,5.142857142857143,0.0207972270363951,Post-Omicron,IRL,,4087465.785714286,3029355.3571428573,4043119.607142857,11895892.785714284,239.8928571428572,82.17857142857143,61.0,81.17857142857143,,,0.0207972270363951,5028000,49.181725196045,1.0228435049437437
2022-11-05,IE,Ireland,EUR,327.0,1674537,4.0,8184,271.42857142857144,5.142857142857143,0.0189473684210526,Post-Omicron,IRL,,4088138.142857143,3029510.4285714286,4043659.9285714286,11904586.142857144,240.07142857142856,82.21428571428571,61.0,81.21428571428571,,,0.0189473684210526,5028000,53.98340720536425,1.0228435049437437
2022-11-06,IE,Ireland,EUR,234.0,1674771,1.0,8185,272.1428571428572,4.714285714285714,0.0173228346456692,Post-Omicron,IRL,,4088810.5,3029665.5,4044200.25,11913279.5,240.25,82.25,61.0,81.25,,,0.0173228346456692,5028000,54.125468803273115,0.9376065461984318
2022-11-07,IE,Ireland,EUR,215.0,1674986,6.0,8191,280.85714285714283,5.0,0.0178026449643947,Post-Omicron,IRL,,4089482.857142857,3029820.571428572,4044740.5714285714,11921972.857142856,240.42857142857144,82.28571428571429,61.0,81.28571428571429,,,0.0178026449643947,5028000,55.85862029776111,0.9944311853619728
2022-11-08,IE,Ireland,EUR,18.0,1675004,5.0,8196,279.2857142857143,5.285714285714286,0.018925831202046,Post-Omicron,IRL,,4090155.214285714,3029975.6428571427,4045280.892857143,11930666.214285716,240.6071428571429,82.32142857142857,61.0,81.32142857142857,,,0.018925831202046,5028000,55.54608478236163,1.0512558245255144
2022-11-09,IE,Ireland,EUR,191.0,1675195,5.0,8201,286.7142857142857,4.857142857142857,0.0169407075236671,Post-Omicron,IRL,,4090827.5714285714,3030130.714285714,4045821.214285714,11939359.57142857,240.78571428571428,82.35714285714286,61.0,81.35714285714286,,,0.0169407075236671,5028000,57.02352540061371,0.9660188657802021
2022-11-10,IE,Ireland,EUR,528.0,1675723,7.0,8208,294.0,5.285714285714286,0.0179786200194363,Post-Omicron,IRL,,4091499.9285714286,3030285.785714286,4046361.535714286,11948052.92857143,240.9642857142857,82.39285714285714,61.0,81.39285714285714,,,0.0179786200194363,5028000,58.47255369928401,1.0512558245255144
2022-11-11,IE,Ireland,EUR,364.0,1676087,5.0,8213,268.1428571428572,4.714285714285714,0.0175812466702184,Post-Omicron,IRL,,4092172.285714286,3030440.8571428573,4046901.857142857,11956746.285714284,241.1428571428572,82.42857142857143,61.0,81.42857142857143,,,0.0175812466702184,5028000,53.32992385498354,0.9376065461984318
2022-11-12,IE,Ireland,EUR,263.0,1676350,4.0,8217,259.0,4.714285714285714,0.0182018753447324,Post-Omicron,IRL,,4092844.642857143,3030595.9285714286,4047442.1785714286,11965439.642857144,241.32142857142856,82.46428571428571,61.0,81.46428571428571,,,0.0182018753447324,5028000,51.5115354017502,0.9376065461984318
2022-11-13,IE,Ireland,EUR,226.0,1676576,3.0,8220,257.85714285714283,5.0,0.0193905817174515,Post-Omicron,IRL,,4093517.0,3030751.0,4047982.5,11974133.0,241.5,82.5,61.0,81.5,,,0.0193905817174515,5028000,51.28423684509603,0.9944311853619728
2022-11-14,IE,Ireland,EUR,283.0,1676859,4.0,8224,267.57142857142856,4.714285714285714,0.0176187933796049,Post-Omicron,IRL,,4094189.357142857,3030906.071428572,4048522.8214285714,11982826.357142856,241.67857142857144,82.53571428571429,61.0,81.53571428571429,,,0.0176187933796049,5028000,53.21627457665644,0.9376065461984318
2022-11-15,IE,Ireland,EUR,33.0,1676892,4.0,8228,269.7142857142857,4.571428571428571,0.0169491525423728,Post-Omicron,IRL,,4094861.714285714,3031061.1428571427,4049063.142857143,11991519.714285716,241.8571428571429,82.57142857142857,61.0,81.57142857142857,,,0.0169491525423728,5028000,53.642459370383,0.9091942266166609
2022-11-16,IE,Ireland,EUR,29.0,1676921,3.0,8231,246.57142857142856,4.285714285714286,0.0173812282734646,Post-Omicron,IRL,,4095534.0714285714,3031216.214285714,4049603.464285714,12000213.07142857,242.03571428571428,82.60714285714286,61.0,81.60714285714286,,,0.0173812282734646,5028000,49.039663598136144,0.8523695874531196
2022-11-17,IE,Ireland,EUR,465.0,1677386,2.0,8233,237.57142857142856,3.571428571428572,0.0150330727600721,Post-Omicron,IRL,,4096206.4285714286,3031371.285714286,4050143.785714286,12008906.42857143,242.2142857142857,82.64285714285714,61.0,81.64285714285714,,,0.0150330727600721,5028000,47.249687464484595,0.7103079895442665
2022-11-18,IE,Ireland,EUR,295.0,1677681,5.0,8238,227.7142857142857,3.571428571428572,0.0156838143036386,Post-Omicron,IRL,,4096878.785714286,3031526.3571428573,4050684.107142857,12017599.785714284,242.3928571428572,82.67857142857143,61.0,81.67857142857143,,,0.0156838143036386,5028000,45.28923741334242,0.7103079895442665
2022-11-19,IE,Ireland,EUR,280.0,1677961,8.0,8246,230.14285714285717,4.142857142857143,0.0180012414649286,Post-Omicron,IRL,,4097551.142857143,3031681.4285714286,4051224.4285714286,12026293.142857144,242.57142857142856,82.71428571428571,61.0,81.71428571428571,,,0.0180012414649286,5028000,45.77224684623253,0.8239572678713492
2022-11-20,IE,Ireland,EUR,180.0,1678141,8.0,8254,223.57142857142856,4.857142857142857,0.0217252396166134,Post-Omicron,IRL,,4098223.5,3031836.5,4051764.75,12034986.5,242.75,82.75,61.0,81.75,,,0.0217252396166134,5028000,44.46528014547107,0.9660188657802021
2022-11-21,IE,Ireland,EUR,214.0,1678355,5.0,8259,213.7142857142857,5.0,0.0233957219251336,Post-Omicron,IRL,,4098895.857142857,3031991.571428572,4052305.0714285714,12043679.857142856,242.92857142857144,82.78571428571429,61.0,81.78571428571429,,,0.0233957219251336,5028000,42.504830094328895,0.9944311853619728
2022-11-22,IE,Ireland,EUR,18.0,1678373,7.0,8266,211.57142857142856,5.428571428571429,0.025658338960162,Post-Omicron,IRL,,4099568.214285714,3032146.6428571427,4052845.392857143,12052373.214285716,243.1071428571429,82.82142857142857,61.0,81.82142857142857,,,0.025658338960162,5028000,42.07864530060234,1.079668144107285
2022-11-23,IE,Ireland,EUR,26.0,1678399,3.0,8269,211.14285714285717,5.428571428571429,0.0257104194857916,Post-Omicron,IRL,,4100240.5714285714,3032301.714285714,4053385.714285714,12061066.57142857,243.28571428571428,82.85714285714286,61.0,81.85714285714286,,,0.0257104194857916,5028000,41.993408341857034,1.079668144107285
2022-11-24,IE,Ireland,EUR,428.0,1678827,4.0,8273,205.8571428571429,5.714285714285714,0.0277585010409437,Post-Omicron,IRL,,4100912.9285714286,3032456.785714286,4053926.035714286,12069759.92857143,243.4642857142857,82.89285714285714,61.0,81.89285714285714,,,0.0277585010409437,5028000,40.94215251733152,1.1364927832708263
2022-11-25,IE,Ireland,EUR,263.0,1679090,3.0,8276,201.28571428571428,5.428571428571429,0.0269694819020582,Post-Omicron,IRL,,4101585.285714286,3032611.8571428573,4054466.357142857,12078453.285714284,243.6428571428572,82.92857142857143,61.0,81.92857142857143,,,0.0269694819020582,5028000,40.03295829071485,1.079668144107285
2022-11-26,IE,Ireland,EUR,385.0,1679475,4.0,8280,216.28571428571428,4.857142857142857,0.0224570673712021,Post-Omicron,IRL,,4102257.642857143,3032766.9285714286,4055006.6785714286,12087146.642857144,243.82142857142856,82.96428571428571,61.0,81.96428571428571,,,0.0224570673712021,5028000,43.01625184680077,0.9660188657802021
2022-11-27,IE,Ireland,EUR,217.0,1679692,4.0,8284,221.57142857142856,4.285714285714286,0.0193423597678916,Post-Omicron,IRL,IRL,4102930.0,3032922.0,4055547.0,12095840.0,244.0,83.0,61.0,82.0,2020-12-30,2023-12-23,0.0193423597678916,5028000,44.06750767132629,0.8523695874531196
2022-11-28,IE,Ireland,EUR,267.0,1679959,5.0,8289,229.14285714285717,4.285714285714286,0.0187032418952618,Post-Omicron,IRL,,4102990.8214285714,3033233.6785714286,4055606.0714285714,12099927.214285716,244.07142857142856,83.0,61.0,82.0,,,0.0187032418952618,5028000,45.57336060916014,0.8523695874531196
2022-11-29,IE,Ireland,EUR,25.0,1679984,,8289,230.14285714285717,3.8333333333333335,0.0166563211255948,Post-Omicron,IRL,,4103051.642857143,3033545.3571428573,4055665.142857143,12104014.42857143,244.1428571428572,83.0,61.0,82.0,,,0.0166563211255948,5028000,45.77224684623253,0.7623972421108459
2022-11-30,IE,Ireland,EUR,187.0,1680171,2.0,8291,253.14285714285717,3.6666666666666665,0.014484574868322,Post-Omicron,IRL,,4103112.464285714,3033857.035714286,4055724.214285714,12108101.642857144,244.2142857142857,83.0,61.0,82.0,,,0.014484574868322,5028000,50.3466302988976,0.7292495359321134
2022-12-01,IE,Ireland,EUR,377.0,1680548,6.0,8297,245.8571428571429,4.0,0.0162696106914584,Post-Omicron,IRL,,4103173.285714286,3034168.714285714,4055783.285714286,12112188.857142856,244.28571428571428,83.0,61.0,82.0,,,0.0162696106914584,5028000,48.89760200022731,0.7955449482895783
2022-12-02,IE,Ireland,EUR,292.0,1680840,5.0,8302,250.0,4.333333333333333,0.0173333333333333,Post-Omicron,IRL,,4103234.107142857,3034480.3928571427,4055842.357142857,12116276.07142857,244.3571428571429,83.0,61.0,82.0,,,0.0173333333333333,5028000,49.72155926809865,0.8618403606470432
2022-12-03,IE,Ireland,EUR,319.0,1681159,9.0,8311,240.57142857142856,5.166666666666667,0.0214766429136975,Post-Omicron,IRL,,4103294.9285714286,3034792.071428572,4055901.4285714286,12120363.285714284,244.42857142857144,83.0,61.0,82.0,,,0.0214766429136975,5028000,47.84634617570178,1.0275788915407056
2022-12-04,IE,Ireland,EUR,278.0,1681437,5.0,8316,249.28571428571428,5.333333333333333,0.0213944603629417,Post-Omicron,IRL,,4103355.75,3035103.75,4055960.5,12124450.5,244.5,83.0,61.0,82.0,,,0.0213944603629417,5028000,49.579497670189795,1.0607265977194378
2022-12-05,IE,Ireland,EUR,373.0,1681810,8.0,8324,264.42857142857144,5.833333333333333,0.0220601476679272,Post-Omicron,IRL,,4103416.5714285714,3035415.4285714286,4056019.5714285714,12128537.714285716,244.57142857142856,83.0,61.0,82.0,,,0.0220601476679272,5028000,52.59120354585749,1.1601697162556353
2022-12-06,IE,Ireland,EUR,15.0,1681825,4.0,8328,263.0,5.571428571428571,0.0211841390548614,Post-Omicron,IRL,,4103477.392857143,3035727.1071428573,4056078.642857143,12132624.92857143,244.6428571428572,83.0,61.0,82.0,,,0.0211841390548614,5028000,52.307080350039776,1.1080804636890556
2022-12-07,IE,Ireland,EUR,24.0,1681849,8.0,8336,239.7142857142857,6.428571428571429,0.0268176400476758,Post-Omicron,IRL,,4103538.214285714,3036038.785714286,4056137.714285714,12136712.142857144,244.7142857142857,83.0,61.0,82.0,,,0.0268176400476758,5028000,47.67587225821116,1.2785543811796796
2022-12-08,IE,Ireland,EUR,560.0,1682409,7.0,8343,265.85714285714283,6.571428571428571,0.0247178936055883,Post-Omicron,IRL,,4103599.035714286,3036350.464285714,4056196.785714286,12140799.357142856,244.78571428571428,83.0,61.0,82.0,,,0.0247178936055883,5028000,52.87532674167518,1.30696670076145
2022-12-09,IE,Ireland,EUR,403.0,1682812,8.0,8351,281.7142857142857,7.0,0.0248478701825557,Post-Omicron,IRL,,4103659.857142857,3036662.1428571427,4056255.857142857,12144886.57142857,244.8571428571429,83.0,61.0,82.0,,,0.0248478701825557,5028000,56.02909421525173,1.392203659506762
2022-12-10,IE,Ireland,EUR,297.0,1683109,1.0,8352,278.57142857142856,5.857142857142857,0.021025641025641,Post-Omicron,IRL,,4103720.6785714286,3036973.821428572,4056314.9285714286,12148973.785714284,244.92857142857144,83.0,61.0,82.0,,,0.021025641025641,5028000,55.404023184452775,1.1649051028525967
2022-12-11,IE,Ireland,EUR,431.0,1683540,,8352,300.42857142857144,6.0,0.0199714693295292,Post-Omicron,IRL,,4103781.5,3037285.5,4056374.0,12153061.0,245.0,83.0,61.0,82.0,,,0.0199714693295292,5028000,59.751108080463695,1.1933174224343677
2022-12-12,IE,Ireland,EUR,179.0,1683719,6.0,8358,272.7142857142857,5.666666666666667,0.0207787672428845,Post-Omicron,IRL,,4103842.3214285714,3037597.1785714286,4056433.0714285714,12157148.214285716,245.07142857142856,83.0,61.0,82.0,,,0.0207787672428845,5028000,54.23911808160018,1.1270220100769028
2022-12-13,IE,Ireland,EUR,53.0,1683772,3.0,8361,278.1428571428572,5.5,0.019774011299435,Post-Omicron,IRL,,4103903.142857143,3037908.8571428573,4056492.142857143,12161235.42857143,245.1428571428572,83.0,61.0,82.0,,,0.019774011299435,5028000,55.318786225707484,1.0938743038981704
2022-12-14,IE,Ireland,EUR,427.0,1684199,2.0,8363,335.7142857142857,4.5,0.0134042553191489,Post-Omicron,IRL,,4103963.964285714,3038220.535714286,4056551.214285714,12165322.642857144,245.2142857142857,83.0,61.0,82.0,,,0.0134042553191489,5028000,66.76895101716104,0.8949880668257756
2022-12-15,IE,Ireland,EUR,518.0,1684717,4.0,8367,329.7142857142857,4.0,0.0121317157712305,Post-Omicron,IRL,,4104024.785714286,3038532.214285714,4056610.285714286,12169409.857142856,245.28571428571428,83.0,61.0,82.0,,,0.0121317157712305,5028000,65.57563359472667,0.7955449482895783
2022-12-16,IE,Ireland,EUR,457.0,1685174,6.0,8373,337.42857142857144,3.6666666666666665,0.0108664973186565,Post-Omicron,IRL,,4104085.607142857,3038843.8928571427,4056669.357142857,12173497.07142857,245.3571428571429,83.0,61.0,82.0,,,0.0108664973186565,5028000,67.1098988521423,0.7292495359321134
2022-12-17,IE,Ireland,EUR,517.0,1685691,2.0,8375,368.8571428571428,3.8333333333333335,0.0103924606248386,Post-Omicron,IRL,,4104146.4285714286,3039155.571428572,4056728.4285714286,12177584.285714284,245.42857142857144,83.0,61.0,82.0,,,0.0103924606248386,5028000,73.36060916013182,0.7623972421108459
2022-12-18,IE,Ireland,EUR,548.0,1686239,6.0,8381,385.57142857142856,4.142857142857143,0.0107447202667654,Post-Omicron,IRL,,4104207.25,3039467.25,4056787.5,12181671.5,245.5,83.0,61.0,82.0,,,0.0107447202667654,5028000,76.68485055119899,0.8239572678713492
2022-12-19,IE,Ireland,EUR,505.0,1686744,7.0,8388,432.1428571428572,4.285714285714286,0.0099173553719008,Post-Omicron,IRL,,4104268.0714285714,3039778.9285714286,4056846.5714285714,12185758.714285716,245.57142857142856,83.0,61.0,82.0,,,0.0099173553719008,5028000,85.94726673485624,0.8523695874531196
2022-12-20,IE,Ireland,EUR,147.0,1686891,13.0,8401,445.57142857142856,5.714285714285714,0.0128246232766912,Post-Omicron,IRL,,4104328.892857143,3040090.6071428573,4056905.642857143,12189845.92857143,245.6428571428572,83.0,61.0,82.0,,,0.0128246232766912,5028000,88.61802477554266,1.1364927832708263
2022-12-21,IE,Ireland,EUR,224.0,1687115,4.0,8405,416.57142857142856,6.0,0.0144032921810699,Post-Omicron,IRL,,4104389.714285714,3040402.285714286,4056964.714285714,12193933.142857144,245.7142857142857,83.0,61.0,82.0,,,0.0144032921810699,5028000,82.85032390044323,1.1933174224343677
2022-12-22,IE,Ireland,EUR,553.0,1687668,7.0,8412,421.57142857142856,6.428571428571429,0.0152490681125042,Post-Omicron,IRL,,4104450.535714286,3040713.964285714,4057023.785714286,12198020.357142856,245.78571428571428,83.0,61.0,82.0,,,0.0152490681125042,5028000,83.8447550858052,1.2785543811796796
2022-12-23,IE,Ireland,EUR,719.0,1688387,10.0,8422,459.0,7.0,0.0152505446623093,Post-Omicron,IRL,,4104511.357142857,3041025.6428571427,4057082.857142857,12202107.57142857,245.8571428571429,83.0,61.0,82.0,,,0.0152505446623093,5028000,91.28878281622912,1.392203659506762
2022-12-24,IE,Ireland,EUR,762.0,1689149,8.0,8430,494.0,7.857142857142857,0.0159051474840948,Post-Omicron,IRL,,4104572.1785714286,3041337.321428572,4057141.9285714286,12206194.785714284,245.92857142857144,83.0,61.0,82.0,,,0.0159051474840948,5028000,98.24980111376293,1.562677576997386
2022-12-25,IE,Ireland,EUR,615.0,1689764,7.0,8437,503.57142857142856,8.0,0.015886524822695,Post-Omicron,IRL,IRL,4104633.0,3041649.0,4057201.0,12210282.0,246.0,83.0,61.0,82.0,2020-12-30,2023-12-23,0.015886524822695,5028000,100.15342652574155,1.5910898965791567
2022-12-26,IE,Ireland,EUR,728.0,1690492,7.0,8444,535.4285714285714,8.0,0.0149413020277481,Post-Omicron,IRL,,,,,,,,,,,,0.0149413020277481,5028000,106.48937379247643,1.5910898965791567
2022-12-27,IE,Ireland,EUR,199.0,1690691,8.0,8452,542.8571428571429,7.285714285714286,0.0134210526315789,Post-Omicron,IRL,,,,,,,,,,,,0.0134210526315789,5028000,107.9668144107285,1.4490282986703036
2022-12-28,IE,Ireland,EUR,252.0,1690943,10.0,8462,546.8571428571429,8.142857142857142,0.0148902821316614,Post-Omicron,IRL,,,,,,,,,,,,0.0148902821316614,5028000,108.76235935901808,1.6195022161609274
2022-12-29,IE,Ireland,EUR,110.0,1691053,7.0,8469,483.57142857142856,8.142857142857142,0.0168389955686853,Post-Omicron,IRL,,,,,,,,,,,,0.0168389955686853,5028000,96.17570178429366,1.6195022161609274
2022-12-30,IE,Ireland,EUR,123.0,1691176,7.0,8476,398.4285714285714,7.714285714285714,0.0193617784152025,Post-Omicron,IRL,,,,,,,,,,,,0.0193617784152025,5028000,79.24195931355835,1.5342652574156155
2022-12-31,IE,Ireland,EUR,970.0,1692146,15.0,8491,428.1428571428572,8.714285714285714,0.0203536870203536,Post-Omicron,IRL,,,,,,,,,,,,0.0203536870203536,5028000,85.15172178656667,1.7331514944880098
2020-01-04,MX,Mexico,AMR,,0,,0,,,,Pre-Alpha,MEX,,,,,,,,,,,,,126705000,,
2020-01-05,MX,Mexico,AMR,,0,,0,,,,Pre-Alpha,MEX,,,,,,,,,,,,,126705000,,
2020-01-06,MX,Mexico,AMR,,0,,0,,,,Pre-Alpha,MEX,,,,,,,,,,,,,126705000,,
2020-01-07,MX,Mexico,AMR,,0,,0,,,,Pre-Alpha,MEX,,,,,,,,,,,,,126705000,,
2020-01-08,MX,Mexico,AMR,,0,,0,,,,Pre-Alpha,MEX,,,,,,,,,,,,,126705000,,
2020-01-09,MX,Mexico,AMR,,0,,0,,,,Pre-Alpha,MEX,,,,,,,,,,,,,126705000,,
2020-01-10,MX,Mexico,AMR,,0,,0,,,,Pre-Alpha,MEX,,,,,,,,,,,,,126705000,,
2020-01-11,MX,Mexico,AMR,,0,,0,,,,Pre-Alpha,MEX,,,,,,,,,,,,,126705000,,
2020-01-12,MX,Mexico,AMR,,0,,0,,,,Pre-Alpha,MEX,,,,,,,,,,,,,126705000,,
2020-01-13,MX,Mexico,AMR,,0,,0,,,,Pre-Alpha,MEX,,,,,,,,,,,,,126705000,,
2020-01-14,MX,Mexico,AMR,,0,,0,,,,Pre-Alpha,MEX,,,,,,,,,,,,,126705000,,
2020-01-15,MX,Mexico,AMR,,0,,0,,,,Pre-Alpha,MEX,,,,,,,,,,,,,126705000,,
2020-01-16,MX,Mexico,AMR,,0,,0,,,,Pre-Alpha,MEX,,,,,,,,,,,,,126705000,,
2020-01-17,MX,Mexico,AMR,,0,,0,,,,Pre-Alpha,MEX,,,,,,,,,,,,,126705000,,
2020-01-18,MX,Mexico,AMR,,0,,0,,,,Pre-Alpha,MEX,,,,,,,,,,,,,126705000,,
2020-01-19,MX,Mexico,AMR,,0,,0,,,,Pre-Alpha,MEX,,,,,,,,,,,,,126705000,,
2020-01-20,MX,Mexico,AMR,,0,,0,,,,Pre-Alpha,MEX,,,,,,,,,,,,,126705000,,
2020-01-21,MX,Mexico,AMR,,0,,0,,,,Pre-Alpha,MEX,,,,,,,,,,,,,126705000,,
2020-01-22,MX,Mexico,AMR,,0,,0,,,,Pre-Alpha,MEX,,,,,,,,,,,,,126705000,,
2020-01-23,MX,Mexico,AMR,,0,,0,,,,Pre-Alpha,MEX,,,,,,,,,,,,,126705000,,
2020-01-24,MX,Mexico,AMR,,0,,0,,,,Pre-Alpha,MEX,,,,,,,,,,,,,126705000,,
2020-01-25,MX,Mexico,AMR,,0,,0,,,,Pre-Alpha,MEX,,,,,,,,,,,,,126705000,,
2020-01-26,MX,Mexico,AMR,,0,,0,,,,Pre-Alpha,MEX,,,,,,,,,,,,,126705000,,
2020-01-27,MX,Mexico,AMR,,0,,0,,,,Pre-Alpha,MEX,,,,,,,,,,,,,126705000,,
2020-01-28,MX,Mexico,AMR,,0,,0,,,,Pre-Alpha,MEX,,,,,,,,,,,,,126705000,,
2020-01-29,MX,Mexico,AMR,,0,,0,,,,Pre-Alpha,MEX,,,,,,,,,,,,,126705000,,
2020-01-30,MX,Mexico,AMR,,0,,0,,,,Pre-Alpha,MEX,,,,,,,,,,,,,126705000,,
2020-01-31,MX,Mexico,AMR,,0,,0,,,,Pre-Alpha,MEX,,,,,,,,,,,,,126705000,,
2020-02-01,MX,Mexico,AMR,,0,,0,,,,Pre-Alpha,MEX,,,,,,,,,,,,,126705000,,
2020-02-02,MX,Mexico,AMR,,0,,0,,,,Pre-Alpha,MEX,,,,,,,,,,,,,126705000,,
2020-02-03,MX,Mexico,AMR,,0,,0,,,,Pre-Alpha,MEX,,,,,,,,,,,,,126705000,,
2020-02-04,MX,Mexico,AMR,,0,,0,,,,Pre-Alpha,MEX,,,,,,,,,,,,,126705000,,
2020-02-05,MX,Mexico,AMR,,0,,0,,,,Pre-Alpha,MEX,,,,,,,,,,,,,126705000,,
2020-02-06,MX,Mexico,AMR,,0,,0,,,,Pre-Alpha,MEX,,,,,,,,,,,,,126705000,,
2020-02-07,MX,Mexico,AMR,,0,,0,,,,Pre-Alpha,MEX,,,,,,,,,,,,,126705000,,
2020-02-08,MX,Mexico,AMR,,0,,0,,,,Pre-Alpha,MEX,,,,,,,,,,,,,126705000,,
2020-02-09,MX,Mexico,AMR,,0,,0,,,,Pre-Alpha,MEX,,,,,,,,,,,,,126705000,,
2020-02-10,MX,Mexico,AMR,,0,,0,,,,Pre-Alpha,MEX,,,,,,,,,,,,,126705000,,
2020-02-11,MX,Mexico,AMR,,0,,0,,,,Pre-Alpha,MEX,,,,,,,,,,,,,126705000,,
2020-02-12,MX,Mexico,AMR,,0,,0,,,,Pre-Alpha,MEX,,,,,,,,,,,,,126705000,,
2020-02-13,MX,Mexico,AMR,,0,,0,,,,Pre-Alpha,MEX,,,,,,,,,,,,,126705000,,
2020-02-14,MX,Mexico,AMR,,0,,0,,,,Pre-Alpha,MEX,,,,,,,,,,,,,126705000,,
2020-02-15,MX,Mexico,AMR,,0,,0,,,,Pre-Alpha,MEX,,,,,,,,,,,,,126705000,,
2020-02-16,MX,Mexico,AMR,,0,,0,,,,Pre-Alpha,MEX,,,,,,,,,,,,,126705000,,
2020-02-17,MX,Mexico,AMR,,0,,0,,,,Pre-Alpha,MEX,,,,,,,,,,,,,126705000,,
2020-02-18,MX,Mexico,AMR,,0,,0,,,,Pre-Alpha,MEX,,,,,,,,,,,,,126705000,,
2020-02-19,MX,Mexico,AMR,,0,,0,,,,Pre-Alpha,MEX,,,,,,,,,,,,,126705000,,
2020-02-20,MX,Mexico,AMR,,0,,0,,,,Pre-Alpha,MEX,,,,,,,,,,,,,126705000,,
2020-02-21,MX,Mexico,AMR,1.0,1,,0,1.0,,,Pre-Alpha,MEX,,,,,,,,,,,,,126705000,0.007892348368256974,
2020-02-22,MX,Mexico,AMR,,1,,0,1.0,,,Pre-Alpha,MEX,,,,,,,,,,,,,126705000,0.007892348368256974,
2020-02-23,MX,Mexico,AMR,,1,,0,1.0,,,Pre-Alpha,MEX,,,,,,,,,,,,,126705000,0.007892348368256974,
2020-02-24,MX,Mexico,AMR,,1,,0,1.0,,,Pre-Alpha,MEX,,,,,,,,,,,,,126705000,0.007892348368256974,
2020-02-25,MX,Mexico,AMR,,1,,0,1.0,,,Pre-Alpha,MEX,,,,,,,,,,,,,126705000,0.007892348368256974,
2020-02-26,MX,Mexico,AMR,,1,,0,1.0,,,Pre-Alpha,MEX,,,,,,,,,,,,,126705000,0.007892348368256974,
2020-02-27,MX,Mexico,AMR,,1,,0,1.0,,,Pre-Alpha,MEX,,,,,,,,,,,,,126705000,0.007892348368256974,
2020-02-28,MX,Mexico,AMR,,1,,0,,,,Pre-Alpha,MEX,,,,,,,,,,,,,126705000,,
2020-02-29,MX,Mexico,AMR,3.0,4,,0,3.0,,,Pre-Alpha,MEX,,,,,,,,,,,,,126705000,0.023677045104770922,
2020-03-01,MX,Mexico,AMR,2.0,6,,0,2.5,,,Pre-Alpha,MEX,,,,,,,,,,,,,126705000,0.01973087092064244,
2020-03-02,MX,Mexico,AMR,2.0,8,,0,2.333333333333333,,,Pre-Alpha,MEX,,,,,,,,,,,,,126705000,0.018415479525932938,
2020-03-03,MX,Mexico,AMR,2.0,10,,0,2.25,,,Pre-Alpha,MEX,,,,,,,,,,,,,126705000,0.017757783828578195,
2020-03-04,MX,Mexico,AMR,5.0,15,,0,2.8,,,Pre-Alpha,MEX,,,,,,,,,,,,,126705000,0.022098575431119528,
2020-03-05,MX,Mexico,AMR,9.0,24,,0,3.8333333333333335,,,Pre-Alpha,MEX,,,,,,,,,,,,,126705000,0.03025400207831841,
2020-03-06,MX,Mexico,AMR,10.0,34,,0,4.714285714285714,,,Pre-Alpha,MEX,,,,,,,,,,,,,126705000,0.03720678516464003,
2020-03-07,MX,Mexico,AMR,11.0,45,,0,5.857142857142857,,,Pre-Alpha,MEX,,,,,,,,,,,,,126705000,0.046226611871219424,
2020-03-08,MX,Mexico,AMR,6.0,51,,0,6.428571428571429,,,Pre-Alpha,MEX,,,,,,,,,,,,,126705000,0.050736525224509124,
2020-03-09,MX,Mexico,AMR,7.0,58,,0,7.142857142857143,,,Pre-Alpha,MEX,,,,,,,,,,,,,126705000,0.05637391691612125,
2020-03-10,MX,Mexico,AMR,8.0,66,,0,8.0,,,Pre-Alpha,MEX,,,,,,,,,,,,,126705000,0.06313878694605579,
2020-03-11,MX,Mexico,AMR,5.0,71,,0,8.0,,,Pre-Alpha,MEX,,,,,,,,,,,,,126705000,0.06313878694605579,
2020-03-12,MX,Mexico,AMR,17.0,88,,0,9.142857142857142,,,Pre-Alpha,MEX,,,,,,,,,,,,,126705000,0.07215861365263519,
2020-03-13,MX,Mexico,AMR,39.0,127,,0,13.285714285714286,,,Pre-Alpha,MEX,,,,,,,,,,,,,126705000,0.10485548546398553,
2020-03-14,MX,Mexico,AMR,41.0,168,,0,17.571428571428573,,,Pre-Alpha,MEX,,,,,,,,,,,,,126705000,0.13867983561365826,
2020-03-15,MX,Mexico,AMR,66.0,234,,0,26.142857142857142,,,Pre-Alpha,MEX,,,,,,,,,,,,,126705000,0.20632853591300376,
2020-03-16,MX,Mexico,AMR,52.0,286,,0,32.57142857142857,,,Pre-Alpha,MEX,,,,,,,,,,,,,126705000,0.2570650611375129,
2020-03-17,MX,Mexico,AMR,37.0,323,,0,36.71428571428572,,,Pre-Alpha,MEX,,,,,,,,,,,,,126705000,0.28976193294886327,
2020-03-18,MX,Mexico,AMR,77.0,400,,0,47.0,,,Pre-Alpha,MEX,,,,,,,,,,,,,126705000,0.37094037330807783,
2020-03-19,MX,Mexico,AMR,104.0,504,,0,59.42857142857143,,,Pre-Alpha,MEX,,,,,,,,,,,,,126705000,0.4690309887421288,
2020-03-20,MX,Mexico,AMR,116.0,620,3.0,3,70.42857142857143,3.0,0.0425963488843813,Pre-Alpha,MEX,,,,,,,,,,,,0.0425963488843813,126705000,0.5558468207929556,0.023677045104770922
2020-03-21,MX,Mexico,AMR,151.0,771,,3,86.14285714285714,3.0,0.0348258706467661,Pre-Alpha,MEX,,,,,,,,,,,,0.0348258706467661,126705000,0.6798694380084221,0.023677045104770922
2020-03-22,MX,Mexico,AMR,132.0,903,1.0,4,95.57142857142856,2.0,0.0209267563527653,Pre-Alpha,MEX,,,,,,,,,,,,0.0209267563527653,126705000,0.7542830083377022,0.015784696736513948
2020-03-23,MX,Mexico,AMR,85.0,988,,4,100.28571428571428,2.0,0.0199430199430199,Pre-Alpha,MEX,,,,,,,,,,,,0.0199430199430199,126705000,0.7914897935023423,0.015784696736513948
2020-03-24,MX,Mexico,AMR,70.0,1058,2.0,6,105.0,2.0,0.019047619047619,Pre-Alpha,MEX,,,,,,,,,,,,0.019047619047619,126705000,0.8286965786669824,0.015784696736513948
2020-03-25,MX,Mexico,AMR,168.0,1226,1.0,7,118.0,1.75,0.0148305084745762,Pre-Alpha,MEX,,,,,,,,,,,,0.0148305084745762,126705000,0.931297107454323,0.013811609644449706
2020-03-26,MX,Mexico,AMR,220.0,1446,3.0,10,134.57142857142858,2.0,0.0148619957537154,Pre-Alpha,MEX,,,,,,,,,,,,0.0148619957537154,126705000,1.0620845946997244,0.015784696736513948
2020-03-27,MX,Mexico,AMR,185.0,1631,2.0,12,144.42857142857142,1.8,0.0124629080118694,Pre-Alpha,MEX,,,,,,,,,,,,0.0124629080118694,126705000,1.1398806000439716,0.014206227062862556
2020-03-28,MX,Mexico,AMR,224.0,1855,8.0,20,154.85714285714286,2.833333333333333,0.0182964329643296,Pre-Alpha,MEX,,,,,,,,,,,,0.0182964329643296,126705000,1.2221865187415086,0.02236165371006143
2020-03-29,MX,Mexico,AMR,262.0,2117,8.0,28,173.42857142857142,4.0,0.0230642504118616,Pre-Alpha,MEX,,,,,,,,,,,,0.0230642504118616,126705000,1.3687587027234238,0.031569393473027896
2020-03-30,MX,Mexico,AMR,191.0,2308,15.0,43,188.57142857142856,5.571428571428571,0.0295454545454545,Pre-Alpha,MEX,,,,,,,,,,,,0.0295454545454545,126705000,1.4882714065856009,0.04397165519457457
2020-03-31,MX,Mexico,AMR,166.0,2474,9.0,52,202.28571428571428,6.571428571428571,0.0324858757062146,Pre-Alpha,MEX,,,,,,,,,,,,0.0324858757062146,126705000,1.5965093270645538,0.051864003562831544
2020-04-01,MX,Mexico,AMR,345.0,2819,14.0,66,227.57142857142856,8.428571428571429,0.037037037037037,Pre-Alpha,MEX,,,,,,,,,,,,0.037037037037037,126705000,1.796072992947623,0.06652122196102309
2020-04-02,MX,Mexico,AMR,311.0,3130,26.0,92,240.57142857142856,11.714285714285714,0.0486935866983372,Pre-Alpha,MEX,,,,,,,,,,,,0.0486935866983372,126705000,1.8986735217349635,0.09245322374243885
2020-04-03,MX,Mexico,AMR,382.0,3512,22.0,114,268.7142857142857,14.571428571428571,0.0542264752791068,Pre-Alpha,MEX,,,,,,,,,,,,0.0542264752791068,126705000,2.1207867543844814,0.11500279050888734
2020-04-04,MX,Mexico,AMR,347.0,3859,26.0,140,286.2857142857143,17.142857142857142,0.059880239520958,Pre-Alpha,MEX,,,,,,,,,,,,0.059880239520958,126705000,2.25946658999814,0.135297400598691
2020-04-05,MX,Mexico,AMR,392.0,4251,34.0,174,304.85714285714283,20.857142857142858,0.0684161199625117,Pre-Alpha,MEX,,,,,,,,,,,,0.0684161199625117,126705000,2.406038773980055,0.16461183739507404
2020-04-06,MX,Mexico,AMR,250.0,4501,40.0,214,313.2857142857143,24.428571428571427,0.0779753761969904,Pre-Alpha,MEX,,,,,,,,,,,,0.0779753761969904,126705000,2.472559995941078,0.19279879585313467
2020-04-07,MX,Mexico,AMR,259.0,4760,33.0,247,326.57142857142856,27.857142857142858,0.0853018372703412,Pre-Alpha,MEX,,,,,,,,,,,,0.0853018372703412,126705000,2.577415481405063,0.21985827597287289
2020-04-08,MX,Mexico,AMR,631.0,5391,58.0,305,367.4285714285714,34.142857142857146,0.0929237947122861,Pre-Alpha,MEX,,,,,,,,,,,,0.0929237947122861,126705000,2.8998742861652764,0.2694673228590596
2020-04-09,MX,Mexico,AMR,515.0,5906,62.0,367,396.57142857142856,39.285714285714285,0.0990634005763688,Pre-Alpha,MEX,,,,,,,,,,,,0.0990634005763688,126705000,3.129879867183052,0.31005654303866687
2020-04-10,MX,Mexico,AMR,581.0,6487,49.0,416,425.0,43.142857142857146,0.1015126050420168,Pre-Alpha,MEX,,,,,,,,,,,,0.1015126050420168,126705000,3.3542480565092143,0.3404984581733724
2020-04-11,MX,Mexico,AMR,483.0,6970,62.0,478,444.4285714285714,48.285714285714285,0.1086467373834779,Pre-Alpha,MEX,,,,,,,,,,,,0.1086467373834779,126705000,3.507585110521064,0.38108767835297963
2020-04-12,MX,Mexico,AMR,572.0,7542,78.0,556,470.1428571428572,54.57142857142857,0.1160741415982983,Pre-Alpha,MEX,,,,,,,,,,,,0.1160741415982983,126705000,3.7105312114191014,0.4306967252391663
2020-04-13,MX,Mexico,AMR,464.0,8006,81.0,637,500.7142857142857,60.42857142857143,0.1206847360912981,Pre-Alpha,MEX,,,,,,,,,,,,0.1206847360912981,126705000,3.9518115758201002,0.47692333711038576
2020-04-14,MX,Mexico,AMR,479.0,8485,88.0,725,532.1428571428571,68.28571428571429,0.1283221476510067,Pre-Alpha,MEX,,,,,,,,,,,,0.1283221476510067,126705000,4.199856810251033,0.5389346457181192
2020-04-15,MX,Mexico,AMR,953.0,9438,102.0,827,578.1428571428571,74.57142857142857,0.128984432913269,Pre-Alpha,MEX,,,,,,,,,,,,0.128984432913269,126705000,4.562904835190853,0.5885436926043058
2020-04-16,MX,Mexico,AMR,936.0,10374,114.0,941,638.2857142857143,82.0,0.1284691136974037,Pre-Alpha,MEX,,,,,,,,,,,,0.1284691136974037,126705000,5.037573215624595,0.647172566197072
2020-04-17,MX,Mexico,AMR,985.0,11359,115.0,1056,696.0,91.42857142857144,0.1313628899835796,Pre-Alpha,MEX,,,,,,,,,,,,0.1313628899835796,126705000,5.493074464306854,0.7215861365263521
2020-04-18,MX,Mexico,AMR,996.0,12355,107.0,1163,769.2857142857143,97.85714285714286,0.1272051996285979,Pre-Alpha,MEX,,,,,,,,,,,,0.1272051996285979,126705000,6.071470851866258,0.7723226617508612
2020-04-19,MX,Mexico,AMR,1145.0,13500,142.0,1305,851.1428571428571,107.0,0.125713326619671,Pre-Alpha,MEX,,,,,,,,,,,,0.125713326619671,126705000,6.717515939725008,0.8444812754034963
2020-04-20,MX,Mexico,AMR,815.0,14315,137.0,1442,901.2857142857144,115.0,0.1275954984942146,Pre-Alpha,MEX,,,,,,,,,,,,0.1275954984942146,126705000,7.113260836476181,0.9076200623495521
2020-04-21,MX,Mexico,AMR,794.0,15109,181.0,1623,946.2857142857144,128.28571428571428,0.1355676328502415,Pre-Alpha,MEX,,,,,,,,,,,,0.1355676328502415,126705000,7.468416513047744,1.0124755478135377
2020-04-22,MX,Mexico,AMR,1521.0,16630,211.0,1834,1027.428571428571,143.85714285714286,0.1400166852057842,Pre-Alpha,MEX,,,,,,,,,,,,0.1400166852057842,126705000,8.108824209214879,1.135370686690682
2020-04-23,MX,Mexico,AMR,1471.0,18101,215.0,2049,1103.857142857143,158.28571428571428,0.1433932962339847,Pre-Alpha,MEX,,,,,,,,,,,,0.1433932962339847,126705000,8.712025120217378,1.2492459988612468
2020-04-24,MX,Mexico,AMR,1423.0,19524,216.0,2265,1166.428571428571,172.71428571428572,0.1480710349050827,Pre-Alpha,MEX,,,,,,,,,,,,0.1480710349050827,126705000,9.205860632402597,1.3631213110318119
2020-04-25,MX,Mexico,AMR,1506.0,21030,230.0,2495,1239.2857142857142,190.28571428571428,0.1535446685878962,Pre-Alpha,MEX,,,,,,,,,,,,0.1535446685878962,126705000,9.780874584947037,1.50180114664547
2020-04-26,MX,Mexico,AMR,1734.0,22764,263.0,2758,1323.428571428571,207.57142857142856,0.1568436960276338,Pre-Alpha,MEX,,,,,,,,,,,,0.1568436960276338,126705000,10.444959326218942,1.6382260255824832
2020-04-27,MX,Mexico,AMR,1164.0,23928,290.0,3048,1373.2857142857142,229.42857142857144,0.1670654322271923,Pre-Alpha,MEX,,,,,,,,,,,,0.1670654322271923,126705000,10.838449266293471,1.8107302113458146
2020-04-28,MX,Mexico,AMR,1117.0,25045,310.0,3358,1419.428571428571,247.8571428571429,0.1746175523349436,Pre-Alpha,MEX,,,,,,,,,,,,0.1746175523349436,126705000,11.202624769571612,1.9561749169894074
2020-04-29,MX,Mexico,AMR,1942.0,26987,285.0,3643,1479.571428571429,258.42857142857144,0.1746644781307328,Pre-Alpha,MEX,,,,,,,,,,,,0.1746644781307328,126705000,11.677293150005358,2.039608314025267
2020-04-30,MX,Mexico,AMR,1961.0,28948,326.0,3969,1549.571428571429,274.2857142857143,0.1770074675025352,Pre-Alpha,MEX,,,,,,,,,,,,0.1770074675025352,126705000,12.229757535783348,2.164758409579056
2020-05-01,MX,Mexico,AMR,1948.0,30896,386.0,4355,1624.571428571429,298.57142857142856,0.1837847344354554,Pre-Alpha,MEX,,,,,,,,,,,,0.1837847344354554,126705000,12.82168366340262,2.356429727093868
2020-05-02,MX,Mexico,AMR,1884.0,32780,354.0,4709,1678.571428571429,316.2857142857143,0.1884255319148936,Pre-Alpha,MEX,,,,,,,,,,,,0.1884255319148936,126705000,13.247870475288497,2.4962370410458488
2020-05-03,MX,Mexico,AMR,1555.0,34335,410.0,5119,1653.0,337.2857142857143,0.2040445942442312,Pre-Alpha,MEX,,,,,,,,,,,,0.2040445942442312,126705000,13.046051852728779,2.6619763567792454
2020-05-04,MX,Mexico,AMR,1493.0,35828,358.0,5477,1700.0,347.0,0.2041176470588235,Pre-Alpha,MEX,,,,,,,,,,,,0.2041176470588235,126705000,13.416992226036857,2.7386448837851702
2020-05-05,MX,Mexico,AMR,1377.0,37205,369.0,5846,1737.142857142857,355.42857142857144,0.2046052631578947,Pre-Alpha,MEX,,,,,,,,,,,,0.2046052631578947,126705000,13.710136594000687,2.8051661057461934
2020-05-06,MX,Mexico,AMR,2642.0,39847,461.0,6307,1837.142857142857,380.57142857142856,0.207153965785381,Pre-Alpha,MEX,,,,,,,,,,,,0.207153965785381,126705000,14.499371430826384,3.00360229329094
2020-05-07,MX,Mexico,AMR,2234.0,42081,449.0,6756,1876.142857142857,398.1428571428572,0.2122135079570547,Pre-Alpha,MEX,,,,,,,,,,,,0.2122135079570547,126705000,14.807173017188406,3.142282128904599
2020-05-08,MX,Mexico,AMR,2389.0,44470,414.0,7170,1939.142857142857,402.1428571428572,0.2073817592456166,Pre-Alpha,MEX,,,,,,,,,,,,0.2073817592456166,126705000,15.304390964388597,3.173851522377627
2020-05-09,MX,Mexico,AMR,2531.0,47001,403.0,7573,2031.571428571429,409.1428571428572,0.2013923071513958,Pre-Alpha,MEX,,,,,,,,,,,,0.2013923071513958,126705000,16.033869449283205,3.229097960955426
2020-05-10,MX,Mexico,AMR,2530.0,49531,439.0,8012,2170.8571428571427,413.2857142857143,0.1903790471176625,Pre-Alpha,MEX,,,,,,,,,,,,0.1903790471176625,126705000,17.13316082914757,3.2617948327667756
2020-05-11,MX,Mexico,AMR,1657.0,51188,418.0,8430,2194.285714285714,421.8571428571428,0.1922526041666666,Pre-Alpha,MEX,,,,,,,,,,,,0.1922526041666666,126705000,17.318067276632448,3.3294435330661205
2020-05-12,MX,Mexico,AMR,1552.0,52740,457.0,8887,2219.285714285714,434.4285714285714,0.1957515288059221,Pre-Alpha,MEX,,,,,,,,,,,,0.1957515288059221,126705000,17.515375985838872,3.4286616268384944
2020-05-13,MX,Mexico,AMR,3118.0,55858,460.0,9347,2287.285714285714,434.2857142857143,0.1898694647429891,Pre-Alpha,MEX,,,,,,,,,,,,0.1898694647429891,126705000,18.052055674880343,3.427534148500172
2020-05-14,MX,Mexico,AMR,3070.0,58928,487.0,9834,2406.714285714286,439.7142857142857,0.1827031518964801,Pre-Alpha,MEX,,,,,,,,,,,,0.1827031518964801,126705000,18.99462756571789,3.470378325356424
2020-05-15,MX,Mexico,AMR,3230.0,62158,490.0,10324,2526.8571428571427,450.57142857142856,0.1783129805517865,Pre-Alpha,MEX,,,,,,,,,,,,0.1783129805517865,126705000,19.94283684824705,3.556066679068928
2020-05-16,MX,Mexico,AMR,3217.0,65375,546.0,10870,2624.8571428571427,471.0,0.1794383367802329,Pre-Alpha,MEX,,,,,,,,,,,,0.1794383367802329,126705000,20.716286988336236,3.7172960814490352
2020-05-17,MX,Mexico,AMR,3694.0,69069,556.0,11426,2791.1428571428573,487.7142857142857,0.1747364110963251,Pre-Alpha,MEX,,,,,,,,,,,,0.1747364110963251,126705000,22.028671774143543,3.8492110470327594
2020-05-18,MX,Mexico,AMR,2270.0,71339,534.0,11960,2878.714285714286,504.2857142857143,0.1751774105503449,Pre-Alpha,MEX,,,,,,,,,,,,0.1751774105503449,126705000,22.719815995535185,3.9799985342781605
2020-05-19,MX,Mexico,AMR,1739.0,73078,587.0,12547,2905.428571428572,522.8571428571429,0.1799586980037368,Pre-Alpha,MEX,,,,,,,,,,,,0.1799586980037368,126705000,22.930654444801483,4.1265707182600755
2020-05-20,MX,Mexico,AMR,4181.0,77259,591.0,13138,3057.285714285714,541.5714285714286,0.1771412550815382,Pre-Alpha,MEX,,,,,,,,,,,,0.1771412550815382,126705000,24.129163918438216,4.274270380580313
2020-05-21,MX,Mexico,AMR,3710.0,80969,579.0,13717,3148.714285714286,554.7142857142857,0.1761716800508143,Pre-Alpha,MEX,,,,,,,,,,,,0.1761716800508143,126705000,24.85075005496457,4.3779983877059765
2020-05-22,MX,Mexico,AMR,4052.0,85021,571.0,14288,3266.1428571428573,566.2857142857143,0.1733805712286226,Pre-Alpha,MEX,,,,,,,,,,,,0.1733805712286226,126705000,25.777537249065603,4.469324133110093
2020-05-23,MX,Mexico,AMR,4103.0,89124,572.0,14860,3392.714285714286,570.0,0.1680070739820624,Pre-Alpha,MEX,,,,,,,,,,,,0.1680070739820624,126705000,26.776483056819274,4.498638569906476
2020-05-24,MX,Mexico,AMR,4132.0,93256,560.0,15420,3455.285714285714,570.5714285714286,0.1651300285277215,Pre-Alpha,MEX,,,,,,,,,,,,0.1651300285277215,126705000,27.270318569004495,4.503148483259765
2020-05-25,MX,Mexico,AMR,2416.0,95672,539.0,15959,3476.1428571428573,571.2857142857143,0.1643447170509185,Pre-Alpha,MEX,,,,,,,,,,,,0.1643447170509185,126705000,27.43493040639957,4.5087858749513785
2020-05-26,MX,Mexico,AMR,2002.0,97674,608.0,16567,3513.714285714286,574.2857142857143,0.1634412099528378,Pre-Alpha,MEX,,,,,,,,,,,,0.1634412099528378,126705000,27.731457209378366,4.532462920056148
2020-05-27,MX,Mexico,AMR,4788.0,102462,628.0,17195,3600.428571428572,579.5714285714286,0.1609729000515811,Pre-Alpha,MEX,,,,,,,,,,,,0.1609729000515811,126705000,28.415836560740082,4.574179618574078
2020-05-28,MX,Mexico,AMR,4423.0,106885,611.0,17806,3702.285714285714,584.1428571428571,0.1577789782373823,Pre-Alpha,MEX,,,,,,,,,,,,0.1577789782373823,126705000,29.219728615963966,4.610258925400395
2020-05-29,MX,Mexico,AMR,4566.0,111451,594.0,18400,3775.714285714286,587.4285714285714,0.1555807794173287,Pre-Alpha,MEX,,,,,,,,,,,,0.1555807794173287,126705000,29.799252481861693,4.636190927181811
2020-05-30,MX,Mexico,AMR,4310.0,115761,623.0,19023,3805.285714285714,594.7142857142857,0.1562863685850508,Pre-Alpha,MEX,,,,,,,,,,,,0.1562863685850508,126705000,30.032640497894434,4.693692322436254
2020-05-31,MX,Mexico,AMR,4468.0,120229,575.0,19598,3853.285714285714,596.8571428571429,0.1548956363771178,Pre-Alpha,MEX,,,,,,,,,,,,0.1548956363771178,126705000,30.41147321957077,4.710604497511092
2020-06-01,MX,Mexico,AMR,2822.0,123051,609.0,20207,3911.285714285714,606.8571428571429,0.1551554110814858,Pre-Alpha,MEX,,,,,,,,,,,,0.1551554110814858,126705000,30.869229424929674,4.789527981193662
2020-06-02,MX,Mexico,AMR,2199.0,125250,634.0,20841,3939.428571428572,610.5714285714286,0.1549898462431099,Pre-Alpha,MEX,,,,,,,,,,,,0.1549898462431099,126705000,31.091342657579194,4.8188424179900435
2020-06-03,MX,Mexico,AMR,5453.0,130703,691.0,21532,4034.428571428572,619.5714285714286,0.1535710491838107,Pre-Alpha,MEX,,,,,,,,,,,,0.1535710491838107,126705000,31.84111575256361,4.889873553304358
2020-06-04,MX,Mexico,AMR,4837.0,135540,649.0,22181,4093.571428571429,625.0,0.1526784156342697,Pre-Alpha,MEX,,,,,,,,,,,,0.1526784156342697,126705000,32.307891784629085,4.9327177301606095
2020-06-05,MX,Mexico,AMR,5073.0,140613,676.0,22857,4166.0,636.7142857142857,0.1528358823125985,Pre-Alpha,MEX,,,,,,,,,,,,0.1528358823125985,126705000,32.87952330215856,5.025170953903048
2020-06-06,MX,Mexico,AMR,5013.0,145626,656.0,23513,4266.428571428572,641.4285714285714,0.1503432111166917,Pre-Alpha,MEX,,,,,,,,,,,,0.1503432111166917,126705000,33.67214057399922,5.062377739067688
2020-06-07,MX,Mexico,AMR,5159.0,150785,597.0,24110,4365.142857142857,644.5714285714286,0.1476633067155386,Pre-Alpha,MEX,,,,,,,,,,,,0.1476633067155386,126705000,34.45122810578002,5.087182262510781
2020-06-08,MX,Mexico,AMR,3149.0,153934,667.0,24777,4411.857142857143,652.8571428571429,0.147977851892627,Pre-Alpha,MEX,,,,,,,,,,,,0.147977851892627,126705000,34.81991352241145,5.152576006133482
2020-06-09,MX,Mexico,AMR,2468.0,156402,688.0,25465,4450.285714285715,660.5714285714286,0.1484334874165382,Pre-Alpha,MEX,,,,,,,,,,,,0.1484334874165382,126705000,35.12320519542019,5.213459836402893
2020-06-10,MX,Mexico,AMR,6291.0,162693,738.0,26203,4570.0,667.2857142857143,0.1460143794935917,Pre-Alpha,MEX,,,,,,,,,,,,0.1460143794935917,126705000,36.06803204293438,5.266451318304048
2020-06-11,MX,Mexico,AMR,5873.0,168566,691.0,26894,4718.0,673.2857142857143,0.1427057469872222,Pre-Alpha,MEX,,,,,,,,,,,,0.1427057469872222,126705000,37.23609960143641,5.3138054085135895
2020-06-12,MX,Mexico,AMR,5826.0,174392,706.0,27600,4825.571428571428,677.5714285714286,0.1404126824358329,Pre-Alpha,MEX,,,,,,,,,,,,0.1404126824358329,126705000,38.08509079019319,5.3476297586632615
2020-06-13,MX,Mexico,AMR,5471.0,179863,670.0,28270,4891.0,679.5714285714286,0.1389432485322896,Pre-Alpha,MEX,,,,,,,,,,,,0.1389432485322896,126705000,38.60147586914486,5.363414455399775
2020-06-14,MX,Mexico,AMR,5744.0,185607,731.0,29001,4974.571428571428,698.7142857142857,0.1404571822411119,Pre-Alpha,MEX,,,,,,,,,,,,0.1404571822411119,126705000,39.26105069706348,5.514496552734981
2020-06-15,MX,Mexico,AMR,3231.0,188838,696.0,29697,4986.285714285715,702.8571428571429,0.1409580563832225,Pre-Alpha,MEX,,,,,,,,,,,,0.1409580563832225,126705000,39.35350392080592,5.5471934245463315
2020-06-16,MX,Mexico,AMR,2702.0,191540,719.0,30416,5019.714285714285,707.2857142857143,0.1409015880243611,Pre-Alpha,MEX,,,,,,,,,,,,0.1409015880243611,126705000,39.61733385197336,5.582145253034326
2020-06-17,MX,Mexico,AMR,6690.0,198230,714.0,31130,5076.714285714285,703.8571428571429,0.138644229957509,Pre-Alpha,MEX,,,,,,,,,,,,0.138644229957509,126705000,40.06719770896402,5.555085772914588
2020-06-18,MX,Mexico,AMR,6476.0,204706,775.0,31905,5162.857142857143,715.8571428571429,0.1386552296624239,Pre-Alpha,MEX,,,,,,,,,,,,0.1386552296624239,126705000,40.74706714697244,5.649793953333671
2020-06-19,MX,Mexico,AMR,6180.0,210886,752.0,32657,5213.428571428572,722.4285714285714,0.1385707239546226,Pre-Alpha,MEX,,,,,,,,,,,,0.1385707239546226,126705000,41.14619447873858,5.701657956896503
2020-06-20,MX,Mexico,AMR,6146.0,217032,679.0,33336,5309.857142857143,723.7142857142857,0.1362963760122682,Pre-Alpha,MEX,,,,,,,,,,,,0.1362963760122682,126705000,41.90724235710621,5.711805261941405
2020-06-21,MX,Mexico,AMR,6162.0,223194,651.0,33987,5369.571428571428,712.2857142857143,0.1326522467874531,Pre-Alpha,MEX,,,,,,,,,,,,0.1326522467874531,126705000,42.378528302524984,5.621606994875611
2020-06-22,MX,Mexico,AMR,3736.0,226930,618.0,34605,5441.714285714285,701.1428571428571,0.128845951905912,Pre-Alpha,MEX,,,,,,,,,,,,0.128845951905912,126705000,42.94790486337781,5.533663684486461
2020-06-23,MX,Mexico,AMR,2610.0,229540,692.0,35297,5428.571428571428,697.2857142857143,0.1284473684210526,Pre-Alpha,MEX,,,,,,,,,,,,0.1284473684210526,126705000,42.84417685625215,5.503221769351756
2020-06-24,MX,Mexico,AMR,7014.0,236554,669.0,35966,5474.857142857143,690.8571428571429,0.1261872455902306,Pre-Alpha,MEX,,,,,,,,,,,,0.1261872455902306,126705000,43.209479837868614,5.4524852441272476
2020-06-25,MX,Mexico,AMR,6617.0,243171,643.0,36609,5495.0,672.0,0.1222929936305732,Pre-Alpha,MEX,,,,,,,,,,,,0.1222929936305732,126705000,43.36845428357208,5.3036581034686865
2020-06-26,MX,Mexico,AMR,6369.0,249540,649.0,37258,5522.0,657.2857142857143,0.1190303720184198,Pre-Alpha,MEX,,,,,,,,,,,,0.1190303720184198,126705000,43.58154768951501,5.187527834621478
2020-06-27,MX,Mexico,AMR,6342.0,255882,627.0,37885,5550.0,649.8571428571429,0.1170913770913771,Pre-Alpha,MEX,,,,,,,,,,,,0.1170913770913771,126705000,43.80253344382621,5.128898961028711
2020-06-28,MX,Mexico,AMR,6618.0,262500,671.0,38556,5615.142857142857,652.7142857142857,0.1162417951457792,Pre-Alpha,MEX,,,,,,,,,,,,0.1162417951457792,126705000,44.316663566101234,5.15144852779516
2020-06-29,MX,Mexico,AMR,3779.0,266279,699.0,39255,5621.285714285715,664.2857142857143,0.1181732699687412,Pre-Alpha,MEX,,,,,,,,,,,,0.1181732699687412,126705000,44.365145134649104,5.242774273199276
2020-06-30,MX,Mexico,AMR,3065.0,269344,691.0,39946,5686.285714285715,664.1428571428571,0.1167973068033363,Pre-Alpha,MEX,,,,,,,,,,,,0.1167973068033363,126705000,44.878147778585806,5.241646794860953
2020-07-01,MX,Mexico,AMR,7563.0,276907,760.0,40706,5764.714285714285,677.1428571428571,0.1174633856218868,Pre-Alpha,MEX,,,,,,,,,,,,0.1174633856218868,126705000,45.49713338632481,5.344247323648294
2020-07-02,MX,Mexico,AMR,7229.0,284136,719.0,41425,5852.142857142857,688.0,0.1175637739533748,Pre-Alpha,MEX,,,,,,,,,,,,0.1175637739533748,126705000,46.18715012937814,5.429935677360799
2020-07-03,MX,Mexico,AMR,7696.0,291832,693.0,42118,6041.714285714285,694.2857142857143,0.1149153504208834,Pre-Alpha,MEX,,,,,,,,,,,,0.1149153504208834,126705000,47.683313884331994,5.479544724246987
2020-07-04,MX,Mexico,AMR,7100.0,298932,703.0,42821,6150.0,705.1428571428571,0.11465737514518,Pre-Alpha,MEX,,,,,,,,,,,,0.11465737514518,126705000,48.5379424647804,5.56523307795949
2020-07-05,MX,Mexico,AMR,7121.0,306053,706.0,43527,6221.857142857143,710.1428571428571,0.1141367988427892,Pre-Alpha,MEX,,,,,,,,,,,,0.1141367988427892,126705000,49.10506406895658,5.604694819800774
2020-07-06,MX,Mexico,AMR,3760.0,309813,738.0,44265,6219.142857142857,715.7142857142857,0.115082464280792,Pre-Alpha,MEX,,,,,,,,,,,,0.115082464280792,126705000,49.08364198052845,5.648666474995348
2020-07-07,MX,Mexico,AMR,3103.0,312916,753.0,45018,6224.571428571428,724.5714285714286,0.116405030753695,Pre-Alpha,MEX,,,,,,,,,,,,0.116405030753695,126705000,49.1264861573847,5.718570131971339
2020-07-08,MX,Mexico,AMR,7883.0,320799,827.0,45845,6270.285714285715,734.1428571428571,0.1170828396974391,Pre-Alpha,MEX,,,,,,,,,,,,0.1170828396974391,126705000,49.48727922564788,5.794111180638942
2020-07-09,MX,Mexico,AMR,7927.0,328726,824.0,46669,6370.0,749.1428571428571,0.1176048441354563,Pre-Alpha,MEX,,,,,,,,,,,,0.1176048441354563,126705000,50.27425910579693,5.912496406162796
2020-07-10,MX,Mexico,AMR,7453.0,336179,740.0,47409,6335.285714285715,755.8571428571429,0.1193090851692335,Pre-Alpha,MEX,,,,,,,,,,,,0.1193090851692335,126705000,50.00028186958458,5.965487888063951
2020-07-11,MX,Mexico,AMR,7059.0,343238,764.0,48173,6329.428571428572,764.5714285714286,0.120796280413488,Pre-Alpha,MEX,,,,,,,,,,,,0.120796280413488,126705000,49.95405525771336,6.034264066701619
2020-07-12,MX,Mexico,AMR,7221.0,350459,728.0,48901,6343.714285714285,767.7142857142857,0.1210196820249515,Pre-Alpha,MEX,,,,,,,,,,,,0.1210196820249515,126705000,50.0668030915456,6.059068590144712
2020-07-13,MX,Mexico,AMR,3927.0,354386,742.0,49643,6367.571428571428,768.2857142857143,0.1206560025127319,Pre-Alpha,MEX,,,,,,,,,,,,0.1206560025127319,126705000,50.25509197404545,6.063578503498002
2020-07-14,MX,Mexico,AMR,3278.0,357664,759.0,50402,6392.571428571428,769.1428571428571,0.1203182265129167,Pre-Alpha,MEX,,,,,,,,,,,,0.1203182265129167,126705000,50.452400683251874,6.070343373527936
2020-07-15,MX,Mexico,AMR,8927.0,366591,836.0,51238,6541.714285714285,770.4285714285714,0.1177716631726065,Pre-Alpha,MEX,,,,,,,,,,,,0.1177716631726065,126705000,51.62948806846048,6.080490678572838
2020-07-16,MX,Mexico,AMR,8463.0,375054,808.0,52046,6618.285714285715,768.1428571428571,0.1160637195648419,Pre-Alpha,MEX,,,,,,,,,,,,0.1160637195648419,126705000,52.23381645780131,6.062451025159679
2020-07-17,MX,Mexico,AMR,8864.0,383918,804.0,52850,6819.857142857143,777.2857142857143,0.1139738997465384,Pre-Alpha,MEX,,,,,,,,,,,,0.1139738997465384,126705000,53.82468839317425,6.134609638812315
2020-07-18,MX,Mexico,AMR,8266.0,392184,815.0,53665,6992.285714285715,784.5714285714286,0.1122052874596494,Pre-Alpha,MEX,,,,,,,,,,,,0.1122052874596494,126705000,55.185554747529416,6.192111034066758
2020-07-19,MX,Mexico,AMR,8050.0,400234,770.0,54435,7110.714285714285,790.5714285714286,0.1111803114013058,Pre-Alpha,MEX,,,,,,,,,,,,0.1111803114013058,126705000,56.1202342899987,6.2394651242762995
2020-07-20,MX,Mexico,AMR,4453.0,404687,747.0,55182,7185.857142857143,791.2857142857143,0.1101170950875728,Pre-Alpha,MEX,,,,,,,,,,,,0.1101170950875728,126705000,56.7132878959563,6.245102515967913
2020-07-21,MX,Mexico,AMR,3501.0,408188,803.0,55985,7217.714285714285,797.5714285714286,0.1105019396722349,Pre-Alpha,MEX,,,,,,,,,,,,0.1105019396722349,126705000,56.9647155654022,6.294711562854098
2020-07-22,MX,Mexico,AMR,9133.0,417321,804.0,56789,7247.142857142857,793.0,0.1094224324857086,Pre-Alpha,MEX,,,,,,,,,,,,0.1094224324857086,126705000,57.19697610309662,6.258632256027781
2020-07-23,MX,Mexico,AMR,8660.0,425981,840.0,57629,7275.285714285715,797.5714285714286,0.1096275060380544,Pre-Alpha,MEX,,,,,,,,,,,,0.1096275060380544,126705000,57.419089335746136,6.294711562854098
2020-07-24,MX,Mexico,AMR,8304.0,434285,752.0,58381,7195.285714285715,790.1428571428571,0.1098139654932793,Pre-Alpha,MEX,,,,,,,,,,,,0.1098139654932793,126705000,56.78770146628558,6.236082689261332
2020-07-25,MX,Mexico,AMR,8097.0,442382,785.0,59166,7171.142857142857,785.8571428571429,0.1095860392844336,Pre-Alpha,MEX,,,,,,,,,,,,0.1095860392844336,126705000,56.597157627109084,6.20225833911166
2020-07-26,MX,Mexico,AMR,8029.0,450411,733.0,59899,7168.142857142857,780.5714285714286,0.1088945134224844,Pre-Alpha,MEX,,,,,,,,,,,,0.1088945134224844,126705000,56.573480582004315,6.16054164059373
2020-07-27,MX,Mexico,AMR,4211.0,454622,779.0,60678,7133.571428571428,785.1428571428571,0.1100630820066086,Pre-Alpha,MEX,,,,,,,,,,,,0.1100630820066086,126705000,56.30063082413029,6.1966209474200475
2020-07-28,MX,Mexico,AMR,3070.0,457692,785.0,61463,7072.0,782.5714285714286,0.1106577246283128,Pre-Alpha,MEX,,,,,,,,,,,,0.1106577246283128,126705000,55.814687660313325,6.176326337330243
2020-07-29,MX,Mexico,AMR,8527.0,466219,809.0,62272,6985.428571428572,783.2857142857143,0.112131375516381,Pre-Alpha,MEX,,,,,,,,,,,,0.112131375516381,126705000,55.13143578728994,6.181963729021856
2020-07-30,MX,Mexico,AMR,8202.0,474421,778.0,63050,6920.0,774.4285714285714,0.1119116432700247,Pre-Alpha,MEX,,,,,,,,,,,,0.1119116432700247,126705000,54.615050708338266,6.112060072045867
2020-07-31,MX,Mexico,AMR,7674.0,482095,685.0,63735,6830.0,764.8571428571429,0.1119849403890399,Pre-Alpha,MEX,,,,,,,,,,,,0.1119849403890399,126705000,53.90473935519514,6.036519023378264
2020-08-01,MX,Mexico,AMR,7576.0,489671,748.0,64483,6755.571428571428,759.5714285714286,0.1124362959673497,Pre-Alpha,MEX,,,,,,,,,,,,0.1124362959673497,126705000,53.317323140929155,5.994802324860333
2020-08-02,MX,Mexico,AMR,6739.0,496410,674.0,65157,6571.285714285715,751.1428571428571,0.1143068327572338,Pre-Alpha,MEX,,,,,,,,,,,,0.1143068327572338,126705000,51.86287608449323,5.92828110289931
2020-08-03,MX,Mexico,AMR,3834.0,500244,735.0,65892,6517.428571428572,744.8571428571429,0.1142869668142562,Pre-Alpha,MEX,,,,,,,,,,,,0.1142869668142562,126705000,51.43781675094567,5.878672056013125
2020-08-04,MX,Mexico,AMR,2563.0,502807,697.0,66589,6445.0,732.2857142857143,0.1136207469799401,Pre-Alpha,MEX,,,,,,,,,,,,0.1136207469799401,126705000,50.8661852334162,5.77945396224075
2020-08-05,MX,Mexico,AMR,7537.0,510344,759.0,67348,6303.571428571428,725.1428571428571,0.1150368271954674,Pre-Alpha,MEX,,,,,,,,,,,,0.1150368271954674,126705000,49.749981678477,5.723080045324629
2020-08-06,MX,Mexico,AMR,7393.0,517737,777.0,68125,6188.0,725.0,0.1171622495151906,Pre-Alpha,MEX,,,,,,,,,,,,0.1171622495151906,126705000,48.83785170277416,5.721952566986307
2020-08-07,MX,Mexico,AMR,7179.0,524916,720.0,68845,6117.285714285715,730.0,0.1193339716494243,Pre-Alpha,MEX,,,,,,,,,,,,0.1193339716494243,126705000,48.279749925304564,5.761414308827591
2020-08-08,MX,Mexico,AMR,6678.0,531594,694.0,69539,5989.0,722.2857142857143,0.1206020561505617,Pre-Alpha,MEX,,,,,,,,,,,,0.1206020561505617,126705000,47.26727437749102,5.700530478558181
2020-08-09,MX,Mexico,AMR,6630.0,538224,645.0,70184,5973.428571428572,718.1428571428571,0.1202228918544028,Pre-Alpha,MEX,,,,,,,,,,,,0.1202228918544028,126705000,47.14437923861388,5.6678336067468305
2020-08-10,MX,Mexico,AMR,3682.0,541906,682.0,70866,5951.714285714285,710.5714285714286,0.1193893716096202,Pre-Alpha,MEX,,,,,,,,,,,,0.1193893716096202,126705000,46.97300253118887,5.608077254815742
2020-08-11,MX,Mexico,AMR,2442.0,544348,652.0,71518,5934.428571428572,704.1428571428571,0.1186538600418863,Pre-Alpha,MEX,,,,,,,,,,,,0.1186538600418863,126705000,46.836577652251854,5.557340729591233
2020-08-12,MX,Mexico,AMR,7271.0,551619,676.0,72194,5896.428571428572,692.2857142857143,0.1174076317383404,Pre-Alpha,MEX,,,,,,,,,,,,0.1174076317383404,126705000,46.53666841425809,5.463760027510472
2020-08-13,MX,Mexico,AMR,6881.0,558500,700.0,72894,5823.285714285715,681.2857142857143,0.1169933518141451,Pre-Alpha,MEX,,,,,,,,,,,,0.1169933518141451,126705000,45.95939950503701,5.376944195459646
2020-08-14,MX,Mexico,AMR,6501.0,565001,618.0,73512,5726.428571428572,666.7142857142857,0.1164275913683422,Pre-Alpha,MEX,,,,,,,,,,,,0.1164275913683422,126705000,45.1949691916544,5.261941404950757
2020-08-15,MX,Mexico,AMR,6456.0,571457,614.0,74126,5694.714285714285,655.2857142857143,0.1150691117075985,Pre-Alpha,MEX,,,,,,,,,,,,0.1150691117075985,126705000,44.944669000546824,5.171743137884964
2020-08-16,MX,Mexico,AMR,6219.0,577676,580.0,74706,5636.0,646.0,0.1146202980837473,Pre-Alpha,MEX,,,,,,,,,,,,0.1146202980837473,126705000,44.48127540349631,5.098457045894006
2020-08-17,MX,Mexico,AMR,3255.0,580931,586.0,75292,5575.0,632.2857142857143,0.1134144778987828,Pre-Alpha,MEX,,,,,,,,,,,,0.1134144778987828,126705000,43.99984215303264,4.990219125415054
2020-08-18,MX,Mexico,AMR,2340.0,583271,576.0,75868,5560.428571428572,621.4285714285714,0.1117591141484469,Pre-Alpha,MEX,,,,,,,,,,,,0.1117591141484469,126705000,43.88483936252375,4.904530771702548
2020-08-19,MX,Mexico,AMR,6903.0,590174,627.0,76495,5507.857142857143,614.4285714285714,0.1115549215406562,Pre-Alpha,MEX,,,,,,,,,,,,0.1115549215406562,126705000,43.469927334021094,4.84928433312475
2020-08-20,MX,Mexico,AMR,6732.0,596906,567.0,77062,5486.571428571428,595.4285714285714,0.108524709680779,Pre-Alpha,MEX,,,,,,,,,,,,0.108524709680779,126705000,43.30193306161105,4.699329714127868
2020-08-21,MX,Mexico,AMR,6299.0,603205,585.0,77647,5457.714285714285,590.7142857142857,0.1082347398178201,Pre-Alpha,MEX,,,,,,,,,,,,0.1082347398178201,126705000,43.074182437269926,4.662122928963227
2020-08-22,MX,Mexico,AMR,6031.0,609236,565.0,78212,5397.0,583.7142857142857,0.1081553243865639,Pre-Alpha,MEX,,,,,,,,,,,,0.1081553243865639,126705000,42.595004143482896,4.606876490385428
2020-08-23,MX,Mexico,AMR,6307.0,615543,559.0,78771,5409.571428571428,580.7142857142857,0.1073494071355005,Pre-Alpha,MEX,,,,,,,,,,,,0.1073494071355005,126705000,42.69422223725527,4.583199445280656
2020-08-24,MX,Mexico,AMR,3163.0,618706,573.0,79344,5396.428571428572,578.8571428571429,0.1072667107875579,Pre-Alpha,MEX,,,,,,,,,,,,0.1072667107875579,126705000,42.59049423012961,4.5685422268824665
2020-08-25,MX,Mexico,AMR,2356.0,621062,525.0,79869,5398.714285714285,571.5714285714286,0.1058717684104681,Pre-Alpha,MEX,,,,,,,,,,,,0.1058717684104681,126705000,42.608533883542755,4.511040831628023
2020-08-26,MX,Mexico,AMR,7099.0,628161,541.0,80410,5426.714285714285,559.2857142857143,0.1030615736962645,Pre-Alpha,MEX,,,,,,,,,,,,0.1030615736962645,126705000,42.82951963785395,4.414077694532295
2020-08-27,MX,Mexico,AMR,6697.0,634858,545.0,80955,5421.714285714285,556.1428571428571,0.1025769392917369,Pre-Alpha,MEX,,,,,,,,,,,,0.1025769392917369,126705000,42.79005789601267,4.3892731710892
2020-08-28,MX,Mexico,AMR,7037.0,641895,521.0,81476,5527.142857142857,547.0,0.0989661411217368,Pre-Alpha,MEX,,,,,,,,,,,,0.0989661411217368,126705000,43.62213690969462,4.317114557436565
2020-08-29,MX,Mexico,AMR,6541.0,648436,494.0,81970,5600.0,536.8571428571429,0.0958673469387755,Pre-Alpha,MEX,,,,,,,,,,,,0.0958673469387755,126705000,44.19715086223906,4.237063595415673
2020-08-30,MX,Mexico,AMR,6337.0,654773,532.0,82502,5604.285714285715,533.0,0.0951057863879683,Pre-Alpha,MEX,,,,,,,,,,,,0.0951057863879683,126705000,44.230975212388735,4.206621680280968
2020-08-31,MX,Mexico,AMR,3167.0,657940,512.0,83014,5604.857142857143,524.2857142857143,0.0935413162053321,Pre-Alpha,MEX,,,,,,,,,,,,0.0935413162053321,126705000,44.235485125742024,4.1378455016433
2020-09-01,MX,Mexico,AMR,2245.0,660185,527.0,83541,5589.0,524.5714285714286,0.0938578329882677,Pre-Alpha,MEX,,,,,,,,,,,,0.0938578329882677,126705000,44.11033503018823,4.140100458319945
2020-09-02,MX,Mexico,AMR,7044.0,667229,548.0,84089,5581.142857142857,525.5714285714286,0.0941691409849493,Pre-Alpha,MEX,,,,,,,,,,,,0.0941691409849493,126705000,44.048323721580495,4.147992806688201
2020-09-03,MX,Mexico,AMR,7155.0,674384,508.0,84597,5646.571428571428,520.2857142857143,0.0921418812933259,Pre-Alpha,MEX,,,,,,,,,,,,0.0921418812933259,126705000,44.564708800532166,4.106276108170272
2020-09-04,MX,Mexico,AMR,6921.0,681305,490.0,85087,5630.0,515.8571428571429,0.0916264907383912,Pre-Alpha,MEX,,,,,,,,,,,,0.0916264907383912,126705000,44.43392131328677,4.071324279682276
2020-09-05,MX,Mexico,AMR,6300.0,687605,492.0,85579,5595.571428571428,515.5714285714286,0.092139191707728,Pre-Alpha,MEX,,,,,,,,,,,,0.092139191707728,126705000,44.162199033751065,4.069069323005632
2020-09-06,MX,Mexico,AMR,6041.0,693646,479.0,86058,5553.285714285715,508.0,0.0914773750418027,Pre-Alpha,MEX,,,,,,,,,,,,0.0914773750418027,126705000,43.82846544560763,4.009312971074544
2020-09-07,MX,Mexico,AMR,2906.0,696552,463.0,86521,5516.0,501.0,0.0908266860043509,Pre-Alpha,MEX,,,,,,,,,,,,0.0908266860043509,126705000,43.534193599305475,3.954066532496744
2020-09-08,MX,Mexico,AMR,2098.0,698650,460.0,86981,5495.0,491.4285714285714,0.0894319511243988,Pre-Alpha,MEX,,,,,,,,,,,,0.0894319511243988,126705000,43.36845428357208,3.8785254838291414
2020-09-09,MX,Mexico,AMR,6428.0,705078,491.0,87472,5407.0,483.2857142857143,0.0893814896034241,Pre-Alpha,MEX,,,,,,,,,,,,0.0893814896034241,126705000,42.67392762716547,3.8142592185447635
2020-09-10,MX,Mexico,AMR,6629.0,711707,428.0,87900,5331.857142857143,471.8571428571428,0.0884977091873643,Pre-Alpha,MEX,,,,,,,,,,,,0.0884977091873643,126705000,42.08087402120787,3.724060951478969
2020-09-11,MX,Mexico,AMR,6065.0,717772,482.0,88382,5209.571428571428,470.7142857142857,0.0903556640250089,Pre-Alpha,MEX,,,,,,,,,,,,0.0903556640250089,126705000,41.11575256360387,3.7150411247723905
2020-09-12,MX,Mexico,AMR,5707.0,723479,440.0,88822,5124.857142857143,463.2857142857143,0.0903997323967218,Pre-Alpha,MEX,,,,,,,,,,,,0.0903997323967218,126705000,40.447157908978674,3.656412251179624
2020-09-13,MX,Mexico,AMR,5506.0,728985,444.0,89266,5048.428571428572,458.2857142857143,0.0907778941113217,Pre-Alpha,MEX,,,,,,,,,,,,0.0907778941113217,126705000,39.84395699797618,3.6169505093383396
2020-09-14,MX,Mexico,AMR,2815.0,731800,465.0,89731,5035.428571428572,458.57142857142856,0.0910689968225147,Pre-Alpha,MEX,,,,,,,,,,,,0.0910689968225147,126705000,39.74135646918884,3.619205466014984
2020-09-15,MX,Mexico,AMR,1918.0,733718,403.0,90134,5009.714285714285,450.4285714285714,0.0899110299988593,Pre-Alpha,MEX,,,,,,,,,,,,0.0899110299988593,126705000,39.5384103682908,3.5549392007306055
2020-09-16,MX,Mexico,AMR,6273.0,739991,451.0,90585,4987.571428571428,444.7142857142857,0.089164494600865,Pre-Alpha,MEX,,,,,,,,,,,,0.089164494600865,126705000,39.36365122585082,3.509840067197709
2020-09-17,MX,Mexico,AMR,4372.0,744363,442.0,91027,4665.142857142857,446.7142857142857,0.0957557569818716,Pre-Alpha,MEX,,,,,,,,,,,,0.0957557569818716,126705000,36.81893261625711,3.525624763934223
2020-09-18,MX,Mexico,AMR,2251.0,746614,422.0,91449,4120.285714285715,438.1428571428572,0.106337979335691,Pre-Alpha,MEX,,,,,,,,,,,,0.106337979335691,126705000,32.51873023389538,3.457976063634878
2020-09-19,MX,Mexico,AMR,6416.0,753030,401.0,91850,4221.571428571428,432.57142857142856,0.1024669215931779,Pre-Alpha,MEX,,,,,,,,,,,,0.1024669215931779,126705000,33.318112375765985,3.4140044084403027
2020-09-20,MX,Mexico,AMR,5614.0,758644,371.0,92221,4237.0,422.1428571428572,0.0996324892949863,Pre-Alpha,MEX,,,,,,,,,,,,0.0996324892949863,126705000,33.43988003630481,3.331698489742766
2020-09-21,MX,Mexico,AMR,2822.0,761466,401.0,92622,4238.0,413.0,0.0974516281264747,Pre-Alpha,MEX,,,,,,,,,,,,0.0974516281264747,126705000,33.44777238467306,3.259539876090131
2020-09-22,MX,Mexico,AMR,1865.0,763331,423.0,93045,4230.428571428572,415.8571428571428,0.0983014216729139,Pre-Alpha,MEX,,,,,,,,,,,,0.0983014216729139,126705000,33.38801603274197,3.2820894428565786
2020-09-23,MX,Mexico,AMR,6323.0,769654,409.0,93454,4237.571428571428,409.8571428571428,0.0967198193035094,Pre-Alpha,MEX,,,,,,,,,,,,0.0967198193035094,126705000,33.44438994965809,3.2347353526470366
2020-09-24,MX,Mexico,AMR,6177.0,775831,431.0,93885,4495.428571428572,408.2857142857143,0.0908224227786958,Pre-Alpha,MEX,,,,,,,,,,,,0.0908224227786958,126705000,35.479488350330065,3.2223330909254906
2020-09-25,MX,Mexico,AMR,5834.0,781665,396.0,94281,5007.285714285715,404.57142857142856,0.0807965535933354,Pre-Alpha,MEX,,,,,,,,,,,,0.0807965535933354,126705000,39.519243236539324,3.1930186541291077
2020-09-26,MX,Mexico,AMR,5408.0,787073,410.0,94691,4863.285714285715,405.8571428571428,0.0834532796757042,Pre-Alpha,MEX,,,,,,,,,,,,0.0834532796757042,126705000,38.382745071510314,3.203165959174009
2020-09-27,MX,Mexico,AMR,5287.0,792360,370.0,95061,4816.571428571428,405.7142857142857,0.0842330051014355,Pre-Alpha,MEX,,,,,,,,,,,,0.0842330051014355,126705000,38.014059654878885,3.202038480835687
2020-09-28,MX,Mexico,AMR,2671.0,795031,387.0,95448,4795.0,403.7142857142857,0.0841948458215403,Pre-Alpha,MEX,,,,,,,,,,,,0.0841948458215403,126705000,37.84381042579219,3.186253784099173
2020-09-29,MX,Mexico,AMR,1840.0,796871,364.0,95812,4791.428571428572,395.2857142857143,0.0824985092426952,Pre-Alpha,MEX,,,,,,,,,,,,0.0824985092426952,126705000,37.815623467334134,3.1197325621381498
2020-09-30,MX,Mexico,AMR,6304.0,803175,377.0,96189,4788.714285714285,390.7142857142857,0.081590644670505,Pre-Alpha,MEX,,,,,,,,,,,,0.081590644670505,126705000,37.79420137890601,3.0836532553118325
2020-10-01,MX,Mexico,AMR,5964.0,809139,373.0,96562,4758.285714285715,382.4285714285714,0.0803710820223369,Pre-Alpha,MEX,,,,,,,,,,,,0.0803710820223369,126705000,37.554048492843336,3.0182595116891315
2020-10-02,MX,Mexico,AMR,5558.0,814697,353.0,96915,4718.857142857143,376.2857142857143,0.079740857350448,Pre-Alpha,MEX,,,,,,,,,,,,0.079740857350448,126705000,37.24286447146634,2.9697779431412674
2020-10-03,MX,Mexico,AMR,5293.0,819990,365.0,97280,4702.428571428572,369.8571428571428,0.0786523680772852,Pre-Alpha,MEX,,,,,,,,,,,,0.0786523680772852,126705000,37.11320446255927,2.9190414179167576
2020-10-04,MX,Mexico,AMR,5006.0,824996,367.0,97647,4662.285714285715,369.4285714285714,0.0792376516729991,Pre-Alpha,MEX,,,,,,,,,,,,0.0792376516729991,126705000,36.796383049490665,2.9156589829017907
2020-10-05,MX,Mexico,AMR,2458.0,827454,364.0,98011,4631.857142857143,366.1428571428572,0.0790488233661289,Pre-Alpha,MEX,,,,,,,,,,,,0.0790488233661289,126705000,36.55623016342799,2.889726981120376
2020-10-06,MX,Mexico,AMR,1769.0,829223,347.0,98358,4621.714285714285,363.7142857142857,0.0786968348170128,Pre-Alpha,MEX,,,,,,,,,,,,0.0786968348170128,126705000,36.47617920140709,2.870559849368894
2020-10-07,MX,Mexico,AMR,5934.0,835157,374.0,98732,4568.857142857143,363.2857142857143,0.0795134763304358,Pre-Alpha,MEX,,,,,,,,,,,,0.0795134763304358,126705000,36.0590122162278,2.8671774143539266
2020-10-08,MX,Mexico,AMR,5956.0,841113,363.0,99095,4567.714285714285,361.8571428571428,0.0792206167511102,Pre-Alpha,MEX,,,,,,,,,,,,0.0792206167511102,126705000,36.049992389521215,2.855902630970702
2020-10-09,MX,Mexico,AMR,5775.0,846888,357.0,99452,4598.714285714285,362.4285714285714,0.0788108477524774,Pre-Alpha,MEX,,,,,,,,,,,,0.0788108477524774,126705000,36.29465518893718,2.860412544323992
2020-10-10,MX,Mexico,AMR,5513.0,852401,357.0,99809,4630.142857142857,361.2857142857143,0.0780290642065965,Pre-Alpha,MEX,,,,,,,,,,,,0.0780290642065965,126705000,36.54270042336811,2.8513927176174128
2020-10-11,MX,Mexico,AMR,5666.0,858067,326.0,100135,4724.428571428572,355.42857142857144,0.0752320764415953,Pre-Alpha,MEX,,,,,,,,,,,,0.0752320764415953,126705000,37.286836126660916,2.8051661057461934
2020-10-12,MX,Mexico,AMR,3041.0,861108,384.0,100519,4807.714285714285,358.2857142857143,0.0745230878944553,Pre-Alpha,MEX,,,,,,,,,,,,0.0745230878944553,126705000,37.94415599790289,2.827715672512642
2020-10-13,MX,Mexico,AMR,2218.0,863326,363.0,100882,4871.857142857143,360.57142857142856,0.0740110840688502,Pre-Alpha,MEX,,,,,,,,,,,,0.0740110840688502,126705000,38.45039377180966,2.8457553259258006
2020-10-14,MX,Mexico,AMR,6827.0,870153,422.0,101304,4999.428571428572,367.4285714285714,0.0734941136129843,Pre-Alpha,MEX,,,,,,,,,,,,0.0734941136129843,126705000,39.45723192793158,2.8998742861652764
2020-10-15,MX,Mexico,AMR,7135.0,877288,384.0,101688,5167.857142857143,370.4285714285714,0.0716793365583966,Pre-Alpha,MEX,,,,,,,,,,,,0.0716793365583966,126705000,40.78652888881373,2.9235513312700476
2020-10-16,MX,Mexico,AMR,6476.0,883764,372.0,102060,5268.0,372.57142857142856,0.0707235058032324,Pre-Alpha,MEX,,,,,,,,,,,,0.0707235058032324,126705000,41.576891203977745,2.9404635063448845
2020-10-17,MX,Mexico,AMR,6466.0,890230,396.0,102456,5404.142857142857,378.1428571428572,0.0699727722117952,Pre-Alpha,MEX,,,,,,,,,,,,0.0699727722117952,126705000,42.65137806039902,2.9844351615394595
2020-10-18,MX,Mexico,AMR,6615.0,896845,368.0,102824,5539.714285714285,384.1428571428572,0.0693434421579246,Pre-Alpha,MEX,,,,,,,,,,,,0.0693434421579246,126705000,43.721355003466996,3.0317892517490015
2020-10-19,MX,Mexico,AMR,3354.0,900199,397.0,103221,5584.428571428572,386.0,0.0691207694865825,Pre-Alpha,MEX,,,,,,,,,,,,0.0691207694865825,126705000,44.074255723361915,3.0464464701471923
2020-10-20,MX,Mexico,AMR,2369.0,902568,401.0,103622,5606.0,391.4285714285714,0.0698231486672442,Pre-Alpha,MEX,,,,,,,,,,,,0.0698231486672442,126705000,44.2445049524486,3.0892906470034442
2020-10-21,MX,Mexico,AMR,8233.0,910801,472.0,104094,5806.857142857143,398.57142857142856,0.0686380633733517,Pre-Alpha,MEX,,,,,,,,,,,,0.0686380633733517,126705000,45.82973949612993,3.1456645639195657
2020-10-22,MX,Mexico,AMR,8394.0,919195,437.0,104531,5986.714285714285,406.1428571428572,0.0678406948719784,Pre-Alpha,MEX,,,,,,,,,,,,0.0678406948719784,126705000,47.249234724077866,3.205420915850655
2020-10-23,MX,Mexico,AMR,7420.0,926615,477.0,105008,6121.571428571428,421.1428571428572,0.0687965275022753,Pre-Alpha,MEX,,,,,,,,,,,,0.0687965275022753,126705000,48.313574275454236,3.3238061413745097
2020-10-24,MX,Mexico,AMR,7296.0,933911,463.0,105471,6240.142857142857,430.7142857142857,0.0690231450745175,Pre-Alpha,MEX,,,,,,,,,,,,0.0690231450745175,126705000,49.249381296261845,3.399347190042111
2020-10-25,MX,Mexico,AMR,7235.0,941146,460.0,105931,6328.714285714285,443.8571428571428,0.0701338570235434,Pre-Alpha,MEX,,,,,,,,,,,,0.0701338570235434,126705000,49.94841786602174,3.5030751971677736
2020-10-26,MX,Mexico,AMR,3503.0,944649,445.0,106376,6350.0,450.7142857142857,0.070978627671541,Pre-Alpha,MEX,,,,,,,,,,,,0.070978627671541,126705000,50.11641213843179,3.5571941574072508
2020-10-27,MX,Mexico,AMR,2474.0,947123,486.0,106862,6365.0,462.8571428571428,0.0727191112108629,Pre-Alpha,MEX,,,,,,,,,,,,0.0727191112108629,126705000,50.23479736395564,3.6530298161646564
2020-10-28,MX,Mexico,AMR,8411.0,955534,500.0,107362,6390.428571428572,466.8571428571428,0.0730556859589117,Pre-Alpha,MEX,,,,,,,,,,,,0.0730556859589117,126705000,50.43548850817704,3.6845992096376845
2020-10-29,MX,Mexico,AMR,7949.0,963483,463.0,107825,6326.857142857143,470.57142857142856,0.0743768063583815,Pre-Alpha,MEX,,,,,,,,,,,,0.0743768063583815,126705000,49.93376064762356,3.713913646434068
2020-10-30,MX,Mexico,AMR,7185.0,970668,481.0,108306,6293.285714285715,471.1428571428572,0.0748643679204594,Pre-Alpha,MEX,,,,,,,,,,,,0.0748643679204594,126705000,49.66880323811779,3.7184235597873583
2020-10-31,MX,Mexico,AMR,6873.0,977541,491.0,108797,6232.857142857143,475.1428571428572,0.0762319504927802,Pre-Alpha,MEX,,,,,,,,,,,,0.0762319504927802,126705000,49.191879901007404,3.7499929532603864
2020-11-01,MX,Mexico,AMR,6284.0,983825,470.0,109267,6097.0,476.57142857142856,0.0781649054570163,Pre-Alpha,MEX,,,,,,,,,,,,0.0781649054570163,126705000,48.119648001262775,3.76126773664361
2020-11-02,MX,Mexico,AMR,3019.0,986844,450.0,109717,6027.857142857143,477.2857142857143,0.0791799976300509,Pre-Alpha,MEX,,,,,,,,,,,,0.0791799976300509,126705000,47.57394848551473,3.7669051283352215
2020-11-03,MX,Mexico,AMR,2172.0,989016,459.0,110176,5984.714285714285,473.4285714285714,0.079106294607691,Pre-Alpha,MEX,,,,,,,,,,,,0.079106294607691,126705000,47.23345002734135,3.736463213200516
2020-11-04,MX,Mexico,AMR,5171.0,994187,511.0,110687,5521.857142857143,475.0,0.0860217835614312,Pre-Alpha,MEX,,,,,,,,,,,,0.0860217835614312,126705000,43.580420211176694,3.7488654749220633
2020-11-05,MX,Mexico,AMR,8087.0,1002274,494.0,111181,5541.571428571428,479.4285714285714,0.0865149132530741,Pre-Alpha,MEX,,,,,,,,,,,,0.0865149132530741,126705000,43.73601222186519,3.783817303410058
2020-11-06,MX,Mexico,AMR,7637.0,1009911,494.0,111675,5606.142857142857,481.2857142857143,0.0858497056799938,Pre-Alpha,MEX,,,,,,,,,,,,0.0858497056799938,126705000,44.24563243078692,3.7984745218082496
2020-11-07,MX,Mexico,AMR,7557.0,1017468,522.0,112197,5703.857142857143,485.7142857142857,0.0851554086207328,Pre-Alpha,MEX,,,,,,,,,,,,0.0851554086207328,126705000,45.016827614199464,3.833426350296245
2020-11-08,MX,Mexico,AMR,7098.0,1024566,552.0,112749,5820.142857142857,497.4285714285714,0.0854667288480891,Pre-Alpha,MEX,,,,,,,,,,,,0.0854667288480891,126705000,45.93459498159391,3.925879574038684
2020-11-09,MX,Mexico,AMR,3545.0,1028111,474.0,113223,5895.285714285715,500.8571428571428,0.0849589260183681,Pre-Alpha,MEX,,,,,,,,,,,,0.0849589260183681,126705000,46.52764858755152,3.9529390541584215
2020-11-10,MX,Mexico,AMR,2652.0,1030763,499.0,113722,5963.857142857143,506.57142857142856,0.0849402352264833,Pre-Alpha,MEX,,,,,,,,,,,,0.0849402352264833,126705000,47.068838189946284,3.9980381876913187
2020-11-11,MX,Mexico,AMR,8974.0,1039737,521.0,114243,6507.142857142857,508.0,0.0780680570801317,Pre-Alpha,MEX,,,,,,,,,,,,0.0780680570801317,126705000,51.356638310586455,4.009312971074544
2020-11-12,MX,Mexico,AMR,8939.0,1048676,486.0,114729,6628.857142857143,506.8571428571428,0.0764622214559717,Pre-Alpha,MEX,,,,,,,,,,,,0.0764622214559717,126705000,52.317249854837165,4.000293144367963
2020-11-13,MX,Mexico,AMR,8358.0,1057034,518.0,115247,6731.857142857143,510.2857142857143,0.0758016255331791,Pre-Alpha,MEX,,,,,,,,,,,,0.0758016255331791,126705000,53.13016173676763,4.027352624487702
2020-11-14,MX,Mexico,AMR,8151.0,1065185,546.0,115793,6816.714285714285,513.7142857142857,0.0753609824590816,Pre-Alpha,MEX,,,,,,,,,,,,0.0753609824590816,126705000,53.79988386973115,4.05441210460744
2020-11-15,MX,Mexico,AMR,7581.0,1072766,517.0,116310,6885.714285714285,508.7142857142857,0.0738796680497925,Pre-Alpha,MEX,,,,,,,,,,,,0.0738796680497925,126705000,54.34445590714088,4.014950362766156
2020-11-16,MX,Mexico,AMR,3908.0,1076674,508.0,116818,6937.571428571428,513.5714285714286,0.0740275518398781,Pre-Alpha,MEX,,,,,,,,,,,,0.0740275518398781,126705000,54.75373054395192,4.053284626269117
2020-11-17,MX,Mexico,AMR,2641.0,1079315,514.0,117332,6936.0,515.7142857142857,0.0743532707200527,Pre-Alpha,MEX,,,,,,,,,,,,0.0743532707200527,126705000,54.74132828223038,4.070196801343954
2020-11-18,MX,Mexico,AMR,3313.0,1082628,517.0,117849,6127.285714285715,515.1428571428571,0.0840735818703224,Pre-Alpha,MEX,,,,,,,,,,,,0.0840735818703224,126705000,48.35867340898714,4.0656868879906645
2020-11-19,MX,Mexico,AMR,9625.0,1092253,568.0,118417,6225.285714285715,526.8571428571429,0.0846318011795213,Pre-Alpha,MEX,,,,,,,,,,,,0.0846318011795213,126705000,49.13212354907631,4.158140111733103
2020-11-20,MX,Mexico,AMR,8719.0,1100972,534.0,118951,6276.857142857143,529.1428571428571,0.084300605398516,Pre-Alpha,MEX,,,,,,,,,,,,0.084300605398516,126705000,49.539143229210715,4.176179765146261
2020-11-21,MX,Mexico,AMR,8215.0,1109187,496.0,119447,6286.0,522.0,0.0830416799236398,Pre-Alpha,MEX,,,,,,,,,,,,0.0830416799236398,126705000,49.61130184286334,4.119805848230141
2020-11-22,MX,Mexico,AMR,8395.0,1117582,572.0,120019,6402.285714285715,529.8571428571429,0.0827606212067118,Pre-Alpha,MEX,,,,,,,,,,,,0.0827606212067118,126705000,50.5290692102578,4.181817156837874
2020-11-23,MX,Mexico,AMR,4220.0,1121802,557.0,120576,6446.857142857143,536.8571428571429,0.0832742421556461,Pre-Alpha,MEX,,,,,,,,,,,,0.0832742421556461,126705000,50.880842451814395,4.237063595415673
2020-11-24,MX,Mexico,AMR,2785.0,1124587,625.0,121201,6467.428571428572,552.7142857142857,0.0854612122283088,Pre-Alpha,MEX,,,,,,,,,,,,0.0854612122283088,126705000,51.04319933253283,4.362213690969462
2020-11-25,MX,Mexico,AMR,10361.0,1134948,565.0,121766,7474.285714285715,559.5714285714286,0.0748662079510703,Pre-Alpha,MEX,,,,,,,,,,,,0.0748662079510703,126705000,58.989666661029275,4.416332651208939
2020-11-26,MX,Mexico,AMR,10287.0,1145235,571.0,122337,7568.857142857143,560.0,0.0739873919444339,Pre-Alpha,MEX,,,,,,,,,,,,0.0739873919444339,126705000,59.736057320998725,4.419715086223905
2020-11-27,MX,Mexico,AMR,9586.0,1154821,550.0,122887,7692.714285714285,562.2857142857143,0.073093279355234,Pre-Alpha,MEX,,,,,,,,,,,,0.073093279355234,126705000,60.71358104032426,4.4377547396370645
2020-11-28,MX,Mexico,AMR,9600.0,1164421,572.0,123459,7890.571428571428,573.1428571428571,0.0726364195966252,Pre-Alpha,MEX,,,,,,,,,,,,0.0726364195966252,126705000,62.27513853890082,4.523443093349569
2020-11-29,MX,Mexico,AMR,9618.0,1174039,620.0,124079,8065.285714285715,580.0,0.0719131374320279,Pre-Alpha,MEX,,,,,,,,,,,,0.0719131374320279,126705000,63.654044546669155,4.5775620535890456
2020-11-30,MX,Mexico,AMR,4896.0,1178935,563.0,124642,8161.857142857143,580.8571428571429,0.0711672763551712,Pre-Alpha,MEX,,,,,,,,,,,,0.0711672763551712,126705000,64.41621990337511,4.58432692361898
2020-12-01,MX,Mexico,AMR,3013.0,1181948,578.0,125220,8194.42857142857,574.1428571428571,0.0700650267603423,Pre-Alpha,MEX,,,,,,,,,,,,0.0700650267603423,126705000,64.6732849645126,4.531335441717826
2020-12-02,MX,Mexico,AMR,10934.0,1192882,644.0,125864,8276.285714285714,585.4285714285714,0.0707356647219249,Pre-Alpha,MEX,,,,,,,,,,,,0.0707356647219249,126705000,65.31933005237137,4.6204062304452975
2020-12-03,MX,Mexico,AMR,11633.0,1204515,657.0,126521,8468.57142857143,597.7142857142857,0.0705802968960863,Pre-Alpha,MEX,,,,,,,,,,,,0.0705802968960863,126705000,66.83691589575336,4.717369367541026
2020-12-04,MX,Mexico,AMR,11466.0,1215981,611.0,127132,8737.142857142857,606.4285714285714,0.0694081098757357,Pre-Alpha,MEX,,,,,,,,,,,,0.0694081098757357,126705000,68.9565751717995,4.786145546178694
2020-12-05,MX,Mexico,AMR,11219.0,1227200,594.0,127726,8968.42857142857,609.5714285714286,0.0679685882221762,Pre-Alpha,MEX,,,,,,,,,,,,0.0679685882221762,126705000,70.78196260154351,4.8109500696217875
2020-12-06,MX,Mexico,AMR,10915.0,1238115,588.0,128314,9153.714285714286,605.0,0.0660933891004432,Pre-Alpha,MEX,,,,,,,,,,,,0.0660933891004432,126705000,72.24430200634771,4.77487076279547
2020-12-07,MX,Mexico,AMR,5998.0,1244113,644.0,128958,9311.142857142857,616.5714285714286,0.066218662738961,Pre-Alpha,MEX,,,,,,,,,,,,0.066218662738961,126705000,73.48678313517901,4.866196508199586
2020-12-08,MX,Mexico,AMR,3178.0,1247291,639.0,129597,9334.714285714286,625.2857142857143,0.0669849869152013,Pre-Alpha,MEX,,,,,,,,,,,,0.0669849869152013,126705000,73.67281706100222,4.934972686837255
2020-12-09,MX,Mexico,AMR,13110.0,1260401,674.0,130271,9645.57142857143,629.5714285714286,0.0652705164472222,Pre-Alpha,MEX,,,,,,,,,,,,0.0652705164472222,126705000,76.12620992519182,4.968797036986927
2020-12-10,MX,Mexico,AMR,13007.0,1273408,633.0,130904,9841.857142857143,626.1428571428571,0.0636203968472849,Pre-Alpha,MEX,,,,,,,,,,,,0.0636203968472849,126705000,77.67536516204683,4.941737556867188
2020-12-11,MX,Mexico,AMR,12502.0,1285910,688.0,131592,9989.857142857143,637.1428571428571,0.06377897581833,Pre-Alpha,MEX,,,,,,,,,,,,0.06377897581833,126705000,78.84343272054886,5.028553388918016
2020-12-12,MX,Mexico,AMR,12756.0,1298666,670.0,132262,10209.42857142857,648.0,0.0634707413315422,Pre-Alpha,MEX,,,,,,,,,,,,0.0634707413315422,126705000,80.57636692655042,5.11424174263052
2020-12-13,MX,Mexico,AMR,12499.0,1311165,696.0,132958,10435.714285714286,663.4285714285714,0.0635728952772073,Pre-Alpha,MEX,,,,,,,,,,,,0.0635728952772073,126705000,82.36229261445314,5.2360094031693425
2020-12-14,MX,Mexico,AMR,6902.0,1318067,725.0,133683,10564.857142857143,675.0,0.0638910674202882,Pre-Alpha,MEX,,,,,,,,,,,,0.0638910674202882,126705000,83.38153303229663,5.327335148573458
2020-12-15,MX,Mexico,AMR,3422.0,1321489,705.0,134388,10599.714285714286,684.4285714285714,0.0645704735976711,Pre-Alpha,MEX,,,,,,,,,,,,0.0645704735976711,126705000,83.6566377468473,5.401748718902739
2020-12-16,MX,Mexico,AMR,14381.0,1335870,744.0,135132,10781.285714285714,694.4285714285714,0.0644105526772582,Pre-Alpha,MEX,,,,,,,,,,,,0.0644105526772582,126705000,85.0896627148551,5.480672202585308
2020-12-17,MX,Mexico,AMR,14046.0,1349916,749.0,135881,10929.714285714286,711.0,0.0650520207037172,Pre-Alpha,MEX,,,,,,,,,,,,0.0650520207037172,126705000,86.26111270837208,5.611459689830709
2020-12-18,MX,Mexico,AMR,13331.0,1363247,736.0,136617,11048.142857142857,717.8571428571429,0.0649753675472283,Pre-Alpha,MEX,,,,,,,,,,,,0.0649753675472283,126705000,87.19579225084138,5.665578650070186
2020-12-19,MX,Mexico,AMR,12800.0,1376047,740.0,137357,11054.42857142857,727.8571428571429,0.0658430364042853,Pre-Alpha,MEX,,,,,,,,,,,,0.0658430364042853,126705000,87.24540129772755,5.744502133752755
2020-12-20,MX,Mexico,AMR,12551.0,1388598,758.0,138115,11061.857142857143,736.7142857142857,0.0665995118360388,Pre-Alpha,MEX,,,,,,,,,,,,0.0665995118360388,126705000,87.30403017132033,5.814405790728745
2020-12-21,MX,Mexico,AMR,6616.0,1395214,799.0,138914,11021.0,747.2857142857143,0.0678056178464489,Pre-Alpha,MEX,,,,,,,,,,,,0.0678056178464489,126705000,86.98157136656012,5.897839187764605
2020-12-22,MX,Mexico,AMR,3799.0,1399013,778.0,139692,11074.857142857143,757.7142857142857,0.0684175223156699,Pre-Alpha,MEX,,,,,,,,,,,,0.0684175223156699,126705000,87.40663070010768,5.980145106462142
2020-12-23,MX,Mexico,AMR,14476.0,1413489,887.0,140579,11088.42857142857,778.1428571428571,0.0701761166724642,Pre-Alpha,MEX,,,,,,,,,,,,0.0701761166724642,126705000,87.51374114224829,6.141374508842248
2020-12-24,MX,Mexico,AMR,13887.0,1427376,810.0,141389,11065.714285714286,786.8571428571429,0.0711076684740511,Pre-Alpha,MEX,,,,,,,,,,,,0.0711076684740511,126705000,87.33447208645504,6.210150687479917
2020-12-25,MX,Mexico,AMR,12823.0,1440199,822.0,142211,10993.142857142857,799.1428571428571,0.0726946668052812,Pre-Alpha,MEX,,,,,,,,,,,,0.0726946668052812,126705000,86.76171309058725,6.307113824575644
2020-12-26,MX,Mexico,AMR,10480.0,1450679,843.0,143054,10661.714285714286,813.8571428571429,0.076334548183085,Pre-Alpha,MEX,,,,,,,,,,,,0.076334548183085,126705000,84.14596334567923,6.423244093422856
2020-12-27,MX,Mexico,AMR,2735.0,1453414,836.0,143890,9259.42857142857,825.0,0.0890983707726487,Pre-Alpha,MEX,,,,,,,,,,,,0.0890983707726487,126705000,73.0786359767063,6.511187403812005
2020-12-28,MX,Mexico,AMR,5933.0,1459347,881.0,144771,9161.857142857143,836.7142857142857,0.091325838491884,Pre-Alpha,MEX,,,,,,,,,,,,0.091325838491884,126705000,72.30856827163208,6.6036406275544435
2020-12-29,MX,Mexico,AMR,4397.0,1463744,916.0,145687,9247.285714285714,856.4285714285714,0.0926140489101049,Pre-Alpha,MEX,,,,,,,,,,,,0.0926140489101049,126705000,72.98280031794889,6.759232638242938
2020-12-30,MX,Mexico,AMR,16224.0,1479968,965.0,146652,9497.0,867.5714285714286,0.0913521563200409,Pre-Alpha,MEX,,,,,,,,,,,,0.0913521563200409,126705000,74.95363245333648,6.847175948632088
2020-12-31,MX,Mexico,AMR,16099.0,1496067,971.0,147623,9813.0,890.5714285714286,0.0907542472813032,Pre-Alpha,MEX,,,,,,,,,,,,0.0907542472813032,126705000,77.44761453770569,7.028699961101998
2021-01-01,MX,Mexico,AMR,14728.0,1510795,946.0,148569,10085.142857142857,908.2857142857144,0.0900617598730806,Alpha,MEX,,,,,,,,,,,,0.0900617598730806,126705000,79.5954607722099,7.1685072750539796
2021-01-02,MX,Mexico,AMR,12083.0,1522878,886.0,149455,10314.142857142857,914.4285714285714,0.0886577376417956,Alpha,MEX,,,,,,,,,,,,0.0886577376417956,126705000,81.40280854854076,7.216988843601842
2021-01-03,MX,Mexico,AMR,3413.0,1526291,987.0,150442,10411.0,936.0,0.0899049082700989,Alpha,MEX,,,,,,,,,,,,0.0899049082700989,126705000,82.16723886192337,7.387238072688529
2021-01-04,MX,Mexico,AMR,6948.0,1533239,993.0,151435,10556.0,952.0,0.0901856763925729,Alpha,MEX,,,,,,,,,,,,0.0901856763925729,126705000,83.31162937532062,7.51351564658064
2021-01-05,MX,Mexico,AMR,5274.0,1538513,1037.0,152472,10681.285714285714,969.2857142857144,0.0907461648544182,Alpha,MEX,,,,,,,,,,,,0.0907461648544182,126705000,84.30042787802938,7.649940525517655
2021-01-06,MX,Mexico,AMR,18556.0,1557069,1112.0,153584,11014.42857142857,990.2857142857144,0.0899080426972412,Alpha,MEX,,,,,,,,,,,,0.0899080426972412,126705000,86.92970736299729,7.81567984125105
2021-01-07,MX,Mexico,AMR,18821.0,1575890,1069.0,154653,11403.285714285714,1004.2857142857144,0.0880698545531989,Alpha,MEX,,,,,,,,,,,,0.0880698545531989,126705000,89.99870339991092,7.926172718406649
2021-01-08,MX,Mexico,AMR,18409.0,1594299,1160.0,155813,11929.142857142857,1034.857142857143,0.0867503353132784,Alpha,MEX,,,,,,,,,,,,0.0867503353132784,126705000,94.14895116327577,8.167453082807647
2021-01-09,MX,Mexico,AMR,18766.0,1613065,1064.0,156877,12883.857142857143,1060.2857142857142,0.0822956745428942,Alpha,MEX,,,,,,,,,,,,0.0822956745428942,126705000,101.68388889828455,8.368144227029036
2021-01-10,MX,Mexico,AMR,18601.0,1631666,1197.0,158074,15053.57142857143,1090.2857142857142,0.0724270462633451,Alpha,MEX,,,,,,,,,,,,0.0724270462633451,126705000,118.80802990072554,8.604914678076748
2021-01-11,MX,Mexico,AMR,9842.0,1641508,1143.0,159217,15467.0,1111.7142857142858,0.0718765297545927,Alpha,MEX,,,,,,,,,,,,0.0718765297545927,126705000,122.07095221183063,8.774036428825111
2021-01-12,MX,Mexico,AMR,5663.0,1647171,1215.0,160432,15522.57142857143,1137.142857142857,0.0732573763551694,Alpha,MEX,,,,,,,,,,,,0.0732573763551694,126705000,122.50954128543805,8.974727573046502
2021-01-13,MX,Mexico,AMR,21044.0,1668215,1315.0,161747,15878.0,1166.142857142857,0.0734439386032785,Alpha,MEX,,,,,,,,,,,,0.0734439386032785,126705000,125.31470739118424,9.203605675725955
2021-01-14,MX,Mexico,AMR,19503.0,1687718,1238.0,162985,15975.42857142857,1190.2857142857142,0.0745072790356619,Alpha,MEX,,,,,,,,,,,,0.0745072790356619,126705000,126.08364761792012,9.394149514902445
2021-01-15,MX,Mexico,AMR,18651.0,1706369,1247.0,164232,16010.0,1202.7142857142858,0.0751226911751584,Alpha,MEX,,,,,,,,,,,,0.0751226911751584,126705000,126.35649737579416,9.492240130336496
2021-01-16,MX,Mexico,AMR,18371.0,1724740,1271.0,165503,15953.57142857143,1232.2857142857142,0.0772419968659055,Alpha,MEX,,,,,,,,,,,,0.0772419968659055,126705000,125.9111434321568,9.725628146369237
2021-01-17,MX,Mexico,AMR,17514.0,1742254,1316.0,166819,15798.285714285714,1249.2857142857142,0.0790772959091402,Alpha,MEX,,,,,,,,,,,,0.0790772959091402,126705000,124.68557447840031,9.859798068629607
2021-01-18,MX,Mexico,AMR,9441.0,1751695,1294.0,168113,15741.0,1270.857142857143,0.080735476961892,Alpha,MEX,,,,,,,,,,,,0.080735476961892,126705000,124.23345566473304,10.030047297716292
2021-01-19,MX,Mexico,AMR,5329.0,1757024,1402.0,169515,15693.285714285714,1297.571428571429,0.0826832221241113,Alpha,MEX,,,,,,,,,,,,0.0826832221241113,126705000,123.85687789973333,10.240885746982588
2021-01-20,MX,Mexico,AMR,19675.0,1776699,1409.0,170924,15497.714285714286,1311.0,0.084593119722724,Alpha,MEX,,,,,,,,,,,,0.084593119722724,126705000,122.31336005456996,10.346868710784895
2021-01-21,MX,Mexico,AMR,19046.0,1795745,1447.0,172371,15432.42857142857,1340.857142857143,0.0868856859859109,Alpha,MEX,,,,,,,,,,,,0.0868856859859109,126705000,121.7981024539566,10.582511683494282
2021-01-22,MX,Mexico,AMR,17478.0,1813223,1495.0,173866,15264.857142857143,1376.2857142857142,0.0901604057873359,Alpha,MEX,,,,,,,,,,,,0.0901604057873359,126705000,120.47557036310441,10.86212631139824
2021-01-23,MX,Mexico,AMR,16925.0,1830148,1435.0,175301,15058.285714285714,1399.7142857142858,0.0929530965391621,Alpha,MEX,,,,,,,,,,,,0.0929530965391621,126705000,118.84523668589017,11.04703275888312
2021-01-24,MX,Mexico,AMR,16480.0,1846628,1395.0,176696,14910.57142857143,1411.0,0.0946308467626037,Alpha,MEX,,,,,,,,,,,,0.0946308467626037,126705000,117.67942408406479,11.136103547610592
2021-01-25,MX,Mexico,AMR,8803.0,1855431,1354.0,178050,14819.42857142857,1419.571428571429,0.0957912392997609,Alpha,MEX,,,,,,,,,,,,0.0957912392997609,126705000,116.96009290421507,11.20375224790994
2021-01-26,MX,Mexico,AMR,4749.0,1860180,1423.0,179473,14736.57142857143,1422.571428571429,0.0965334057156151,Alpha,MEX,,,,,,,,,,,,0.0965334057156151,126705000,116.30615546798808,11.22742929301471
2021-01-27,MX,Mexico,AMR,18196.0,1878376,1478.0,180951,14525.285714285714,1432.428571428571,0.0986162062216627,Alpha,MEX,,,,,,,,,,,,0.0986162062216627,126705000,114.63861500560921,11.305225298358954
2021-01-28,MX,Mexico,AMR,17063.0,1895439,1419.0,182370,14242.0,1428.428571428571,0.1002969085401328,Alpha,MEX,,,,,,,,,,,,0.1002969085401328,126705000,112.40282546071583,11.273655904885924
2021-01-29,MX,Mexico,AMR,14919.0,1910358,1325.0,183695,13876.42857142857,1404.142857142857,0.1011890667627528,Alpha,MEX,,,,,,,,,,,,0.1011890667627528,126705000,109.51760839294874,11.081984587371116
2021-01-30,MX,Mexico,AMR,14026.0,1924384,1249.0,184944,13462.285714285714,1377.571428571429,0.1023281972919054,Alpha,MEX,,,,,,,,,,,,0.1023281972919054,126705000,106.24904869015204,10.872273616443147
2021-01-31,MX,Mexico,AMR,12367.0,1936751,1247.0,186191,12874.714285714286,1356.428571428571,0.1053560134482873,Alpha,MEX,MEX,628762.0,,39722.0,668484.0,1.0,,,,2020-12-24,2023-12-29,0.1053560134482873,126705000,101.6117302846319,10.705406822371422
2021-02-01,MX,Mexico,AMR,6812.0,1943563,1239.0,187430,12590.285714285714,1340.0,0.1064312621976126,Alpha,MEX,,666525.0,,57732.17857142857,724257.2142857143,1.0357142857142858,,,,,,0.1064312621976126,126705000,99.36692091303196,10.575746813464345
2021-02-02,MX,Mexico,AMR,3709.0,1947272,1181.0,188611,12441.714285714286,1305.428571428571,0.1049235291415973,Alpha,MEX,,704288.0,,75742.35714285714,780030.4285714285,1.0714285714285714,,,,,,0.1049235291415973,126705000,98.19434344117664,10.302897055590318
2021-02-03,MX,Mexico,AMR,4722.0,1951994,1296.0,189907,10516.857142857143,1279.428571428571,0.121655030019832,Alpha,MEX,,742051.0,,93752.53571428572,835803.6428571428,1.1071428571428572,,,,,,0.121655030019832,126705000,83.00270031062028,10.097695998015636
2021-02-04,MX,Mexico,AMR,13447.0,1965441,1264.0,191171,10000.285714285714,1257.2857142857142,0.1257249792863061,Alpha,MEX,,779814.0,,111762.71428571428,891576.8571428572,1.1428571428571428,,,,,,0.1257249792863061,126705000,78.92573863924639,9.922936855575662
2021-02-05,MX,Mexico,AMR,11873.0,1977314,1172.0,192343,9565.142857142857,1235.428571428571,0.1291594479956986,Alpha,MEX,,817577.0,,129772.89285714288,947350.0714285714,1.1785714285714286,,,,,,0.1291594479956986,126705000,75.49143962071628,9.750432669812328
2021-02-06,MX,Mexico,AMR,10835.0,1988149,1091.0,193434,9109.285714285714,1212.857142857143,0.1331451423194542,Alpha,MEX,,855340.0,,147783.07142857142,1003123.2857142856,1.2142857142857142,,,,,,0.1331451423194542,126705000,71.89365624312943,9.572291092357387
2021-02-07,MX,Mexico,AMR,10200.0,1998349,1049.0,194483,8799.714285714286,1184.571428571429,0.1346147602194876,Alpha,MEX,,893103.0,,165793.25,1058896.5,1.25,,,,,,0.1346147602194876,126705000,69.45041068398474,9.349050381369551
2021-02-08,MX,Mexico,AMR,5345.0,2003694,1050.0,195533,8590.142857142857,1157.571428571429,0.1347557832066654,Alpha,MEX,,930866.0,,183803.42857142852,1114669.7142857143,1.2857142857142856,,,,,,0.1347557832066654,126705000,67.79639996166573,9.135956975426613
2021-02-09,MX,Mexico,AMR,2762.0,2006456,968.0,196501,8454.857142857143,1127.142857142857,0.1333130575831305,Alpha,MEX,,968629.0,,201813.6071428572,1170442.9285714286,1.3214285714285714,,,,,,0.1333130575831305,126705000,66.72867797527441,8.895804089363931
2021-02-10,MX,Mexico,AMR,11671.0,2018127,1072.0,197573,9447.57142857143,1095.142857142857,0.115917922973402,Alpha,MEX,,1006392.0,,219823.7857142857,1226216.1428571427,1.3571428571428572,,,,,,0.115917922973402,126705000,74.56352494827695,8.64324894157971
2021-02-11,MX,Mexico,AMR,9323.0,2027450,972.0,198545,8858.42857142857,1053.428571428571,0.1189182215484849,Alpha,MEX,,1044155.0,,237833.9642857143,1281989.3571428573,1.3928571428571428,,,,,,0.1189182215484849,126705000,69.91380428103524,8.31402526678956
2021-02-12,MX,Mexico,AMR,8532.0,2035982,888.0,199433,8381.142857142857,1012.8571428571428,0.120849526147133,Alpha,MEX,,1081918.0,,255844.14285714287,1337762.5714285714,1.4285714285714286,,,,,,0.120849526147133,126705000,66.14689915270002,7.993821418705993
2021-02-13,MX,Mexico,AMR,7836.0,2043818,924.0,200357,7952.714285714285,989.0,0.1243600567640877,Alpha,MEX,,1119681.0,,273854.3214285715,1393535.7857142857,1.4642857142857142,,,,,,0.1243600567640877,126705000,62.76559161607108,7.805532536206147
2021-02-14,MX,Mexico,AMR,7723.0,2051541,857.0,201214,7598.857142857143,961.5714285714286,0.126541585200782,Alpha,MEX,,1157444.0,,291864.5,1449309.0,1.5,,,,,,0.126541585200782,126705000,59.97282777204643,7.589056695248242
2021-02-15,MX,Mexico,AMR,4001.0,2055542,771.0,201985,7406.857142857143,921.7142857142856,0.1244406727356889,Alpha,MEX,,1195207.0,,309874.6785714286,1505082.214285714,1.5357142857142856,,,,,,0.1244406727356889,126705000,58.457496885341094,7.274490238856285
2021-02-16,MX,Mexico,AMR,2172.0,2057714,790.0,202775,7322.571428571428,896.2857142857143,0.1224004057903156,Alpha,MEX,,1232970.0,,327884.8571428572,1560855.4285714286,1.5714285714285714,,,,,,0.1224004057903156,126705000,57.79228466573086,7.073799094634895
2021-02-17,MX,Mexico,AMR,8342.0,2066056,804.0,203579,6847.0,858.0,0.1253103548999561,Alpha,MEX,,1270733.0,,345895.03571428574,1616628.6428571427,1.6071428571428572,,,,,,0.1253103548999561,126705000,54.03890927745551,6.771634899964484
2021-02-18,MX,Mexico,AMR,7802.0,2073858,782.0,204361,6629.714285714285,830.8571428571429,0.1253232201344596,Alpha,MEX,,1308496.0,,363905.2142857143,1672401.857142857,1.6428571428571428,,,,,,0.1253232201344596,126705000,52.32401472486709,6.557414015683224
2021-02-19,MX,Mexico,AMR,7038.0,2080896,758.0,205119,6416.285714285715,812.2857142857143,0.1265974974395511,Alpha,MEX,,1346259.0,,381915.3928571429,1728175.0714285714,1.6785714285714284,,,,,,0.1265974974395511,126705000,50.639562087413395,6.410841831701309
2021-02-20,MX,Mexico,AMR,6982.0,2087878,687.0,205806,6294.285714285715,778.4285714285714,0.1236722650930549,Alpha,MEX,,1384022.0,,399925.5714285715,1783948.2857142857,1.7142857142857142,,,,,,0.1236722650930549,126705000,49.67669558648605,6.143629465518893
2021-02-21,MX,Mexico,AMR,6799.0,2094677,729.0,206535,6162.285714285715,760.1428571428571,0.1233540430267062,Alpha,MEX,,1421785.0,,417935.75,1839721.5,1.75,,,,,,0.1233540430267062,126705000,48.63490560187613,5.999312238213624
2021-02-22,MX,Mexico,AMR,3433.0,2098110,620.0,207155,6081.142857142857,738.5714285714286,0.1214527344484119,Alpha,MEX,,1459548.0,,435945.9285714286,1895494.7142857143,1.7857142857142856,,,,,,0.1214527344484119,126705000,47.99449790570899,5.829063009126937
2021-02-23,MX,Mexico,AMR,2050.0,2100160,721.0,207876,6063.714285714285,728.7142857142857,0.1201762239080243,Alpha,MEX,,1497311.0,,453956.1071428572,1951267.9285714284,1.821428571428572,,,,,,0.1201762239080243,126705000,47.85694554843365,5.751267003782689
2021-02-24,MX,Mexico,AMR,8649.0,2108809,732.0,208608,6107.571428571428,718.4285714285714,0.1176291722218323,Alpha,MEX,,1535074.0,,471966.28571428574,2007041.1428571427,1.8571428571428568,,,,,,0.1176291722218323,126705000,48.203081398298636,5.670088563423476
2021-02-25,MX,Mexico,AMR,7520.0,2116329,611.0,209219,6067.285714285715,694.0,0.1143839325657507,Alpha,MEX,,1572837.0,,489976.4642857143,2062814.357142857,1.8928571428571428,,,,,,0.1143839325657507,126705000,47.885132506891715,5.4772897675703405
2021-02-26,MX,Mexico,AMR,6878.0,2123207,602.0,209821,6044.428571428572,671.7142857142857,0.1111294935123253,Alpha,MEX,,1610600.0,,507986.6428571429,2118587.571428572,1.9285714285714284,,,,,,0.1111294935123253,126705000,47.70473597276012,5.301403146792042
2021-02-27,MX,Mexico,AMR,6788.0,2129995,589.0,210410,6016.714285714285,657.7142857142857,0.1093145285751596,Alpha,MEX,,1648363.0,,525996.8214285715,2174360.785714285,1.9642857142857144,,,,,,0.1093145285751596,126705000,47.48600517512557,5.190910269636444
2021-02-28,MX,Mexico,AMR,6886.0,2136881,574.0,210984,6029.142857142857,635.5714285714286,0.1054165481944839,Alpha,MEX,MEX,1686126.0,,544007.0,2230134.0,2.0,1.0,,,2020-12-24,2023-12-29,0.1054165481944839,126705000,47.58409579055962,5.016151127196468
2021-03-01,MX,Mexico,AMR,3509.0,2140390,588.0,211572,6040.0,631.0,0.1044701986754966,Alpha,MEX,,1821029.9642857143,,557393.5714285715,2402376.9285714286,2.107142857142857,1.1071428571428572,,,,,0.1044701986754966,126705000,47.66978414427213,4.980071820370152
2021-03-02,MX,Mexico,AMR,2116.0,2142506,597.0,212169,6049.428571428572,613.2857142857143,0.1013791149104992,Alpha,MEX,,1955933.9285714289,,570780.1428571428,2574619.8571428573,2.2142857142857144,1.2142857142857142,,,,,0.1013791149104992,126705000,47.744197714601405,4.840264506418171
2021-03-03,MX,Mexico,AMR,8675.0,2151181,584.0,212753,6053.142857142857,592.1428571428571,0.0978240347399225,Alpha,MEX,,2090837.8928571427,,584166.7142857143,2746862.785714286,2.321428571428571,1.3214285714285714,,,,,0.0978240347399225,126705000,47.77351215139779,4.673397712346451
2021-03-04,MX,Mexico,AMR,6955.0,2158136,567.0,213320,5972.428571428572,585.8571428571429,0.0980936206855311,Alpha,MEX,,2225741.8571428573,,597553.2857142857,2919105.7142857146,2.4285714285714284,1.4285714285714286,,,,,0.0980936206855311,126705000,47.13648689024562,4.623788665460266
2021-03-05,MX,Mexico,AMR,6589.0,2164725,514.0,213834,5931.142857142857,573.2857142857143,0.0966568717182908,Alpha,MEX,,2360645.821428572,,610939.8571428572,3091348.6428571427,2.5357142857142856,1.5357142857142856,,,,,0.0966568717182908,126705000,46.81064565047044,4.5245705716878915
2021-03-06,MX,Mexico,AMR,6334.0,2171059,516.0,214350,5866.285714285715,562.8571428571429,0.0959477888174556,Alpha,MEX,,2495549.785714285,,624326.4285714286,3263591.571428572,2.642857142857143,1.6428571428571428,,,,,0.0959477888174556,126705000,46.29877048487206,4.442264652990355
2021-03-07,MX,Mexico,AMR,6014.0,2177073,523.0,214873,5741.714285714285,555.5714285714286,0.0967605493630573,Alpha,MEX,,2630453.75,,637713.0,3435834.5,2.75,1.75,,,,,0.0967605493630573,126705000,45.3156093738549,4.38476325773591
2021-03-08,MX,Mexico,AMR,3066.0,2180139,487.0,215360,5678.428571428572,541.1428571428571,0.0952979949181111,Alpha,MEX,,2765357.7142857146,,651099.5714285715,3608077.4285714286,2.857142857142857,1.8571428571428568,,,,,0.0952979949181111,126705000,44.81613646997807,4.270887945565345
2021-03-09,MX,Mexico,AMR,2001.0,2182140,489.0,215849,5662.0,525.7142857142857,0.0928495735984255,Alpha,MEX,,2900261.6785714286,,664486.1428571428,3780320.357142857,2.9642857142857144,1.9642857142857144,,,,,0.0928495735984255,126705000,44.686476461070995,4.149120285026523
2021-03-10,MX,Mexico,AMR,7093.0,2189233,521.0,216370,5436.0,516.7142857142857,0.0950541364448649,Alpha,MEX,,3035165.6428571427,,677872.7142857143,3952563.285714286,3.071428571428571,2.071428571428571,,,,,0.0950541364448649,126705000,42.902805729844914,4.078089149712211
2021-03-11,MX,Mexico,AMR,5976.0,2195209,468.0,216838,5296.142857142857,502.57142857142856,0.09489385806382,Alpha,MEX,,3170069.6071428573,,691259.2857142857,4124806.2142857146,3.178571428571429,2.178571428571429,,,,,0.09489385806382,126705000,41.79900443662726,3.9664687942182906
2021-03-12,MX,Mexico,AMR,5529.0,2200738,539.0,217377,5144.714285714285,506.1428571428572,0.0983811401438369,Alpha,MEX,,3304973.571428572,,704645.8571428572,4297049.142857143,3.2857142857142856,2.2857142857142856,,,,,0.0983811401438369,126705000,40.603877398005494,3.994655752676352
2021-03-13,MX,Mexico,AMR,5373.0,2206111,493.0,217870,5007.428571428572,502.8571428571428,0.1004222298299669,Alpha,MEX,,3439877.535714285,,718032.4285714286,4469292.071428571,3.392857142857143,2.392857142857143,,,,,0.1004222298299669,126705000,39.52037071487764,3.968723750894935
2021-03-14,MX,Mexico,AMR,5267.0,2211378,414.0,218284,4900.714285714285,487.2857142857143,0.0994315697420201,Alpha,MEX,,3574781.5,,731419.0,4641535.0,3.5,2.5,,,,,0.0994315697420201,126705000,38.67814439615079,3.8458286120177916
2021-03-15,MX,Mexico,AMR,2671.0,2214049,435.0,218719,4844.285714285715,479.8571428571428,0.0990563255676791,Alpha,MEX,,3709685.4642857146,,744805.5714285715,4813777.928571429,3.6071428571428568,2.6071428571428568,,,,,0.0990563255676791,126705000,38.232790452513434,3.787199738425025
2021-03-16,MX,Mexico,AMR,1562.0,2215611,466.0,219185,4781.571428571428,476.57142857142856,0.099668369633414,Alpha,MEX,,3844589.4285714286,,758192.1428571428,4986020.857142857,3.7142857142857135,2.7142857142857144,,,,,0.099668369633414,126705000,37.73782746198989,3.76126773664361
2021-03-17,MX,Mexico,AMR,2151.0,2217762,415.0,219600,4075.571428571429,461.4285714285714,0.1132181289214483,Alpha,MEX,,3979493.392857143,,771578.7142857143,5158263.785714285,3.821428571428571,2.821428571428571,,,,,0.1132181289214483,126705000,32.165829514000464,3.641755032781432
2021-03-18,MX,Mexico,AMR,6785.0,2224547,395.0,219995,4191.142857142857,451.0,0.1076078805644556,Alpha,MEX,,4114397.357142857,,784965.2857142857,5330506.714285715,3.928571428571429,2.9285714285714284,,,,,0.1076078805644556,126705000,33.077959489703304,3.5594491140838955
2021-03-19,MX,Mexico,AMR,5314.0,2229861,407.0,220402,4160.428571428572,432.1428571428572,0.1038697936338976,Alpha,MEX,,4249301.321428571,,798351.8571428572,5502749.642857144,4.035714285714286,3.0357142857142856,,,,,0.1038697936338976,126705000,32.835551646963985,3.4106219734253362
2021-03-20,MX,Mexico,AMR,5042.0,2234903,376.0,220778,4113.142857142857,415.4285714285714,0.1010002778549597,Alpha,MEX,,4384205.285714285,,811738.4285714286,5674992.571428572,4.142857142857142,3.142857142857143,,,,,0.1010002778549597,126705000,32.46235631697926,3.2787070078416116
2021-03-21,MX,Mexico,AMR,4777.0,2239680,387.0,221165,4043.142857142857,411.57142857142856,0.1017949261536287,Alpha,MEX,,4519109.25,,825125.0,5847235.5,4.25,3.25,,,,,0.1017949261536287,126705000,31.90989193120127,3.248265092706906
2021-03-22,MX,Mexico,AMR,2441.0,2242121,354.0,221519,4010.285714285714,400.0,0.0997435166714163,Alpha,MEX,,4654013.214285715,,838511.5714285714,6019478.428571429,4.357142857142858,3.357142857142857,,,,,0.0997435166714163,126705000,31.650571913387115,3.15693934730279
2021-03-23,MX,Mexico,AMR,1559.0,2243680,383.0,221902,4009.857142857143,388.1428571428572,0.0967971783818447,Alpha,MEX,,4788917.178571429,,851898.142857143,6191721.357142857,4.4642857142857135,3.464285714285714,,,,,0.0967971783818447,126705000,31.64718947837215,3.063358645222029
2021-03-24,MX,Mexico,AMR,5947.0,2249627,364.0,222266,4552.142857142857,380.8571428571428,0.0836654636748784,Alpha,MEX,,4923821.142857143,,865284.7142857143,6363964.285714285,4.571428571428571,3.571428571428571,,,,,0.0836654636748784,126705000,35.927097250644074,3.0058572499675846
2021-03-25,MX,Mexico,AMR,5223.0,2254850,403.0,222669,4329.0,382.0,0.0882420882420882,Alpha,MEX,,5058725.107142857,,878671.2857142857,6536207.214285715,4.678571428571429,3.678571428571429,,,,,0.0882420882420882,126705000,34.16597608618444,3.0148770766741646
2021-03-26,MX,Mexico,AMR,4670.0,2259520,346.0,223015,4237.0,373.2857142857143,0.0881014194679523,Alpha,MEX,,5193629.071428571,,892057.8571428572,6708450.142857143,4.785714285714286,3.7857142857142856,,,,,0.0881014194679523,126705000,33.43988003630481,2.946100898036496
2021-03-27,MX,Mexico,AMR,4623.0,2264143,302.0,223317,4177.142857142857,362.7142857142857,0.0868331053351573,Alpha,MEX,,5328533.035714285,,905444.4285714286,6880693.071428572,4.892857142857142,3.892857142857143,,,,,0.0868331053351573,126705000,32.9674666125477,2.862667501000637
2021-03-28,MX,Mexico,AMR,4201.0,2268344,290.0,223607,4094.857142857143,348.85714285714283,0.0851939715322355,Alpha,MEX,MEX,5463437.0,,918831.0,7052936.0,5.0,4.0,,1.0,2020-12-24,2023-12-29,0.0851939715322355,126705000,32.318039089673995,2.7533021021833615
2021-03-29,MX,Mexico,AMR,2263.0,2270607,321.0,223928,4069.428571428572,344.1428571428572,0.0845678578951063,Alpha,MEX,,5464153.0,,1127168.5357142857,7238037.107142857,5.142857142857143,4.0,,1.1428571428571428,,,0.0845678578951063,126705000,32.11734794545261,2.7160953170187225
2021-03-30,MX,Mexico,AMR,1328.0,2271935,358.0,224286,4036.428571428572,340.57142857142856,0.0843744470005308,Alpha,MEX,,5464869.0,,1335506.0714285714,7423138.214285715,5.285714285714286,4.0,,1.2857142857142856,,,0.0843744470005308,126705000,31.85690044930012,2.687908358560661
2021-03-31,MX,Mexico,AMR,5317.0,2277252,340.0,224626,3946.428571428572,337.1428571428572,0.0854298642533936,Alpha,MEX,,5465585.0,,1543843.6071428573,7608239.321428571,5.428571428571429,4.0,,1.4285714285714286,,,0.0854298642533936,126705000,31.146589096156998,2.6608488784409237
2021-04-01,MX,Mexico,AMR,4462.0,2281714,322.0,224948,3837.714285714286,325.57142857142856,0.0848347230494341,Alpha,MEX,,5466301.0,,1752181.1428571427,7793340.428571428,5.571428571428571,4.0,,1.5714285714285714,,,0.0848347230494341,126705000,30.288578080693622,2.5695231330368062
2021-04-02,MX,Mexico,AMR,4046.0,2285760,320.0,225268,3748.571428571429,321.85714285714283,0.0858612804878048,Alpha,MEX,,5467017.0,,1960518.6785714289,7978441.535714285,5.714285714285714,4.0,,1.7142857142857142,,,0.0858612804878048,126705000,29.585031597580432,2.5402086962404233
2021-04-03,MX,Mexico,AMR,2096.0,2287856,302.0,225570,3387.5714285714284,321.85714285714283,0.0950111753046852,Alpha,MEX,,5467733.0,,2168856.2142857146,8163542.642857143,5.857142857142857,4.0,,1.8571428571428568,,,0.0950111753046852,126705000,26.735893836639665,2.5402086962404233
2021-04-04,MX,Mexico,AMR,1706.0,2289562,310.0,225880,3031.1428571428573,324.7142857142857,0.1071260250730511,Alpha,MEX,,5468449.0,,2377193.75,8348643.75,6.0,4.0,,2.0,,,0.1071260250730511,126705000,23.922835382525214,2.562758263006872
2021-04-05,MX,Mexico,AMR,1617.0,2291179,306.0,226186,2938.8571428571427,322.57142857142856,0.1097608399766673,Alpha,MEX,,5469165.0,,2585531.285714285,8533744.857142856,6.142857142857142,4.0,,2.142857142857143,,,0.1097608399766673,126705000,23.194484375968926,2.5458460879320355
2021-04-06,MX,Mexico,AMR,1434.0,2292613,272.0,226458,2954.0,310.2857142857143,0.105039172066931,Alpha,MEX,,5469881.0,,2793868.821428572,8718845.964285715,6.285714285714286,4.0,,2.2857142857142856,,,0.105039172066931,126705000,23.313997079831104,2.4488829508363072
2021-04-07,MX,Mexico,AMR,5561.0,2298174,315.0,226773,2988.8571428571427,306.7142857142857,0.1026192524615237,Alpha,MEX,,5470597.0,,3002206.3571428573,8903947.07142857,6.428571428571429,4.0,,2.4285714285714284,,,0.1026192524615237,126705000,23.589101794381772,2.4206959923782465
2021-04-08,MX,Mexico,AMR,4658.0,2302832,279.0,227052,3016.8571428571427,300.57142857142856,0.0996306468415569,Alpha,MEX,,5471313.0,,3210543.8928571427,9089048.17857143,6.571428571428571,4.0,,2.571428571428571,,,0.0996306468415569,126705000,23.81008754869297,2.3722144238303824
2021-04-09,MX,Mexico,AMR,4425.0,2307257,312.0,227364,3071.0,299.42857142857144,0.0975019770200493,Alpha,MEX,,5472029.0,,3418881.4285714286,9274149.285714284,6.714285714285714,4.0,,2.7142857142857144,,,0.0975019770200493,126705000,24.237401838917172,2.363194597123803
2021-04-10,MX,Mexico,AMR,4253.0,2311510,293.0,227657,3379.1428571428573,298.1428571428572,0.0882303204532003,Alpha,MEX,,5472745.0,,3627218.964285714,9459250.392857142,6.857142857142857,4.0,,2.8571428571428568,,,0.0882303204532003,126705000,26.669372614678643,2.3530472920789016
2021-04-11,MX,Mexico,AMR,4063.0,2315573,283.0,227940,3715.857142857143,294.2857142857143,0.0791972626965514,Alpha,MEX,,5473461.0,,3835556.5,9644351.5,7.0,4.0,,3.0,,,0.0791972626965514,126705000,29.3268390581046,2.322605376944195
2021-04-12,MX,Mexico,AMR,2231.0,2317804,279.0,228219,3803.571428571429,290.42857142857144,0.0763568075117371,Alpha,MEX,,5474177.0,,4043894.035714285,9829452.607142856,7.142857142857142,4.0,,3.142857142857143,,,0.0763568075117371,126705000,30.019110757834568,2.29216346180949
2021-04-13,MX,Mexico,AMR,1210.0,2319014,273.0,228492,3771.571428571429,290.57142857142856,0.0770425362675656,Alpha,MEX,,5474893.0,,4252231.571428571,10014553.714285716,7.285714285714286,4.0,,3.2857142857142856,,,0.0770425362675656,126705000,29.766555610050343,2.2932909401478123
2021-04-14,MX,Mexico,AMR,5099.0,2324113,261.0,228753,3705.571428571429,282.85714285714283,0.0763329349627973,Alpha,MEX,,5475609.0,,4460569.107142857,10199654.82142857,7.428571428571429,4.0,,3.4285714285714284,,,0.0763329349627973,126705000,29.245660617745386,2.2324071098784013
2021-04-15,MX,Mexico,AMR,4257.0,2328370,298.0,229051,3648.285714285714,285.57142857142856,0.0782755110032109,Alpha,MEX,,5476325.0,,4668906.642857143,10384755.92857143,7.571428571428571,4.0,,3.571428571428571,,,0.0782755110032109,126705000,28.79354180407809,2.2538291983065273
2021-04-16,MX,Mexico,AMR,3853.0,2332223,275.0,229326,3566.5714285714284,280.2857142857143,0.0785868781542898,Alpha,MEX,,5477041.0,,4877244.178571429,10569857.035714284,7.7142857142857135,4.0,,3.714285714285714,,,0.0785868781542898,126705000,28.14862419455766,2.212112499788598
2021-04-17,MX,Mexico,AMR,3783.0,2336006,283.0,229609,3499.428571428572,278.85714285714283,0.0796864794252122,Alpha,MEX,,5477757.0,,5085581.714285715,10754958.142857142,7.857142857142857,4.0,,3.8571428571428568,,,0.0796864794252122,126705000,27.618709375546125,2.200837716405373
2021-04-18,MX,Mexico,AMR,3334.0,2339340,254.0,229863,3395.285714285714,274.7142857142857,0.0809105061640089,Alpha,MEX,,5478473.0,,5293919.25,10940059.25,8.0,4.0,,4.0,,,0.0809105061640089,126705000,26.796777666909076,2.1681408445940233
2021-04-19,MX,Mexico,AMR,1690.0,2341030,264.0,230127,3318.0,272.57142857142856,0.0821493154223714,Alpha,MEX,,5479189.0,,5502256.785714285,11125160.357142856,8.142857142857142,4.0,,4.142857142857142,,,0.0821493154223714,126705000,26.186811885876644,2.151228669519187
2021-04-20,MX,Mexico,AMR,1101.0,2342131,212.0,230339,3302.428571428572,263.85714285714283,0.0798979106285417,Alpha,MEX,,5479905.0,,5710594.321428571,11310261.464285713,8.285714285714285,4.0,,4.285714285714286,,,0.0798979106285417,126705000,26.063916746999503,2.082452490881519
2021-04-21,MX,Mexico,AMR,4350.0,2346481,234.0,230573,3195.428571428572,260.0,0.0813662374821173,Alpha,MEX,,5480621.0,,5918931.857142857,11495362.57142857,8.428571428571429,4.0,,4.428571428571429,,,0.0813662374821173,126705000,25.219435471596004,2.0520105757468134
2021-04-22,MX,Mexico,AMR,3667.0,2350148,255.0,230828,3111.1428571428573,253.8571428571429,0.081596106162182,Alpha,MEX,,5481337.0,,6127269.392857143,11680463.67857143,8.571428571428571,4.0,,4.571428571428571,,,0.081596106162182,126705000,24.55422325198577,2.0035290071989493
2021-04-23,MX,Mexico,AMR,3639.0,2353787,231.0,231059,3080.5714285714284,247.57142857142856,0.0803654238545724,Alpha,MEX,,5482053.0,,6335606.928571428,11865564.785714284,8.714285714285714,4.0,,4.7142857142857135,,,0.0803654238545724,126705000,24.31294288758477,1.9539199603127624
2021-04-24,MX,Mexico,AMR,3287.0,2357074,206.0,231265,3009.714285714286,236.57142857142856,0.0786026200873362,Alpha,MEX,,5482769.0,,6543944.464285715,12050665.892857142,8.857142857142858,4.0,,4.857142857142857,,,0.0786026200873362,126705000,23.753713631776847,1.8671041282619356
2021-04-25,MX,Mexico,AMR,3191.0,2360265,209.0,231474,2989.285714285714,230.14285714285717,0.0769892473118279,Alpha,MEX,MEX,5483485.0,,6752282.0,12235767.0,9.0,4.0,,5.0,2020-12-24,2023-12-29,0.0769892473118279,126705000,23.592484229396742,1.8163676030374267
2021-04-26,MX,Mexico,AMR,1748.0,2362013,211.0,231685,2997.5714285714284,222.57142857142856,0.0742505838059381,Alpha,MEX,,5941808.942857143,,6942712.857142857,12754135.6,9.428571428571429,4.371428571428572,,5.142857142857143,,,0.0742505838059381,126705000,23.657877973019442,1.756611251106338
2021-04-27,MX,Mexico,AMR,1072.0,2363085,201.0,231886,2993.428571428572,221.0,0.0738283859883554,Alpha,MEX,,6400132.885714286,,7133143.714285715,13272504.2,9.857142857142858,4.742857142857143,,5.285714285714286,,,0.0738283859883554,126705000,23.6251811012081,1.7442089893847914
2021-04-28,MX,Mexico,AMR,3996.0,2367081,218.0,232104,2942.8571428571427,218.7142857142857,0.0743203883495145,Alpha,MEX,,6858456.828571429,,7323574.571428571,13790872.8,10.285714285714285,5.114285714285714,,5.428571428571429,,,0.0743203883495145,126705000,23.226053769441954,1.7261693359716326
2021-04-29,MX,Mexico,AMR,3460.0,2370541,199.0,232303,2913.285714285714,210.7142857142857,0.0723287402540087,Alpha,MEX,,7316780.771428571,,7514005.428571428,14309241.4,10.714285714285714,5.485714285714286,,5.571428571428571,,,0.0723287402540087,126705000,22.992665753409213,1.6630305490255768
2021-04-30,MX,Mexico,AMR,3184.0,2373725,199.0,232502,2848.285714285714,206.14285714285717,0.0723743605176045,Alpha,MEX,,7775104.714285715,,7704436.285714285,14827610.0,11.142857142857142,5.857142857142858,,5.714285714285714,,,0.0723743605176045,126705000,22.47966310947251,1.6269512421992594
2021-05-01,MX,Mexico,AMR,2981.0,2376706,211.0,232713,2804.5714285714284,206.8571428571429,0.0737571312143439,Alpha,MEX,,8233428.657142857,,7894867.142857143,15345978.6,11.571428571428571,6.228571428571429,,5.857142857142857,,,0.0737571312143439,126705000,22.134654737945844,1.6325886338908715
2021-05-02,MX,Mexico,AMR,2701.0,2379407,161.0,232874,2734.5714285714284,200.0,0.0731376031762616,Alpha,MEX,,8691752.6,,8085298.0,15864347.2,12.0,6.6,,6.0,,,0.0731376031762616,126705000,21.582190352167856,1.578469673651395
2021-05-03,MX,Mexico,AMR,1002.0,2380409,178.0,233052,2628.0,195.28571428571428,0.0743096325288106,Alpha,MEX,,9150076.542857142,,8275728.857142857,16382715.8,12.428571428571429,6.971428571428572,,6.142857142857142,,,0.0743096325288106,126705000,20.741091511779327,1.541262888486755
2021-05-04,MX,Mexico,AMR,956.0,2381365,192.0,233244,2611.428571428572,194.0,0.074288840262582,Alpha,MEX,,9608400.485714288,,8466159.714285715,16901084.4,12.857142857142858,7.342857142857143,,6.285714285714286,,,0.074288840262582,126705000,20.61030402453393,1.5311155834418533
2021-05-05,MX,Mexico,AMR,3440.0,2384805,170.0,233414,2532.0,187.14285714285717,0.0739110810200857,Alpha,MEX,,10066724.42857143,,8656590.57142857,17419453.0,13.285714285714285,7.714285714285714,,6.428571428571429,,,0.0739110810200857,126705000,19.98342606842666,1.4769966232023768
2021-05-06,MX,Mexico,AMR,2905.0,2387710,158.0,233572,2452.714285714286,181.28571428571428,0.0739122837672549,Alpha,MEX,,10525048.371428572,,8847021.42857143,17937821.6,13.714285714285715,8.085714285714285,,6.571428571428571,,,0.0739122837672549,126705000,19.357675590657713,1.4307700113311572
2021-05-07,MX,Mexico,AMR,2591.0,2390301,178.0,233750,2368.0,178.28571428571428,0.0752895752895752,Alpha,MEX,,10983372.314285714,,9037452.285714284,18456190.2,14.142857142857142,8.457142857142857,,6.714285714285714,,,0.0752895752895752,126705000,18.689080936032518,1.4070929662263862
2021-05-08,MX,Mexico,AMR,2779.0,2393080,154.0,233904,2339.1428571428573,170.14285714285714,0.0727372663979479,Alpha,MEX,,11441696.257142857,,9227883.142857142,18974558.8,14.571428571428571,8.82857142857143,,6.857142857142857,,,0.0727372663979479,126705000,18.461330311691388,1.342826700942008
2021-05-09,MX,Mexico,AMR,2502.0,2395582,134.0,234038,2310.714285714286,166.28571428571428,0.0719629057187016,Alpha,MEX,,11900020.2,,9418314.0,19492927.4,15.0,9.2,,7.0,,,0.0719629057187016,126705000,18.236962122365224,1.3123847858073026
2021-05-10,MX,Mexico,AMR,1280.0,2396862,134.0,234172,2350.428571428572,160.0,0.0680726919102899,Alpha,MEX,,12358344.142857142,,9608744.857142856,20011296.0,15.428571428571429,9.571428571428571,,7.142857142857142,,,0.0680726919102899,126705000,18.550401100418863,1.262775738921116
2021-05-11,MX,Mexico,AMR,782.0,2397644,151.0,234323,2325.5714285714284,154.14285714285714,0.0662817126359113,Alpha,MEX,,12816668.085714284,,9799175.714285716,20529664.6,15.857142857142858,9.942857142857145,,7.285714285714286,,,0.0662817126359113,126705000,18.354219869550757,1.2165491270498965
2021-05-12,MX,Mexico,AMR,1731.0,2399375,167.0,234490,2081.428571428572,153.71428571428572,0.073850377487989,Alpha,MEX,,13274992.028571429,,9989606.57142857,21048033.2,16.285714285714285,10.314285714285717,,7.428571428571429,,,0.073850377487989,126705000,16.427359389357736,1.2131666920349293
2021-05-13,MX,Mexico,AMR,3199.0,2402574,128.0,234618,2123.428571428572,149.42857142857142,0.0703713670613562,Alpha,MEX,,13733315.971428571,,10180037.42857143,21566401.8,16.714285714285715,10.685714285714289,,7.571428571428571,,,0.0703713670613562,126705000,16.75883802082453,1.1793423418852564
2021-05-14,MX,Mexico,AMR,2635.0,2405209,139.0,234757,2129.714285714286,143.85714285714286,0.0675476254360075,Alpha,MEX,,14191639.914285714,,10370468.285714284,22084770.4,17.142857142857142,11.057142857142855,,7.7142857142857135,,,0.0675476254360075,126705000,16.808447067710713,1.135370686690682
2021-05-15,MX,Mexico,AMR,2374.0,2407583,112.0,234869,2071.8571428571427,137.85714285714286,0.0665379576639316,Alpha,MEX,,14649963.857142856,,10560899.142857142,22603139.0,17.57142857142857,11.428571428571429,,7.857142857142857,,,0.0665379576639316,126705000,16.351818340690127,1.0880165964811401
2021-05-16,MX,Mexico,AMR,2481.0,2410064,132.0,235001,2068.8571428571427,137.57142857142858,0.0664963402844911,Alpha,MEX,,15108287.8,,10751330.0,23121507.6,18.0,11.8,,8.0,,,0.0664963402844911,126705000,16.328141295585358,1.0857616398044954
2021-05-17,MX,Mexico,AMR,1212.0,2411276,110.0,235111,2059.1428571428573,134.14285714285714,0.0651449979186901,Alpha,MEX,,15566611.74285714,,10941760.857142856,23639876.2,18.42857142857143,12.17142857142857,,8.142857142857142,,,0.0651449979186901,126705000,16.251472768579436,1.0587021596847572
2021-05-18,MX,Mexico,AMR,773.0,2412049,126.0,235237,2057.8571428571427,130.57142857142858,0.0634501909059354,Alpha,MEX,,16024935.685714286,,11132191.714285713,24158244.8,18.85714285714285,12.542857142857144,,8.285714285714285,,,0.0634501909059354,126705000,16.24132546353453,1.0305152012266967
2021-05-19,MX,Mexico,AMR,2894.0,2414943,133.0,235370,2224.0,125.71428571428572,0.0565262076053442,Alpha,MEX,,16483259.628571428,,11322622.57142857,24676613.4,19.285714285714285,12.914285714285716,,8.428571428571429,,,0.0565262076053442,126705000,17.552582771003514,0.992180937723734
2021-05-20,MX,Mexico,AMR,2581.0,2417524,133.0,235503,2135.714285714286,126.42857142857144,0.0591973244147157,Alpha,MEX,,16941583.57142857,,11513053.42857143,25194982.0,19.714285714285715,13.285714285714286,,8.571428571428571,,,0.0591973244147157,126705000,16.855801157920254,0.9978183294153463
2021-05-21,MX,Mexico,AMR,2489.0,2420013,118.0,235621,2114.8571428571427,123.42857142857144,0.058362604701432,Alpha,MEX,,17399907.514285713,,11703484.285714284,25713350.6,20.142857142857142,13.657142857142858,,8.714285714285714,,,0.058362604701432,126705000,16.69118932052518,0.9741412843105753
2021-05-22,MX,Mexico,AMR,2413.0,2422426,102.0,235723,2120.428571428572,122.0,0.0575355386377416,Alpha,MEX,,17858231.457142856,,11893915.142857142,26231719.2,20.57142857142857,14.028571428571428,,8.857142857142858,,,0.0575355386377416,126705000,16.735160975719758,0.9628665009273509
2021-05-23,MX,Mexico,AMR,2388.0,2424814,105.0,235828,2107.1428571428573,118.14285714285714,0.0560677966101694,Alpha,MEX,,18316555.4,,12084346.0,26750087.8,21.0,14.4,,9.0,,,0.0560677966101694,126705000,16.630305490255772,0.9324245857926454
2021-05-24,MX,Mexico,AMR,1150.0,2425964,86.0,235914,2098.285714285714,114.71428571428572,0.0546704793028322,Alpha,MEX,,18774879.342857145,,12274776.857142856,27268456.4,21.428571428571427,14.771428571428572,,9.142857142857142,,,0.0546704793028322,126705000,16.56040183327978,0.9053651056729073
2021-05-25,MX,Mexico,AMR,799.0,2426763,125.0,236039,2102.0,114.57142857142856,0.0545059127361696,Alpha,MEX,,19233203.285714284,,12465207.714285713,27786825.0,21.85714285714285,15.142857142857142,,9.285714285714285,,,0.0545059127361696,126705000,16.589716270076163,0.9042376273345847
2021-05-26,MX,Mexico,AMR,2956.0,2429719,115.0,236154,2110.8571428571427,112.0,0.0530590146182999,Alpha,MEX,,19691527.22857143,,12655638.57142857,28305193.6,22.285714285714285,15.514285714285714,,9.428571428571429,,,0.0530590146182999,126705000,16.65961992705215,0.8839430172447812
2021-05-27,MX,Mexico,AMR,2717.0,2432436,112.0,236266,2130.285714285714,109.0,0.0511668454935622,Alpha,MEX,,20149851.17142857,,12846069.42857143,28823562.2,22.714285714285715,15.885714285714286,,9.571428571428571,,,0.0511668454935622,126705000,16.812956981064,0.8602659721400102
2021-05-28,MX,Mexico,AMR,2634.0,2435070,98.0,236364,2151.0,106.14285714285714,0.0493458192202962,Alpha,MEX,,20608175.114285715,,13036500.285714284,29341930.8,23.142857142857142,16.25714285714286,,9.714285714285715,,,0.0493458192202962,126705000,16.97644134012075,0.8377164053735617
2021-05-29,MX,Mexico,AMR,2558.0,2437628,108.0,236472,2171.714285714286,107.0,0.0492698329167214,Alpha,MEX,,21066499.057142854,,13226931.142857142,29860299.4,23.57142857142857,16.62857142857143,,9.857142857142858,,,0.0492698329167214,126705000,17.139925699177507,0.8444812754034963
2021-05-30,MX,Mexico,AMR,2499.0,2440127,102.0,236574,2187.5714285714284,106.57142857142856,0.0487167765950499,Alpha,MEX,MEX,21524823.0,,13417362.0,30378668.0,24.0,17.0,,10.0,2020-12-24,2023-12-29,0.0487167765950499,126705000,17.265075794731292,0.8410988403885289
2021-05-31,MX,Mexico,AMR,1139.0,2441266,96.0,236670,2186.0,108.0,0.0494053064958828,Alpha,MEX,,21674238.46428572,,13621045.67857143,30894749.89285714,24.392857142857142,17.107142857142858,,10.178571428571429,,,0.0494053064958828,126705000,17.252673533009748,0.8523736237717533
2021-06-01,MX,Mexico,AMR,932.0,2442198,96.0,236766,2205.0,103.85714285714286,0.0471007450599287,Alpha,MEX,,21823653.92857143,,13824729.357142856,31410831.785714287,24.785714285714285,17.214285714285715,,10.357142857142858,,,0.0471007450599287,126705000,17.40262815200663,0.819676751960403
2021-06-02,MX,Mexico,AMR,3080.0,2445278,112.0,236878,2222.714285714286,103.42857142857144,0.0465325535060093,Alpha,MEX,,21973069.39285714,,14028413.035714284,31926913.67857143,25.178571428571427,17.321428571428573,,10.535714285714286,,,0.0465325535060093,126705000,17.54243546595861,0.8162943169454357
2021-06-03,MX,Mexico,AMR,2808.0,2448086,98.0,236976,2235.714285714286,101.42857142857144,0.045367412140575,Alpha,MEX,,22122484.85714286,,14232096.714285716,32442995.57142857,25.571428571428573,17.428571428571427,,10.714285714285714,,,0.045367412140575,126705000,17.645035994745953,0.8005096202089219
2021-06-04,MX,Mexico,AMR,2812.0,2450898,93.0,237069,2261.1428571428573,100.71428571428572,0.0445413191811978,Alpha,MEX,,22271900.32142857,,14435780.392857144,32959077.46428572,25.964285714285715,17.535714285714285,,10.892857142857142,,,0.0445413191811978,126705000,17.845727138967344,0.7948722285173097
2021-06-05,MX,Mexico,AMR,2655.0,2453553,69.0,237138,2275.0,95.14285714285714,0.0418210361067503,Alpha,MEX,,22421315.785714287,,14639464.07142857,33475159.35714286,26.357142857142858,17.642857142857142,,11.071428571428571,,,0.0418210361067503,126705000,17.95509253778462,0.750900573322735
2021-06-06,MX,Mexico,AMR,2767.0,2456320,90.0,237228,2313.285714285714,93.42857142857144,0.0403878218983511,Alpha,MEX,,22570731.25,,14843147.75,33991241.25,26.75,17.75,,11.25,,,0.0403878218983511,126705000,18.257256732455026,0.7373708332628661
2021-06-07,MX,Mexico,AMR,1350.0,2457670,105.0,237333,2343.428571428572,94.71428571428572,0.040416971470373,Alpha,MEX,,22720146.71428572,,15046831.42857143,34507323.14285714,27.142857142857142,17.857142857142858,,11.428571428571429,,,0.040416971470373,126705000,18.495154661841063,0.7475181383077678
2021-06-08,MX,Mexico,AMR,843.0,2458513,89.0,237422,2330.714285714286,93.71428571428572,0.0402083971805087,Alpha,MEX,,22869562.17857143,,15250515.107142858,35023405.03571428,27.535714285714285,17.964285714285715,,11.607142857142858,,,0.0402083971805087,126705000,18.394809089730366,0.7396257899395109
2021-06-09,MX,Mexico,AMR,3683.0,2462196,105.0,237527,2416.8571428571427,92.71428571428572,0.0383615084525357,Alpha,MEX,,23018977.64285714,,15454198.785714284,35539486.928571425,27.928571428571427,18.071428571428573,,11.785714285714286,,,0.0383615084525357,126705000,19.074678527738783,0.7317334415712539
2021-06-10,MX,Mexico,AMR,3589.0,2465785,108.0,237635,2528.428571428572,94.14285714285714,0.0372337420193231,Alpha,MEX,,23168393.10714286,,15657882.464285716,36055568.82142857,28.32142857142857,18.178571428571427,,11.964285714285715,,,0.0372337420193231,126705000,19.955239109968606,0.743008224954478
2021-06-11,MX,Mexico,AMR,3389.0,2469174,96.0,237731,2610.8571428571427,94.57142857142856,0.0362223681330707,Alpha,MEX,,23317808.57142857,,15861566.142857142,36571650.71428572,28.714285714285715,18.285714285714285,,12.142857142857142,,,0.0362223681330707,126705000,20.60579411118064,0.7463906599694453
2021-06-12,MX,Mexico,AMR,3308.0,2472482,88.0,237819,2704.1428571428573,97.28571428571428,0.0359765439273073,Alpha,MEX,,23467224.035714287,,16065249.82142857,37087732.60714286,29.107142857142858,18.392857142857142,,12.321428571428571,,,0.0359765439273073,126705000,21.342037466105182,0.7678127483975714
2021-06-13,MX,Mexico,AMR,3289.0,2475771,117.0,237936,2778.714285714286,101.14285714285714,0.0363991568556886,Alpha,MEX,,23616639.5,,16268933.5,37603814.5,29.5,18.5,,12.5,,,0.0363991568556886,126705000,21.93058115870949,0.7982546635322769
2021-06-14,MX,Mexico,AMR,1710.0,2477481,79.0,238015,2830.1428571428573,97.42857142857144,0.0344253192670738,Alpha,MEX,,23766054.96428572,,16472617.17857143,38119896.39285714,29.892857142857142,18.607142857142858,,12.678571428571429,,,0.0344253192670738,126705000,22.33647336050556,0.7689402267358939
2021-06-15,MX,Mexico,AMR,1095.0,2478576,85.0,238100,2866.1428571428573,96.85714285714286,0.033793550316503,Alpha,MEX,,23915470.42857143,,16676300.857142858,38635978.28571428,30.285714285714285,18.714285714285715,,12.857142857142858,,,0.033793550316503,126705000,22.620597901762814,0.7644303133826041
2021-06-16,MX,Mexico,AMR,4217.0,2482793,105.0,238205,2942.428571428572,96.85714285714286,0.0329174151575472,Alpha,MEX,,24064885.89285714,,16879984.535714287,39152060.17857143,30.67857142857143,18.821428571428573,,13.035714285714285,,,0.0329174151575472,126705000,23.22267133442699,0.7644303133826041
2021-06-17,MX,Mexico,AMR,3877.0,2486670,104.0,238309,2983.5714285714284,96.28571428571428,0.0322719655254967,Alpha,MEX,,24214301.35714286,,17083668.214285716,39668142.07142857,31.07142857142857,18.928571428571427,,13.214285714285715,,,0.0322719655254967,126705000,23.547385095863845,0.7599204000293144
2021-06-18,MX,Mexico,AMR,3937.0,2490607,104.0,238413,3061.8571428571427,97.42857142857144,0.0318200905146269,Alpha,MEX,,24363716.82142857,,17287351.89285714,40184223.96428572,31.464285714285715,19.035714285714285,,13.392857142857142,,,0.0318200905146269,126705000,24.165243225264533,0.7689402267358939
2021-06-19,MX,Mexico,AMR,3970.0,2494577,107.0,238520,3156.428571428572,100.14285714285714,0.0317266349852907,Alpha,MEX,,24513132.285714287,,17491035.57142857,40700305.85714286,31.857142857142858,19.142857142857142,,13.571428571428571,,,0.0317266349852907,126705000,24.911633885233986,0.7903623151640199
2021-06-20,MX,Mexico,AMR,3973.0,2498550,102.0,238622,3254.1428571428573,98.0,0.0301154572193687,Alpha,MEX,,24662547.75,,17694719.25,41216387.75,32.25,19.25,,13.75,,,0.0301154572193687,126705000,25.682829068646523,0.7734501400891836
2021-06-21,MX,Mexico,AMR,2064.0,2500614,95.0,238717,3304.714285714286,100.28571428571428,0.0303462585916223,Alpha,MEX,,24811963.21428572,,17898402.92857143,41732469.64285714,32.64285714285714,19.357142857142858,,13.928571428571429,,,0.0303462585916223,126705000,26.081956400412658,0.7914897935023423
2021-06-22,MX,Mexico,AMR,1272.0,2501886,125.0,238842,3330.0,106.0,0.0318318318318318,Alpha,MEX,,24961378.67857143,,18102086.60714286,42248551.53571428,33.035714285714285,19.464285714285715,,14.107142857142858,,,0.0318318318318318,126705000,26.281520066295727,0.8365889270352393
2021-06-23,MX,Mexico,AMR,5314.0,2507200,119.0,238961,3486.714285714286,108.0,0.0309747203671077,Alpha,MEX,,25110794.14285714,,18305770.285714284,42764633.42857143,33.42857142857143,19.57142857142857,,14.285714285714285,,,0.0309747203671077,126705000,27.518363803435427,0.8523736237717533
2021-06-24,MX,Mexico,AMR,5178.0,2512378,107.0,239068,3672.571428571429,108.42857142857144,0.029523883615995,Alpha,MEX,,25260209.60714286,,18509453.96428572,43280715.32142857,33.82142857142857,19.678571428571427,,14.464285714285715,,,0.029523883615995,126705000,28.985213121592906,0.8557560587867207
2021-06-25,MX,Mexico,AMR,5344.0,2517722,107.0,239175,3873.571428571429,108.85714285714286,0.0281025262769684,Alpha,MEX,,25409625.07142857,,18713137.64285714,43796797.21428572,34.214285714285715,19.785714285714285,,14.642857142857142,,,0.0281025262769684,126705000,30.571575143612556,0.8591384938016878
2021-06-26,MX,Mexico,AMR,5343.0,2523065,101.0,239276,4069.714285714286,108.0,0.0265374894692502,Alpha,MEX,,25559040.535714287,,18916821.32142857,44312879.10714286,34.60714285714286,19.892857142857142,,14.821428571428571,,,0.0265374894692502,126705000,32.119602902129245,0.8523736237717533
2021-06-27,MX,Mexico,AMR,5223.0,2528288,115.0,239391,4248.285714285715,109.85714285714286,0.0258591700854126,Alpha,MEX,MEX,25708456.0,,19120505.0,44828961.0,35.0,20.0,,15.0,2020-12-24,2023-12-29,0.0258591700854126,126705000,33.528950825032275,0.8670308421699449
2021-06-28,MX,Mexico,AMR,2749.0,2531037,117.0,239508,4346.142857142857,113.0,0.0260000657397363,Alpha,MEX,,26213887.10714286,,19344436.57142857,45558323.64285714,35.57142857142857,20.392857142857142,,15.178571428571429,,,0.0260000657397363,126705000,34.30127348678314,0.8918353656130381
2021-06-29,MX,Mexico,AMR,1708.0,2532745,121.0,239629,4408.428571428572,112.42857142857144,0.025503094721151,Alpha,MEX,,26719318.21428572,,19568368.14285714,46287686.28571428,36.142857142857146,20.785714285714285,,15.357142857142858,,,0.025503094721151,126705000,34.792854042291715,0.8873254522597486
2021-06-30,MX,Mexico,AMR,6966.0,2539711,134.0,239763,4644.428571428572,114.57142857142856,0.0246685737135123,Alpha,MEX,,27224749.32142857,,19792299.71428572,47017048.92857143,36.71428571428572,21.178571428571427,,15.535714285714286,,,0.0246685737135123,126705000,36.65544825720036,0.9042376273345847
2021-07-01,MX,Mexico,AMR,6439.0,2546150,131.0,239894,4824.571428571428,118.0,0.0244581309960914,Delta,MEX,,27730180.42857143,,20016231.285714287,47746411.571428575,37.285714285714285,21.571428571428573,,15.714285714285714,,,0.0244581309960914,126705000,38.07719844182494,0.931297107454323
2021-07-02,MX,Mexico,AMR,6263.0,2552413,136.0,240030,4955.857142857143,122.14285714285714,0.0246461618287163,Delta,MEX,,28235611.535714287,,20240162.85714286,48475774.21428572,37.85714285714285,21.964285714285715,,15.892857142857142,,,0.0246461618287163,126705000,39.113351034743246,0.9639939792656732
2021-07-03,MX,Mexico,AMR,6527.0,2558940,150.0,240180,5125.0,129.14285714285714,0.025198606271777,Delta,MEX,,28741042.64285714,,20464094.42857143,49205136.85714286,38.42857142857143,22.357142857142858,,16.071428571428573,,,0.025198606271777,126705000,40.448285387317,1.0192404178434722
2021-07-04,MX,Mexico,AMR,6771.0,2565711,142.0,240322,5346.142857142857,133.0,0.0248777489779012,Delta,MEX,,29246473.75,,20688026.0,49934499.5,39.0,22.75,,16.25,,,0.0248777489779012,126705000,42.19362185504011,1.0496823329781777
2021-07-05,MX,Mexico,AMR,3466.0,2569177,125.0,240447,5448.571428571428,134.14285714285714,0.0246198217094913,Delta,MEX,,29751904.85714286,,20911957.57142857,50663862.14285714,39.57142857142857,23.142857142857142,,16.428571428571427,,,0.0246198217094913,126705000,43.002023823617286,1.0587021596847572
2021-07-06,MX,Mexico,AMR,2268.0,2571445,160.0,240607,5528.571428571428,139.71428571428572,0.0252713178294573,Delta,MEX,,30257335.96428572,,21135889.14285714,51393224.78571428,40.14285714285714,23.535714285714285,,16.607142857142858,,,0.0252713178294573,126705000,43.63341169307784,1.1026738148793318
2021-07-07,MX,Mexico,AMR,9301.0,2580746,155.0,240762,5862.142857142857,142.71428571428572,0.0243450712806141,Delta,MEX,,30762767.07142857,,21359820.71428572,52122587.42857143,40.71428571428572,23.928571428571427,,16.785714285714285,,,0.0243450712806141,126705000,46.26607361306071,1.1263508599841026
2021-07-08,MX,Mexico,AMR,9318.0,2590064,181.0,240943,6273.428571428572,149.85714285714286,0.0238875984879537,Delta,MEX,,31268198.17857143,,21583752.285714284,52851950.07142857,41.285714285714285,24.32142857142857,,16.964285714285715,,,0.0238875984879537,126705000,49.51208374909097,1.1827247769002238
2021-07-09,MX,Mexico,AMR,10106.0,2600170,171.0,241114,6822.428571428572,154.85714285714286,0.02269824318948,Delta,MEX,,31773629.285714284,,21807683.85714286,53581312.71428572,41.85714285714285,24.714285714285715,,17.142857142857142,,,0.02269824318948,126705000,53.84498300326405,1.2221865187415086
2021-07-10,MX,Mexico,AMR,10118.0,2610288,165.0,241279,7335.428571428572,157.0,0.0214029757731557,Delta,MEX,,32279060.39285714,,22031615.42857143,54310675.35714286,42.42857142857143,25.107142857142858,,17.321428571428573,,,0.0214029757731557,126705000,57.89375771617988,1.239098693816345
2021-07-11,MX,Mexico,AMR,10529.0,2620817,157.0,241436,7872.285714285715,159.14285714285714,0.0202155845098537,Delta,MEX,,32784491.5,,22255547.0,55040038.0,43.0,25.5,,17.5,,,0.0202155845098537,126705000,62.13082131159556,1.2560108688911813
2021-07-12,MX,Mexico,AMR,5323.0,2626140,173.0,241609,8137.571428571428,166.0,0.0203992065024665,Delta,MEX,,33289922.60714286,,22479478.57142857,55769400.64285714,43.57142857142857,25.892857142857142,,17.67857142857143,,,0.0203992065024665,126705000,64.22454858586029,1.3101298291306578
2021-07-13,MX,Mexico,AMR,3529.0,2629669,187.0,241796,8317.714285714286,169.85714285714286,0.0204211321791701,Delta,MEX,,33795353.71428572,,22703410.14285714,56498763.28571428,44.14285714285714,26.285714285714285,,17.857142857142858,,,0.0204211321791701,126705000,65.64629877048488,1.3405717442653633
2021-07-14,MX,Mexico,AMR,13965.0,2643634,227.0,242023,8984.0,180.14285714285714,0.0200515201628291,Delta,MEX,,34300784.82142857,,22927341.71428572,57228125.92857143,44.71428571428572,26.67857142857143,,18.035714285714285,,,0.0200515201628291,126705000,70.90485774042067,1.421750184624578
2021-07-15,MX,Mexico,AMR,14070.0,2657704,181.0,242204,9662.857142857143,180.14285714285714,0.0186428149024246,Delta,MEX,,34806215.92857143,,23151273.285714284,57957488.57142857,45.285714285714285,27.07142857142857,,18.214285714285715,,,0.0186428149024246,126705000,76.26263480412882,1.421750184624578
2021-07-16,MX,Mexico,AMR,13947.0,2671651,226.0,242430,10211.57142857143,188.0,0.0184104867027601,Delta,MEX,,35311647.03571428,,23375204.85714286,58686851.21428572,45.85714285714285,27.464285714285715,,18.392857142857142,,,0.0184104867027601,126705000,80.59327910162527,1.4837614932323113
2021-07-17,MX,Mexico,AMR,13581.0,2685232,228.0,242658,10706.285714285714,197.0,0.0184004056362083,Delta,MEX,,35817078.14285714,,23599136.42857143,59416213.85714286,46.42857142857143,27.857142857142858,,18.571428571428573,,,0.0184004056362083,126705000,84.49773658723582,1.554792628546624
2021-07-18,MX,Mexico,AMR,14100.0,2699332,238.0,242896,11216.42857142857,208.57142857142856,0.0185951728968986,Delta,MEX,,36322509.25,,23823068.0,60145576.5,47.0,28.25,,18.75,,,0.0185951728968986,126705000,88.52396173338519,1.6461183739507403
2021-07-19,MX,Mexico,AMR,6905.0,2706237,252.0,243148,11442.42857142857,219.8571428571429,0.0192142027791303,Delta,MEX,,36827940.35714286,,24046999.57142857,60874939.14285714,47.57142857142857,28.642857142857142,,18.92857142857143,,,0.0192142027791303,126705000,90.30763246461127,1.7351891626782123
2021-07-20,MX,Mexico,AMR,4688.0,2710925,270.0,243418,11608.0,231.7142857142857,0.0199616028354829,Delta,MEX,,37333371.46428572,,24270931.14285714,61604301.78571428,48.14285714285714,29.035714285714285,,19.107142857142858,,,0.0199616028354829,126705000,91.61437985872696,1.8287698647589732
2021-07-21,MX,Mexico,AMR,18208.0,2729133,313.0,243731,12214.142857142857,244.0,0.0199768418344074,Delta,MEX,,37838802.57142857,,24494862.71428572,62333664.42857143,48.71428571428572,29.42857142857143,,19.285714285714285,,,0.0199768418344074,126705000,96.398270448229,1.9257330018547019
2021-07-22,MX,Mexico,AMR,18365.0,2747498,329.0,244060,12827.714285714286,265.1428571428572,0.0206695324854667,Delta,MEX,,38344233.67857143,,24718794.285714284,63063027.07142857,49.285714285714285,29.82142857142857,,19.464285714285715,,,0.0206695324854667,126705000,101.24078991132383,2.0925997959264215
2021-07-23,MX,Mexico,AMR,17945.0,2765443,348.0,244408,13398.857142857143,282.57142857142856,0.0210892186966905,Delta,MEX,,38849664.78571428,,24942725.85714286,63792389.71428572,49.85714285714285,30.214285714285715,,19.642857142857142,,,0.0210892186966905,126705000,105.74844830793688,2.230152153201756
2021-07-24,MX,Mexico,AMR,18864.0,2784307,308.0,244716,14153.57142857143,294.0,0.0207721423164269,Delta,MEX,,39355095.89285714,,25166657.42857143,64521752.35714286,50.42857142857143,30.607142857142858,,19.82142857142857,,,0.0207721423164269,126705000,111.70491636929427,2.3203504202675505
2021-07-25,MX,Mexico,AMR,18020.0,2802327,377.0,245093,14713.57142857143,313.85714285714283,0.0213311325792514,Delta,MEX,MEX,39860527.0,,25390589.0,65251115.0,51.0,31.0,,20.0,2020-12-24,2023-12-29,0.0213311325792514,126705000,116.12463145551817,2.4770699092943675
2021-07-26,MX,Mexico,AMR,8730.0,2811057,342.0,245435,14974.285714285714,326.7142857142857,0.0218183552757107,Delta,MEX,,40174550.571428575,,25626204.22857143,65800753.82857143,51.42857142857143,31.228571428571428,,20.17142857142857,,,0.0218183552757107,126705000,118.18227942295657,2.5785429597433858
2021-07-27,MX,Mexico,AMR,6385.0,2817442,398.0,245833,15216.714285714286,345.0,0.0226724372635354,Delta,MEX,,40488574.14285714,,25861819.457142856,66350392.657142855,51.85714285714285,31.457142857142856,,20.34285714285714,,,0.0226724372635354,126705000,120.09561016308975,2.7228601870486564
2021-07-28,MX,Mexico,AMR,22782.0,2840224,458.0,246291,15870.142857142857,365.7142857142857,0.02304417099495,Delta,MEX,,40802597.71428572,,26097434.68571429,66900031.48571429,52.285714285714285,31.685714285714287,,20.514285714285712,,,0.02304417099495,126705000,125.25269608257652,2.886344546105408
2021-07-29,MX,Mexico,AMR,22172.0,2862396,460.0,246751,16414.0,384.4285714285714,0.0234207732075406,Delta,MEX,,41116621.28571428,,26333049.91428572,67449670.31428571,52.71428571428572,31.914285714285715,,20.685714285714287,,,0.0234207732075406,126705000,129.54500611657,3.0340442084256454
2021-07-30,MX,Mexico,AMR,20708.0,2883104,478.0,247229,16808.714285714286,403.0,0.0239756588844221,Delta,MEX,,41430644.85714286,,26568665.14285714,67999309.14285715,53.142857142857146,32.142857142857146,,20.857142857142858,,,0.0239756588844221,126705000,132.66022876535484,3.1806163924075608
2021-07-31,MX,Mexico,AMR,21408.0,2904512,472.0,247701,17172.14285714286,426.4285714285714,0.024832577679797,Delta,MEX,,41744668.42857143,,26804280.37142857,68548947.97142857,53.57142857142857,32.371428571428574,,21.02857142857143,,,0.024832577679797,126705000,135.5285336580471,3.365522839892438
2021-08-01,MX,Mexico,AMR,20126.0,2924638,527.0,248228,17473.0,447.8571428571428,0.0256313822959504,Delta,MEX,,42058692.0,,27039895.6,69098586.8,54.0,32.6,,21.2,,,0.0256313822959504,126705000,137.90300303855412,3.5346445906408017
2021-08-02,MX,Mexico,AMR,9386.0,2934024,537.0,248765,17566.714285714286,475.7142857142857,0.0270804362145941,Delta,MEX,,42372715.571428575,,27275510.828571428,69648225.62857142,54.42857142857143,32.82857142857143,,21.37142857142857,,,0.0270804362145941,126705000,138.64262882849363,3.754502866613675
2021-08-03,MX,Mexico,AMR,7336.0,2941360,570.0,249335,17702.571428571428,500.2857142857143,0.0282606239610064,Delta,MEX,,42686739.14285714,,27511126.057142857,70197864.45714286,54.85714285714285,33.05714285714286,,21.542857142857144,,,0.0282606239610064,126705000,139.71486072823825,3.9484291408051324
2021-08-04,MX,Mexico,AMR,23616.0,2964976,649.0,249984,17821.714285714286,527.5714285714286,0.0296027318199307,Delta,MEX,,43000762.71428572,,27746741.285714284,70747503.28571428,55.285714285714285,33.285714285714285,,21.714285714285715,,,0.0296027318199307,126705000,140.65517766239918,4.163777503424715
2021-08-05,MX,Mexico,AMR,22984.0,2987960,584.0,250568,17937.714285714286,545.2857142857143,0.0303988404319709,Delta,MEX,,43314786.28571428,,27982356.51428572,71297142.11428571,55.71428571428572,33.51428571428571,,21.88571428571429,,,0.0303988404319709,126705000,141.57069007311696,4.303584817376697
2021-08-06,MX,Mexico,AMR,21739.0,3009699,591.0,251159,18085.0,561.4285714285714,0.0310438800900509,Delta,MEX,,43628809.85714286,,28217971.742857143,71846780.94285715,56.14285714285714,33.74285714285714,,22.057142857142857,,,0.0310438800900509,126705000,142.7331202399274,4.430989869607131
2021-08-07,MX,Mexico,AMR,21976.0,3031675,633.0,251792,18166.14285714286,584.4285714285714,0.0321713076917027,Delta,MEX,,43942833.42857143,,28453586.971428573,72396419.77142857,56.57142857142857,33.971428571428575,,22.228571428571428,,,0.0321713076917027,126705000,143.37352793609455,4.612513882077041
2021-08-08,MX,Mexico,AMR,21245.0,3052920,627.0,252419,18326.0,598.7142857142857,0.0326702109415194,Delta,MEX,,44256857.0,,28689202.2,72946058.6,57.0,34.2,,22.4,,,0.0326702109415194,126705000,144.63517619667732,4.725261715909283
2021-08-09,MX,Mexico,AMR,10090.0,3063010,643.0,253062,18426.571428571428,613.8571428571429,0.0333136929589257,Delta,MEX,,44570880.57142857,,28924817.42857143,73495697.42857143,57.42857142857143,34.42857142857143,,22.571428571428573,,,0.0333136929589257,126705000,145.42892094685632,4.84477441977146
2021-08-10,MX,Mexico,AMR,7570.0,3070580,655.0,253717,18460.0,626.0,0.0339111592632719,Delta,MEX,,44884904.14285714,,29160432.65714285,74045336.25714286,57.85714285714285,34.65714285714286,,22.742857142857144,,,0.0339111592632719,126705000,145.69275087802376,4.9406100785288665
2021-08-11,MX,Mexico,AMR,25605.0,3096185,751.0,254468,18744.14285714286,640.5714285714286,0.0341744849819753,Delta,MEX,,45198927.71428572,,29396047.885714285,74594975.08571428,58.285714285714285,34.885714285714286,,22.914285714285715,,,0.0341744849819753,126705000,147.93530529294705,5.055612869037754
2021-08-12,MX,Mexico,AMR,24742.0,3120927,718.0,255186,18995.285714285717,659.7142857142857,0.0347304218339888,Delta,MEX,,45512951.28571428,,29631663.114285715,75144613.91428572,58.71428571428572,35.114285714285714,,23.085714285714285,,,0.0347304218339888,126705000,149.91741221171793,5.206694966372958
2021-08-13,MX,Mexico,AMR,23151.0,3144078,713.0,255899,19197.0,677.1428571428571,0.0352733686067019,Delta,MEX,,45826974.85714286,,29867278.342857145,75694252.74285714,59.14285714285714,35.34285714285714,,23.257142857142856,,,0.0352733686067019,126705000,151.50941162542915,5.344247323648294
2021-08-14,MX,Mexico,AMR,22322.0,3166400,719.0,256618,19246.42857142857,689.4285714285714,0.0358211170903692,Delta,MEX,,46140998.42857143,,30102893.57142857,76243891.57142857,59.57142857142857,35.57142857142857,,23.42857142857143,,,0.0358211170903692,126705000,151.8995191304887,5.441210460744023
2021-08-15,MX,Mexico,AMR,21661.0,3188061,710.0,257328,19305.85714285714,701.2857142857143,0.0363250234939803,Delta,MEX,,46455022.0,,30338508.8,76793530.4,60.0,35.8,,23.6,,,0.0363250234939803,126705000,152.36855011923083,5.534791162824785
2021-08-16,MX,Mexico,AMR,9525.0,3197586,746.0,258074,19225.14285714286,716.0,0.0372428962073475,Delta,MEX,,46769045.57142857,,30574124.028571427,77343169.22857143,60.42857142857143,36.028571428571425,,23.77142857142857,,,0.0372428962073475,126705000,151.73152485807867,5.6509214316719945
2021-08-17,MX,Mexico,AMR,6787.0,3204373,773.0,258847,19113.285714285717,732.8571428571429,0.0383428131516596,Delta,MEX,,47083069.14285714,,30809739.257142857,77892808.05714285,60.85714285714285,36.25714285714286,,23.942857142857143,,,0.0383428131516596,126705000,150.84870931917223,5.783963875594041
2021-08-18,MX,Mexico,AMR,24481.0,3228854,816.0,259663,18952.714285714286,742.1428571428571,0.0391576027557304,Delta,MEX,,47397092.71428572,,31045354.485714287,78442446.88571429,61.285714285714285,36.48571428571429,,24.11428571428572,,,0.0391576027557304,126705000,149.5814236668978,5.857249967584997
2021-08-19,MX,Mexico,AMR,22004.0,3250858,758.0,260421,18561.571428571428,747.8571428571429,0.0402906157883799,Delta,MEX,,47711116.28571428,,31280969.71428572,78992085.71428572,61.71428571428572,36.71428571428572,,24.285714285714285,,,0.0402906157883799,126705000,146.49438797657098,5.902349101117895
2021-08-20,MX,Mexico,AMR,20961.0,3271819,882.0,261303,18248.714285714286,772.0,0.0423043502086252,Delta,MEX,,48025139.85714286,,31516584.942857143,79541724.54285714,62.14285714285714,36.94285714285714,,24.457142857142856,,,0.0423043502086252,126705000,144.0252104156449,6.0928929402943846
2021-08-21,MX,Mexico,AMR,19076.0,3290895,784.0,262087,17785.0,781.2857142857143,0.0439294750793204,Delta,MEX,,48339163.42857143,,31752200.17142857,80091363.37142858,62.57142857142857,37.17142857142857,,24.62857142857143,,,0.0439294750793204,126705000,140.36541572945032,6.166179032285342
2021-08-22,MX,Mexico,AMR,18049.0,3308944,769.0,262856,17269.0,789.7142857142857,0.0457301688409453,Delta,MEX,,48653187.0,,31987815.4,80641002.2,63.0,37.4,,24.8,,,0.0457301688409453,126705000,136.29296397142969,6.232700254246365
2021-08-23,MX,Mexico,AMR,7668.0,3316612,817.0,263673,17003.714285714286,799.8571428571429,0.0470401424898761,Delta,MEX,,48967210.57142857,,32223430.62857143,81190641.02857143,63.42857142857143,37.62857142857143,,24.97142857142857,,,0.0470401424898761,126705000,134.19923669716496,6.312751216267258
2021-08-24,MX,Mexico,AMR,5924.0,3322536,743.0,264416,16880.428571428572,795.5714285714286,0.0471298122085593,Delta,MEX,,49281234.14285714,,32459045.85714286,81740279.85714285,63.85714285714285,37.85714285714285,,25.142857142857142,,,0.0471298122085593,126705000,133.22622289119272,6.278926866117584
2021-08-25,MX,Mexico,AMR,21305.0,3343841,870.0,265286,16426.714285714286,803.2857142857143,0.0489011801334063,Delta,MEX,,49595257.71428572,,32694661.085714284,82289918.68571429,64.28571428571428,38.08571428571429,,25.31428571428572,,,0.0489011801334063,126705000,129.64535168868068,6.339810696386996
2021-08-26,MX,Mexico,AMR,18781.0,3362622,821.0,266107,15966.285714285714,812.2857142857143,0.050875058158262,Delta,MEX,,49909281.28571428,,32930276.314285714,82839557.51428571,64.71428571428571,38.31428571428572,,25.485714285714288,,,0.050875058158262,126705000,126.0114890042675,6.410841831701309
2021-08-27,MX,Mexico,AMR,17319.0,3379941,755.0,266862,15446.0,794.1428571428571,0.0514141432825881,Delta,MEX,,50223304.85714286,,33165891.542857144,83389196.34285714,65.14285714285714,38.54285714285714,,25.65714285714286,,,0.0514141432825881,126705000,121.90521289609723,6.267652082734361
2021-08-28,MX,Mexico,AMR,16288.0,3396229,796.0,267658,15047.714285714286,795.8571428571429,0.0528889057664192,Delta,MEX,,50537328.42857143,,33401506.77142857,83938835.17142856,65.57142857142857,38.77142857142857,,25.82857142857143,,,0.0528889057664192,126705000,118.76180328885432,6.28118182279423
2021-08-29,MX,Mexico,AMR,15730.0,3411959,737.0,268395,14716.42857142857,791.2857142857143,0.0537688686113672,Delta,MEX,MEX,50851352.0,,33637122.0,84488474.0,66.0,39.0,,26.0,2020-12-24,2023-12-29,0.0537688686113672,126705000,116.1471810222846,6.245102515967913
2021-08-30,MX,Mexico,AMR,7062.0,3419021,744.0,269139,14629.857142857143,780.8571428571429,0.0533742151568709,Delta,MEX,,51002949.71428572,,34042698.678571425,85045648.39285715,66.42857142857143,39.142857142857146,,26.321428571428573,,,0.0533742151568709,126705000,115.46392914926122,6.1627965972703755
2021-08-31,MX,Mexico,AMR,4814.0,3423835,766.0,269905,14471.285714285714,784.1428571428571,0.0541861222716907,Delta,MEX,,51154547.42857143,,34448275.35714286,85602822.78571428,66.85714285714286,39.285714285714285,,26.642857142857142,,,0.0541861222716907,126705000,114.21242819372333,6.188728599051791
2021-09-01,MX,Mexico,AMR,17773.0,3441608,751.0,270656,13966.714285714286,767.1428571428571,0.0549265089447359,Delta,MEX,,51306145.14285714,,34853852.03571428,86159997.17857143,67.28571428571429,39.42857142857143,,26.964285714285715,,,0.0549265089447359,126705000,110.23017470276852,6.054558676791422
2021-09-02,MX,Mexico,AMR,15638.0,3457246,765.0,271421,13517.714285714286,759.1428571428571,0.0561591139668583,Delta,MEX,,51457742.85714286,,35259428.71428572,86717171.57142857,67.71428571428571,39.57142857142857,,27.285714285714285,,,0.0561591139668583,126705000,106.68651028542115,5.991419889845367
2021-09-03,MX,Mexico,AMR,14760.0,3472006,703.0,272124,13152.142857142857,751.7142857142857,0.0571552707326345,Delta,MEX,,51609340.571428575,,35665005.39285714,87274345.96428572,68.14285714285714,39.71428571428572,,27.607142857142858,,,0.0571552707326345,126705000,103.80129321765406,5.9327910162526
2021-09-04,MX,Mexico,AMR,13942.0,3485948,683.0,272807,12817.0,735.5714285714286,0.0573902963697767,Delta,MEX,,51760938.28571428,,36070582.071428575,87831520.35714285,68.57142857142857,39.85714285714285,,27.92857142857143,,,0.0573902963697767,126705000,101.15622903594965,5.8053859640221654
2021-09-05,MX,Mexico,AMR,13353.0,3499301,691.0,273498,12477.42857142857,729.0,0.0584254997595658,Delta,MEX,,51912536.0,,36476158.75,88388694.75,69.0,40.0,,28.25,,,0.0584254997595658,126705000,98.47621302575725,5.753521960459335
2021-09-06,MX,Mexico,AMR,6367.0,3505668,652.0,274150,12378.142857142857,715.8571428571429,0.0578323542650063,Delta,MEX,,52064133.71428572,,36881735.42857143,88945869.14285715,69.42857142857143,40.142857142857146,,28.571428571428573,,,0.0578323542650063,126705000,97.69261558062315,5.649793953333671
2021-09-07,MX,Mexico,AMR,4201.0,3509869,688.0,274838,12290.57142857143,704.7142857142857,0.0573377966850314,Delta,MEX,,52215731.42857143,,37287312.10714286,89503043.53571428,69.85714285714286,40.285714285714285,,28.892857142857142,,,0.0573377966850314,126705000,97.00147135923152,5.561850642944521
2021-09-08,MX,Mexico,AMR,16005.0,3525874,691.0,275529,12038.0,696.1428571428571,0.0578287802909833,Delta,MEX,,52367329.14285714,,37692888.78571428,90060217.92857143,70.28571428571429,40.42857142857143,,29.214285714285715,,,0.0578287802909833,126705000,95.00808965707746,5.4942019426451765
2021-09-09,MX,Mexico,AMR,13468.0,3539342,670.0,276199,11728.0,682.5714285714286,0.0582001559150263,Delta,MEX,,52518926.85714286,,38098465.46428572,90617392.32142857,70.71428571428571,40.57142857142857,,29.535714285714285,,,0.0582001559150263,126705000,92.5614616629178,5.387091500504547
2021-09-10,MX,Mexico,AMR,12203.0,3551545,611.0,276810,11362.714285714286,669.4285714285714,0.0589144947761475,Delta,MEX,,52670524.571428575,,38504042.14285714,91174566.71428572,71.14285714285714,40.71428571428572,,29.857142857142858,,,0.0589144947761475,126705000,89.67849955182736,5.283363493378883
2021-09-11,MX,Mexico,AMR,12155.0,3563700,632.0,277442,11107.42857142857,662.1428571428571,0.0596126144665089,Delta,MEX,,52822122.28571428,,38909618.821428575,91731741.10714284,71.57142857142857,40.85714285714285,,30.17857142857143,,,0.0596126144665089,126705000,87.66369576124518,5.2258620981244395
2021-09-12,MX,Mexico,AMR,11885.0,3575585,617.0,278059,10897.714285714286,651.5714285714286,0.0597897331026165,Delta,MEX,,52973720.0,,39315195.5,92288915.5,72.0,41.0,,30.5,,,0.0597897331026165,126705000,86.00855756058787,5.14242870108858
2021-09-13,MX,Mexico,AMR,5233.0,3580818,561.0,278620,10735.714285714286,638.5714285714286,0.0594810379241516,Delta,MEX,,53125317.71428572,,39720772.17857143,92846089.89285716,72.42857142857143,41.142857142857146,,30.821428571428573,,,0.0594810379241516,126705000,84.72999712493024,5.039828172301239
2021-09-14,MX,Mexico,AMR,3746.0,3584564,595.0,279215,10670.714285714286,625.2857142857143,0.0585982997523261,Delta,MEX,,53276915.42857143,,40126348.85714286,93403264.28571428,72.85714285714286,41.285714285714285,,31.142857142857142,,,0.0585982997523261,126705000,84.21699448099353,4.934972686837255
2021-09-15,MX,Mexico,AMR,13866.0,3598430,597.0,279812,10365.142857142857,611.8571428571429,0.0590302662770825,Delta,MEX,,53428513.14285714,,40531925.53571428,93960438.67857143,73.28571428571429,41.42857142857143,,31.464285714285715,,,0.0590302662770825,126705000,81.80531831532186,4.828989723034947
2021-09-16,MX,Mexico,AMR,11765.0,3610195,563.0,280375,10121.857142857143,596.5714285714286,0.0589389298971109,Delta,MEX,,53580110.85714286,,40937502.21428572,94517613.07142857,73.71428571428571,41.57142857142857,,31.785714285714285,,,0.0589389298971109,126705000,79.88522270515878,4.708349540834447
2021-09-17,MX,Mexico,AMR,7736.0,3617931,542.0,280917,9483.714285714286,586.7142857142857,0.0618654535594854,Delta,MEX,,53731708.571428575,,41343078.89285714,95074787.46428572,74.14285714285714,41.71428571428572,,32.10714285714286,,,0.0618654535594854,126705000,74.84877696787251,4.630553535490199
2021-09-18,MX,Mexico,AMR,3839.0,3621770,545.0,281462,8295.714285714286,574.2857142857143,0.0692267952471155,Delta,MEX,,53883306.28571428,,41748655.571428575,95631961.85714284,74.57142857142857,41.85714285714285,,32.42857142857143,,,0.0692267952471155,126705000,65.47266710638323,4.532462920056148
2021-09-19,MX,Mexico,AMR,11776.0,3633546,547.0,282009,8280.142857142857,564.2857142857143,0.0681492727868739,Delta,MEX,,54034904.0,,42154232.25,96189136.25,75.0,42.0,,32.75,,,0.0681492727868739,126705000,65.34977196750607,4.453539436373579
2021-09-20,MX,Mexico,AMR,4722.0,3638268,494.0,282503,8207.142857142857,554.7142857142857,0.0675892080069625,Delta,MEX,,54186501.71428572,,42559808.92857143,96746310.64285712,75.42857142857143,42.142857142857146,,33.07142857142857,,,0.0675892080069625,126705000,64.77363053662332,4.3779983877059765
2021-09-21,MX,Mexico,AMR,3242.0,3641510,474.0,282977,8135.142857142857,537.4285714285714,0.0660625856074175,Delta,MEX,,54338099.42857143,,42965385.60714286,97303485.03571428,75.85714285714286,42.285714285714285,,33.392857142857146,,,0.0660625856074175,126705000,64.2053814541088,4.241573508768963
2021-09-22,MX,Mexico,AMR,12796.0,3654306,539.0,283516,7982.285714285715,529.1428571428571,0.0662896413487006,Delta,MEX,,54489697.14285714,,43370962.28571428,97860659.42857143,76.28571428571428,42.42857142857143,,33.714285714285715,,,0.0662896413487006,126705000,62.998979632103826,4.176179765146261
2021-09-23,MX,Mexico,AMR,10460.0,3664766,546.0,284062,7795.857142857143,526.7142857142857,0.0675633578274174,Delta,MEX,,54641294.85714286,,43776538.96428572,98417833.82142857,76.71428571428571,42.57142857142857,,34.035714285714285,,,0.0675633578274174,126705000,61.52762040059305,4.157012633394781
2021-09-24,MX,Mexico,AMR,9954.0,3674720,470.0,284532,8112.714285714285,516.4285714285714,0.0636566940780785,Delta,MEX,,54792892.571428575,,44182115.64285714,98975008.21428572,77.14285714285714,42.71428571428572,,34.35714285714286,,,0.0636566940780785,126705000,64.02836735499218,4.075834193035567
2021-09-25,MX,Mexico,AMR,8866.0,3683586,436.0,284968,8830.857142857143,500.8571428571428,0.0567167076485052,Delta,MEX,,54944490.28571428,,44587692.32142857,99532182.60714284,77.57142857142857,42.85714285714285,,34.67857142857143,,,0.0567167076485052,126705000,69.69620096173902,3.9529390541584215
2021-09-26,MX,Mexico,AMR,8828.0,3692414,457.0,285425,8409.714285714286,488.0,0.0580281307331657,Delta,MEX,MEX,55096088.0,,44993269.0,100089357.0,78.0,43.0,,35.0,2020-12-24,2023-12-29,0.0580281307331657,126705000,66.37239482036452,3.8514660037094037
2021-09-27,MX,Mexico,AMR,3794.0,3696208,413.0,285838,8277.142857142857,476.4285714285714,0.0575595443562305,Delta,MEX,,55342930.22857143,,45345070.45714286,100688000.68571427,78.45714285714286,43.17142857142857,,35.25714285714286,,,0.0575595443562305,126705000,65.3260949224013,3.760140258305287
2021-09-28,MX,Mexico,AMR,2744.0,3698952,424.0,286262,8206.0,469.2857142857143,0.0571881201908011,Delta,MEX,,55589772.45714286,,45696871.91428571,101286644.37142856,78.91428571428571,43.34285714285714,,35.51428571428571,,,0.0571881201908011,126705000,64.76461070991674,3.703766341389166
2021-09-29,MX,Mexico,AMR,10325.0,3709277,429.0,286691,7853.0,453.57142857142856,0.0577577268014043,Delta,MEX,,55836614.68571428,,46048673.37142857,101885288.05714284,79.37142857142857,43.51428571428571,,35.77142857142857,,,0.0577577268014043,126705000,61.978611735922016,3.5797437241736993
2021-09-30,MX,Mexico,AMR,7899.0,3717176,437.0,287128,7487.142857142857,438.0,0.0585002862049227,Delta,MEX,,56083456.91428571,,46400474.82857143,102483931.74285714,79.82857142857142,43.68571428571428,,36.028571428571425,,,0.0585002862049227,126705000,59.091139711478284,3.456848585296555
2021-10-01,MX,Mexico,AMR,7358.0,3724534,403.0,287531,7116.285714285715,428.4285714285714,0.0602039587264624,Delta,MEX,,56330299.14285714,,46752276.28571428,103082575.42857143,80.28571428571429,43.85714285714285,,36.285714285714285,,,0.0602039587264624,126705000,56.16420594519328,3.3813075366289524
2021-10-02,MX,Mexico,AMR,6486.0,3731020,371.0,287902,6776.285714285715,419.1428571428572,0.0618543660665345,Delta,MEX,,56577141.37142857,,47104077.74285714,103681219.11428572,80.74285714285715,44.02857142857143,,36.54285714285714,,,0.0618543660665345,126705000,53.48080749998591,3.3080214446379954
2021-10-03,MX,Mexico,AMR,6152.0,3737172,386.0,288288,6394.0,409.0,0.063966218329684,Delta,MEX,,56823983.6,,47455879.2,104279862.8,81.2,44.2,,36.8,,,0.063966218329684,126705000,50.4636754666351,3.2279704826171027
2021-10-04,MX,Mexico,AMR,2819.0,3739991,350.0,288638,6254.714285714285,400.0,0.0639517620994449,Delta,MEX,,57070825.82857143,,47807680.657142855,104878506.48571429,81.65714285714286,44.371428571428574,,37.05714285714286,,,0.0639517620994449,126705000,49.36438408677073,3.15693934730279
2021-10-05,MX,Mexico,AMR,2138.0,3742129,359.0,288997,6168.142857142857,390.7142857142857,0.0633439099520578,Delta,MEX,,57317668.05714285,,48159482.11428572,105477150.17142858,82.11428571428571,44.54285714285714,,37.31428571428572,,,0.0633439099520578,126705000,48.68113221374734,3.0836532553118325
2021-10-06,MX,Mexico,AMR,7853.0,3749982,387.0,289384,5815.0,384.7142857142857,0.0661589485321213,Delta,MEX,,57564510.28571428,,48511283.571428575,106075793.85714284,82.57142857142857,44.71428571428572,,37.57142857142857,,,0.0661589485321213,126705000,45.894005761414306,3.0362991651022906
2021-10-07,MX,Mexico,AMR,6566.0,3756548,337.0,289721,5624.571428571428,370.4285714285714,0.0658589860814792,Delta,MEX,,57811352.51428571,,48863085.02857143,106674437.54285714,83.02857142857142,44.885714285714286,,37.82857142857143,,,0.0658589860814792,126705000,44.39107713643051,2.9235513312700476
2021-10-08,MX,Mexico,AMR,6103.0,3762651,305.0,290026,5445.285714285715,356.42857142857144,0.0654563580554608,Delta,MEX,,58058194.74285714,,49214886.48571429,107273081.22857144,83.48571428571428,45.05714285714286,,38.08571428571429,,,0.0654563580554608,126705000,42.97609182183588,2.8130584541144503
2021-10-09,MX,Mexico,AMR,5495.0,3768146,311.0,290337,5303.714285714285,347.85714285714283,0.0655874589236653,Delta,MEX,,58305036.97142857,,49566687.942857146,107871724.91428572,83.94285714285715,45.22857142857143,,38.34285714285714,,,0.0655874589236653,126705000,41.85876078855835,2.7454097538151045
2021-10-10,MX,Mexico,AMR,5220.0,3773366,340.0,290677,5170.571428571428,341.2857142857143,0.0660054152621981,Delta,MEX,,58551879.2,,49918489.4,108470368.6,84.4,45.4,,38.6,,,0.0660054152621981,126705000,40.80795097724185,2.6935457502522735
2021-10-11,MX,Mexico,AMR,2418.0,3775784,290.0,290967,5113.285714285715,332.7142857142857,0.0650685888302182,Delta,MEX,,58798721.42857143,,50270290.85714286,109069012.28571428,84.85714285714286,45.57142857142857,,38.85714285714285,,,0.0650685888302182,126705000,40.35583216357456,2.6258970499529277
2021-10-12,MX,Mexico,AMR,2031.0,3777815,287.0,291254,5098.0,322.42857142857144,0.0632460909039959,Delta,MEX,,59045563.657142855,,50622092.31428571,109667655.97142856,85.31428571428572,45.74285714285714,,39.114285714285714,,,0.0632460909039959,126705000,40.23519198137406,2.5447186095937133
2021-10-13,MX,Mexico,AMR,6758.0,3784573,315.0,291569,4941.571428571428,312.1428571428572,0.0631667196669654,Delta,MEX,,59292405.885714285,,50973893.77142857,110266299.65714286,85.77142857142857,45.91428571428571,,39.371428571428574,,,0.0631667196669654,126705000,39.000603200911,2.463540169234499
2021-10-14,MX,Mexico,AMR,5426.0,3789999,291.0,291860,4778.714285714285,305.57142857142856,0.0639442767032375,Delta,MEX,,59539248.11428572,,51325695.22857143,110864943.34285714,86.22857142857143,46.08571428571429,,39.62857142857143,,,0.0639442767032375,126705000,37.71527789522344,2.411676165671667
2021-10-15,MX,Mexico,AMR,4875.0,3794874,290.0,292150,4603.285714285715,303.42857142857144,0.065915650311889,Delta,MEX,,59786090.342857145,,51677496.68571429,111463587.02857144,86.68571428571428,46.25714285714286,,39.885714285714286,,,0.065915650311889,126705000,36.33073449576351,2.394763990596831
2021-10-16,MX,Mexico,AMR,4866.0,3799740,264.0,292414,4513.428571428572,296.7142857142857,0.065740330442489,Delta,MEX,,60032932.57142857,,52029298.14285714,112062230.71428572,87.14285714285714,46.42857142857143,,40.14285714285714,,,0.065740330442489,126705000,35.62155062095869,2.3417725086956764
2021-10-17,MX,Mexico,AMR,4685.0,3804425,269.0,292683,4437.0,286.57142857142856,0.0645867542419266,Delta,MEX,,60279774.8,,52381099.6,112660874.4,87.6,46.6,,40.4,,,0.0645867542419266,126705000,35.0183497099562,2.2617215466747846
2021-10-18,MX,Mexico,AMR,1870.0,3806295,270.0,292953,4358.714285714285,283.7142857142857,0.0650912785552751,Delta,MEX,,60526617.02857143,,52732901.05714285,113259518.08571428,88.05714285714285,46.77142857142857,,40.65714285714286,,,0.0650912785552751,126705000,34.40049158055551,2.239171979908336
2021-10-19,MX,Mexico,AMR,1406.0,3807701,232.0,293185,4269.428571428572,275.85714285714283,0.0646121930000669,Delta,MEX,,60773459.25714286,,53084702.51428571,113858161.77142856,88.51428571428572,46.94285714285714,,40.91428571428571,,,0.0646121930000669,126705000,33.69581761910399,2.1771606713006024
2021-10-20,MX,Mexico,AMR,5577.0,3813278,232.0,293417,4100.714285714285,264.0,0.0643790280438948,Delta,MEX,,61020301.48571429,,53436503.97142857,114456805.45714286,88.97142857142858,47.114285714285714,,41.17142857142857,,,0.0643790280438948,126705000,32.36426570154521,2.0835799692198416
2021-10-21,MX,Mexico,AMR,4541.0,3817819,227.0,293644,3974.285714285714,254.8571428571429,0.0641265276779295,Delta,MEX,,61267143.71428572,,53788305.42857143,115055449.14285712,89.42857142857143,47.285714285714285,,41.42857142857143,,,0.0641265276779295,126705000,31.366447372129866,2.0114213555672062
2021-10-22,MX,Mexico,AMR,4268.0,3822087,236.0,293880,3887.571428571429,247.14285714285717,0.063572557233675,Delta,MEX,,61513985.942857146,,54140106.885714285,115654092.82857142,89.88571428571429,47.457142857142856,,41.68571428571428,,,0.063572557233675,126705000,30.682068020768153,1.9505375252977954
2021-10-23,MX,Mexico,AMR,4120.0,3826207,224.0,294104,3781.0,241.42857142857144,0.0638531000869006,Delta,MEX,,61760828.17142857,,54491908.342857145,116252736.51428571,90.34285714285714,47.62857142857143,,41.94285714285714,,,0.0638531000869006,126705000,29.840969180379624,1.9054383917648983
2021-10-24,MX,Mexico,AMR,3980.0,3830187,212.0,294316,3680.285714285714,233.28571428571428,0.0633879357192764,Delta,MEX,,62007670.4,,54843709.8,116851380.2,90.8,47.8,,42.2,,,0.0633879357192764,126705000,29.046096951862314,1.8411721264805199
2021-10-25,MX,Mexico,AMR,1705.0,3831892,216.0,294532,3656.714285714286,225.57142857142856,0.0616869164355197,Delta,MEX,,62254512.62857143,,55195511.25714286,117450023.88571428,91.25714285714284,47.971428571428575,,42.457142857142856,,,0.0616869164355197,126705000,28.86006302603911,1.780288296211109
2021-10-26,MX,Mexico,AMR,1296.0,3833188,196.0,294728,3641.0,220.42857142857144,0.060540667791423,Delta,MEX,,62501354.85714286,,55547312.71428572,118048667.57142857,91.71428571428572,48.142857142857146,,42.71428571428572,,,0.060540667791423,126705000,28.736040408823648,1.7396990760315019
2021-10-27,MX,Mexico,AMR,5252.0,3838440,205.0,294933,3594.5714285714284,216.57142857142856,0.0602495827040775,Delta,MEX,,62748197.08571429,,55899114.17142857,118647311.25714286,92.17142857142858,48.31428571428572,,42.97142857142857,,,0.0602495827040775,126705000,28.369609948868856,1.7092571608967961
2021-10-28,MX,Mexico,AMR,4206.0,3842646,184.0,295117,3546.714285714286,210.42857142857144,0.0593305675272888,Delta,MEX,,62995039.31428571,,56250915.62857143,119245954.94285716,92.62857142857143,48.48571428571429,,43.22857142857143,,,0.0593305675272888,126705000,27.991904705530846,1.660775592348932
2021-10-29,MX,Mexico,AMR,3847.0,3846493,183.0,295300,3486.5714285714284,202.8571428571429,0.0581824141604523,Delta,MEX,,63241881.54285714,,56602717.08571429,119844598.62857142,93.08571428571427,48.65714285714286,,43.48571428571428,,,0.0581824141604523,126705000,27.5172363250971,1.6010192404178438
2021-10-30,MX,Mexico,AMR,3654.0,3850147,188.0,295488,3420.0,197.7142857142857,0.0578111946532999,Delta,MEX,,63488723.77142857,,56954518.54285714,120443242.31428573,93.54285714285714,48.82857142857143,,43.74285714285714,,,0.0578111946532999,126705000,26.991831419438853,1.560430020238236
2021-10-31,MX,Mexico,AMR,3485.0,3853632,203.0,295691,3349.285714285714,196.42857142857144,0.0586478993388782,Delta,MEX,MEX,63735566.0,,57306320.0,121041886.0,94.0,49.0,,44.0,2020-12-24,2023-12-29,0.0586478993388782,126705000,26.43372964196925,1.5502827151933345
2021-11-01,MX,Mexico,AMR,1286.0,3854918,174.0,295865,3289.428571428572,190.42857142857144,0.0578910796490923,Delta,MEX,,63878470.571428575,,57578042.71428572,121447072.25,94.32142857142856,49.142857142857146,,44.21428571428572,,,0.0578910796490923,126705000,25.96131621821216,1.5029286249837928
2021-11-02,MX,Mexico,AMR,966.0,3855884,147.0,296012,3242.285714285714,183.42857142857144,0.0565738456115615,Delta,MEX,,64021375.14285714,,57849765.42857143,121852258.5,94.64285714285714,49.285714285714285,,44.42857142857143,,,0.0565738456115615,126705000,25.589248366565755,1.4476821864059939
2021-11-03,MX,Mexico,AMR,3467.0,3859351,193.0,296205,2987.285714285714,181.7142857142857,0.0608292286356463,Delta,MEX,,64164279.71428572,,58121488.14285714,122257444.75,94.96428571428572,49.42857142857143,,44.642857142857146,,,0.0608292286356463,126705000,23.57669953266023,1.4341524463461244
2021-11-04,MX,Mexico,AMR,2562.0,3861913,165.0,296370,2752.428571428572,179.0,0.0650334769294648,Delta,MEX,,64307184.28571428,,58393210.85714286,122662631.0,95.28571428571428,49.57142857142857,,44.85714285714285,,,0.0650334769294648,126705000,21.723125144458166,1.4127303579179986
2021-11-05,MX,Mexico,AMR,3875.0,3865788,183.0,296553,2756.428571428572,179.0,0.0649391033946618,Delta,MEX,,64450088.85714286,,58664933.571428575,123067817.25,95.60714285714286,49.71428571428572,,45.07142857142857,,,0.0649391033946618,126705000,21.754694537931194,1.4127303579179986
2021-11-06,MX,Mexico,AMR,3520.0,3869308,147.0,296700,2737.285714285714,173.14285714285714,0.0632534836386409,Delta,MEX,,64592993.42857143,,58936656.28571428,123473003.5,95.92857142857144,49.85714285714285,,45.285714285714285,,,0.0632534836386409,126705000,21.603612440595985,1.366503746046779
2021-11-07,MX,Mexico,AMR,3231.0,3872539,150.0,296850,2701.0,165.57142857142858,0.0613000476014174,Delta,MEX,,64735898.0,,59208379.0,123878189.75,96.25,50.0,,45.5,,,0.0613000476014174,126705000,21.31723294266209,1.3067473941156906
2021-11-08,MX,Mexico,AMR,1403.0,3873942,142.0,296992,2717.714285714286,161.0,0.0592409587888982,Delta,MEX,,64878802.571428575,,59480101.71428572,124283376.0,96.57142857142856,50.142857142857146,,45.71428571428572,,,0.0592409587888982,126705000,21.449147908245813,1.2706680872893727
2021-11-09,MX,Mexico,AMR,1030.0,3874972,144.0,297136,2726.8571428571427,160.57142857142858,0.0588851634534786,Delta,MEX,,65021707.14285714,,59751824.42857143,124688562.25,96.89285714285714,50.285714285714285,,45.92857142857143,,,0.0588851634534786,126705000,21.521306521898445,1.2672856522744058
2021-11-10,MX,Mexico,AMR,4213.0,3879185,178.0,297314,2833.428571428572,158.42857142857142,0.055914086921448,Delta,MEX,,65164611.71428572,,60023547.14285714,125093748.5,97.21428571428572,50.42857142857143,,46.142857142857146,,,0.055914086921448,126705000,22.36240536228698,1.2503734771995691
2021-11-11,MX,Mexico,AMR,3579.0,3882764,137.0,297451,2978.714285714286,154.42857142857142,0.0518440362572538,Delta,MEX,,65307516.28571428,,60295269.85714286,125498934.75,97.53571428571428,50.57142857142857,,46.35714285714285,,,0.0518440362572538,126705000,23.509050832360884,1.2188040837265413
2021-11-12,MX,Mexico,AMR,3346.0,3886110,147.0,297598,2903.1428571428573,149.28571428571428,0.0514221041236098,Delta,MEX,,65450420.85714286,,60566992.57142857,125904121.0,97.85714285714286,50.71428571428572,,46.57142857142857,,,0.0514221041236098,126705000,22.91261479138832,1.178214863546934
2021-11-13,MX,Mexico,AMR,3323.0,3889433,150.0,297748,2875.0,149.71428571428572,0.0520745341614906,Delta,MEX,,65593325.42857143,,60838715.28571428,126309307.25,98.17857142857144,50.85714285714285,,46.785714285714285,,,0.0520745341614906,126705000,22.690501558738806,1.1815972985619014
2021-11-14,MX,Mexico,AMR,3107.0,3892540,114.0,297862,2857.285714285714,144.57142857142858,0.0505974701264936,Delta,MEX,,65736230.0,,61110438.0,126714493.5,98.5,51.0,,47.0,,,0.0505974701264936,126705000,22.550694244786822,1.1410080783822942
2021-11-15,MX,Mexico,AMR,1223.0,3893763,146.0,298008,2831.5714285714284,145.14285714285714,0.0512587659552999,Delta,MEX,,65879134.571428575,,61382160.71428572,127119679.75,98.82142857142856,51.142857142857146,,47.21428571428572,,,0.0512587659552999,126705000,22.347748143888783,1.1455179917355838
2021-11-16,MX,Mexico,AMR,868.0,3894631,136.0,298144,2808.428571428572,144.0,0.0512742255455516,Delta,MEX,,66022039.14285714,,61653883.42857143,127524866.0,99.14285714285714,51.285714285714285,,47.42857142857143,,,0.0512742255455516,126705000,22.165096653080557,1.1364981650290045
2021-11-17,MX,Mexico,AMR,1381.0,3896012,149.0,298293,2403.8571428571427,139.85714285714286,0.0581803054614607,Delta,MEX,,66164943.71428572,,61925606.14285714,127930052.25,99.46428571428572,51.42857142857143,,47.642857142857146,,,0.0581803054614607,126705000,18.972077998951445,1.103801293217654
2021-11-18,MX,Mexico,AMR,3938.0,3899950,154.0,298447,2455.1428571428573,142.28571428571428,0.0579541487257069,Delta,MEX,,66307848.28571428,,62197328.85714286,128335238.5,99.78571428571428,51.57142857142857,,47.85714285714285,,,0.0579541487257069,126705000,19.376842722409197,1.1229684249691352
2021-11-19,MX,Mexico,AMR,3605.0,3903555,129.0,298576,2492.1428571428573,139.71428571428572,0.0560619088564058,Delta,MEX,,66450752.85714286,,62469051.57142857,128740424.75,100.10714285714286,51.71428571428572,,48.07142857142857,,,0.0560619088564058,126705000,19.668859612034705,1.1026738148793318
2021-11-20,MX,Mexico,AMR,3235.0,3906790,126.0,298702,2479.5714285714284,136.28571428571428,0.0549634153367517,Delta,MEX,,66593657.42857143,,62740774.28571428,129145611.0,100.42857142857144,51.85714285714285,,48.285714285714285,,,0.0549634153367517,126705000,19.56964151826233,1.0756143347595934
2021-11-21,MX,Mexico,AMR,2978.0,3909768,125.0,298827,2461.1428571428573,137.85714285714286,0.0560134664499651,Delta,MEX,,66736562.0,,63012497.0,129550797.25,100.75,52.0,,48.5,,,0.0560134664499651,126705000,19.42419681261874,1.0880165964811401
2021-11-22,MX,Mexico,AMR,1294.0,3911062,140.0,298967,2471.285714285714,137.0,0.0554367304468466,Delta,MEX,,66879466.571428575,,63284219.71428572,129955983.5,101.07142857142856,52.142857142857146,,48.71428571428572,,,0.0554367304468466,126705000,19.50424777463963,1.0812517264512056
2021-11-23,MX,Mexico,AMR,982.0,3912044,135.0,299102,2487.5714285714284,136.85714285714286,0.0550163670820651,Delta,MEX,,67022371.14285714,,63555942.42857143,130361169.75,101.39285714285714,52.285714285714285,,48.92857142857143,,,0.0550163670820651,126705000,19.632780305208385,1.0801242481128832
2021-11-24,MX,Mexico,AMR,4391.0,3916435,143.0,299245,2917.5714285714284,136.0,0.0466141115409097,Delta,MEX,,67165275.71428572,,63827665.14285714,130766356.0,101.71428571428572,52.42857142857143,,49.14285714285714,,,0.0466141115409097,126705000,23.026490103558885,1.0733593780829487
2021-11-25,MX,Mexico,AMR,3526.0,3919961,133.0,299378,2858.714285714286,133.0,0.0465244115736345,Delta,MEX,,67308180.28571428,,64099387.85714286,131171542.25,102.03571428571428,52.57142857142857,,49.35714285714285,,,0.0465244115736345,126705000,22.561969028170047,1.0496823329781777
2021-11-26,MX,Mexico,AMR,3236.0,3923197,131.0,299509,2806.0,133.28571428571428,0.0475002545565624,Delta,MEX,,67451084.85714285,,64371110.57142857,131576728.5,102.35714285714286,52.71428571428572,,49.57142857142857,,,0.0475002545565624,126705000,22.14592952132907,1.0519372896548225
2021-11-27,MX,Mexico,AMR,3135.0,3926332,117.0,299626,2791.714285714286,132.0,0.0472827755603315,Delta,MEX,,67593989.42857143,,64642833.28571428,131981914.75,102.67857142857144,52.85714285714285,,49.785714285714285,,,0.0472827755603315,126705000,22.03318168749683,1.0417899846099208
2021-11-28,MX,Mexico,AMR,2785.0,3929117,128.0,299754,2764.1428571428573,132.42857142857142,0.0479094526848932,Delta,MEX,MEX,67736894.0,,64914556.0,132387101.0,103.0,53.0,,50.0,2020-12-24,2023-12-29,0.0479094526848932,126705000,21.8155783682006,1.045172419624888
2021-11-29,MX,Mexico,AMR,1152.0,3930269,130.0,299884,2743.8571428571427,131.0,0.0477430103608059,Delta,MEX,,68026691.75,,65193024.39285714,132964808.17857143,103.42857142857144,53.21428571428572,,50.21428571428572,,,0.0477430103608059,126705000,21.655476444158815,1.0338976362416636
2021-11-30,MX,Mexico,AMR,1005.0,3931274,138.0,300022,2747.1428571428573,131.42857142857142,0.047841913676547,Delta,MEX,,68316489.5,,65471492.78571428,133542515.35714284,103.85714285714286,53.42857142857143,,50.42857142857143,,,0.047841913676547,126705000,21.681408445940235,1.0372800712566308
2021-12-01,MX,Mexico,AMR,3916.0,3935190,122.0,300144,2679.285714285714,128.42857142857142,0.0479338842975206,Omicron,MEX,,68606287.25,,65749961.17857143,134120222.53571428,104.28571428571428,53.642857142857146,,50.642857142857146,,,0.0479338842975206,126705000,21.14585623523708,1.01360302615186
2021-12-02,MX,Mexico,AMR,3190.0,3938380,136.0,300280,2631.285714285714,128.85714285714286,0.0489711710733481,Omicron,MEX,,68896085.0,,66028429.571428575,134697929.7142857,104.71428571428572,53.85714285714285,,50.85714285714285,,,0.0489711710733481,126705000,20.767023513560744,1.0169854611668274
2021-12-03,MX,Mexico,AMR,3044.0,3941424,160.0,300440,2603.8571428571427,133.0,0.0510780709935809,Omicron,MEX,,69185882.75,,66306897.96428572,135275636.89285713,105.14285714285714,54.07142857142857,,51.07142857142857,,,0.0510780709935809,126705000,20.55054767260284,1.0496823329781777
2021-12-04,MX,Mexico,AMR,3163.0,3944587,115.0,300555,2607.8571428571427,132.71428571428572,0.050890167077513,Omicron,MEX,,69475680.5,,66585366.35714286,135853344.07142857,105.57142857142856,54.285714285714285,,51.285714285714285,,,0.050890167077513,126705000,20.582117066075867,1.047427376301533
2021-12-05,MX,Mexico,AMR,2777.0,3947364,139.0,300694,2606.714285714286,134.28571428571428,0.0515153175864525,Omicron,MEX,,69765478.25,,66863834.75,136431051.25,106.0,54.5,,51.5,,,0.0515153175864525,126705000,20.57309723936929,1.0598296380230794
2021-12-06,MX,Mexico,AMR,1061.0,3948425,108.0,300802,2593.714285714286,131.14285714285714,0.0505617977528089,Omicron,MEX,,70055276.0,,67142303.14285715,137008758.42857143,106.42857142857144,54.71428571428572,,51.71428571428572,,,0.0505617977528089,126705000,20.470496710581948,1.0350251145799862
2021-12-07,MX,Mexico,AMR,882.0,3949307,127.0,300929,2576.1428571428573,129.57142857142858,0.0502966783119835,Omicron,MEX,,70345073.75,,67420771.53571428,137586465.60714287,106.85714285714286,54.92857142857143,,51.92857142857143,,,0.0502966783119835,126705000,20.331816874968293,1.0226228528584396
2021-12-08,MX,Mexico,AMR,3749.0,3953056,144.0,301073,2552.285714285714,132.71428571428572,0.0519982088883913,Omicron,MEX,,70634871.5,,67699239.92857143,138164172.7857143,107.28571428571428,55.142857142857146,,52.142857142857146,,,0.0519982088883913,126705000,20.143527992468446,1.047427376301533
2021-12-09,MX,Mexico,AMR,3255.0,3956311,131.0,301204,2561.5714285714284,132.0,0.0515308683285929,Omicron,MEX,,70924669.25,,67977708.32142857,138741879.9642857,107.71428571428572,55.35714285714285,,52.35714285714285,,,0.0515308683285929,126705000,20.2168140844594,1.0417899846099208
2021-12-10,MX,Mexico,AMR,2935.0,3959246,143.0,301347,2546.0,129.57142857142858,0.0508921557625406,Omicron,MEX,,71214467.0,,68256176.71428572,139319587.14285713,108.14285714285714,55.57142857142857,,52.57142857142857,,,0.0508921557625406,126705000,20.09391894558226,1.0226228528584396
2021-12-11,MX,Mexico,AMR,2814.0,3962060,136.0,301483,2496.1428571428573,132.57142857142858,0.053110513363475,Omicron,MEX,,71504264.75,,68534645.10714285,139897294.32142857,108.57142857142856,55.785714285714285,,52.785714285714285,,,0.053110513363475,126705000,19.700429005507736,1.0462998979632105
2021-12-12,MX,Mexico,AMR,2788.0,3964848,114.0,301597,2497.714285714286,129.0,0.0516472203157172,Omicron,MEX,,71794062.5,,68813113.5,140475001.5,109.0,56.0,,53.0,,,0.0516472203157172,126705000,19.71283126722928,1.0181129395051498
2021-12-13,MX,Mexico,AMR,926.0,3965774,129.0,301726,2478.428571428572,132.0,0.053259553864776,Omicron,MEX,,72083860.25,,69091581.89285715,141052708.67857143,109.42857142857144,56.21428571428572,,53.21428571428572,,,0.053259553864776,126705000,19.560621691555756,1.0417899846099208
2021-12-14,MX,Mexico,AMR,906.0,3966680,115.0,301841,2481.8571428571427,130.28571428571428,0.0524952512519426,Omicron,MEX,,72373658.0,,69370050.28571428,141630415.85714287,109.85714285714286,56.42857142857143,,53.42857142857143,,,0.0524952512519426,126705000,19.587681171675484,1.0282602445500515
2021-12-15,MX,Mexico,AMR,3322.0,3970002,126.0,301967,2420.8571428571427,127.71428571428572,0.05275581258114,Omicron,MEX,,72663455.75,,69648518.67857143,142208123.0357143,110.28571428571428,56.642857142857146,,53.642857142857146,,,0.05275581258114,126705000,19.10624792121181,1.0079656344602481
2021-12-16,MX,Mexico,AMR,2834.0,3972836,129.0,302096,2360.714285714286,127.42857142857144,0.0539788199697428,Omicron,MEX,,72953253.5,,69926987.07142857,142785830.2142857,110.71428571428572,56.85714285714285,,53.85714285714285,,,0.0539788199697428,126705000,18.631579540778073,1.0057106777836031
2021-12-17,MX,Mexico,AMR,2828.0,3975664,124.0,302220,2345.428571428572,124.71428571428572,0.0531733463272018,Omicron,MEX,,73243051.25,,70205455.46428572,143363537.39285713,111.14285714285714,57.07142857142857,,54.07142857142857,,,0.0531733463272018,126705000,18.510939358577577,0.9842885893554771
2021-12-18,MX,Mexico,AMR,2770.0,3978434,119.0,302339,2339.1428571428573,122.28571428571428,0.052278001710028,Omicron,MEX,,73532849.0,,70483923.85714285,143941244.57142857,111.57142857142856,57.285714285714285,,54.285714285714285,,,0.052278001710028,126705000,18.461330311691388,0.9651214576039958
2021-12-19,MX,Mexico,AMR,2542.0,3980976,106.0,302445,2304.0,121.14285714285714,0.052579365079365,Omicron,MEX,,73822646.75,,70762392.25,144518951.75,112.0,57.5,,54.5,,,0.052579365079365,126705000,18.18397064046407,0.9561016308974164
2021-12-20,MX,Mexico,AMR,1156.0,3982132,131.0,302576,2336.8571428571427,121.42857142857144,0.051962342584668,Omicron,MEX,,74112444.5,,71040860.64285715,145096658.92857143,112.42857142857144,57.71428571428572,,54.71428571428572,,,0.051962342584668,126705000,18.443290658278226,0.9583565875740613
2021-12-21,MX,Mexico,AMR,987.0,3983119,113.0,302689,2348.428571428572,121.14285714285714,0.0515846462680211,Omicron,MEX,,74402242.25,,71319329.03571428,145674366.10714287,112.85714285714286,57.92857142857143,,54.92857142857143,,,0.0515846462680211,126705000,18.534616403682346,0.9561016308974164
2021-12-22,MX,Mexico,AMR,3820.0,3986939,109.0,302798,2419.5714285714284,118.71428571428572,0.0490641790163547,Omicron,MEX,,74692040.0,,71597797.42857143,146252073.28571427,113.28571428571428,58.14285714285714,,55.14285714285714,,,0.0490641790163547,126705000,19.096100616166908,0.9369344991459352
2021-12-23,MX,Mexico,AMR,3649.0,3990588,116.0,302914,2536.0,116.85714285714286,0.0460793150067598,Omicron,MEX,,74981837.75,,71876265.82142857,146829780.4642857,113.71428571428572,58.35714285714285,,55.35714285714285,,,0.0460793150067598,126705000,20.014995461899687,0.9222772807477436
2021-12-24,MX,Mexico,AMR,3939.0,3994527,123.0,303037,2694.714285714286,116.71428571428572,0.0433123045114774,Omicron,MEX,,75271635.5,,72154734.21428572,147407487.64285713,114.14285714285714,58.57142857142857,,55.57142857142857,,,0.0433123045114774,126705000,21.267623895775905,0.9211498024094213
2021-12-25,MX,Mexico,AMR,4134.0,3998661,97.0,303134,2889.5714285714284,113.57142857142856,0.0393039007267513,Omicron,MEX,,75561433.25,,72433202.60714285,147985194.82142857,114.57142857142856,58.785714285714285,,55.785714285714285,,,0.0393039007267513,126705000,22.805504349247688,0.8963452789663278
2021-12-26,MX,Mexico,AMR,3318.0,4001979,121.0,303255,3000.428571428572,115.71428571428572,0.0385659191544065,Omicron,MEX,MEX,75851231.0,,72711671.0,148562902.0,115.0,59.0,,56.0,2020-12-24,2023-12-29,0.0385659191544065,126705000,23.680427539785896,0.9132574540411642
2021-12-27,MX,Mexico,AMR,1113.0,4003092,111.0,303366,2994.285714285714,112.85714285714286,0.0376908396946564,Omicron,MEX,,76063639.11428571,,72819386.54285714,148925286.2857143,115.28571428571428,59.17142857142857,,56.08571428571429,,,0.0376908396946564,126705000,23.631945971238025,0.8907078872747158
2021-12-28,MX,Mexico,AMR,2012.0,4005104,118.0,303484,3140.714285714286,113.57142857142856,0.0361610188765067,Omicron,MEX,,76276047.22857143,,72927102.08571428,149287670.57142857,115.57142857142856,59.34285714285714,,56.17142857142857,,,0.0361610188765067,126705000,24.787611268018512,0.8963452789663278
2021-12-29,MX,Mexico,AMR,8260.0,4013364,118.0,303602,3775.0,114.85714285714286,0.0304257332071901,Omicron,MEX,,76488455.34285714,,73034817.62857144,149650054.85714287,115.85714285714286,59.51428571428571,,56.25714285714286,,,0.0304257332071901,126705000,29.79361509017008,0.9064925840112298
2021-12-30,MX,Mexico,AMR,9831.0,4023195,117.0,303719,4658.142857142857,115.0,0.0246879504400895,Omicron,MEX,,76700863.45714286,,73142533.17142858,150012439.14285713,116.14285714285714,59.68571428571428,,56.34285714285714,,,0.0246879504400895,126705000,36.763686177679304,0.9076200623495521
2021-12-31,MX,Mexico,AMR,11627.0,4034822,103.0,303822,5756.428571428572,112.14285714285714,0.0194813252264548,Omicron,MEX,,76913271.57142857,,73250248.71428572,150374823.42857143,116.42857142857144,59.85714285714285,,56.42857142857143,,,0.0194813252264548,126705000,45.43173964270211,0.8850704955831036
2022-01-01,MX,Mexico,AMR,12780.0,4047602,96.0,303918,6991.571428571428,112.0,0.0160192885310884,Omicron,MEX,,77125679.68571429,,73357964.25714286,150737207.7142857,116.71428571428572,60.02857142857143,,56.51428571428571,,,0.0160192885310884,126705000,55.1799173558378,0.8839430172447812
2022-01-02,MX,Mexico,AMR,11297.0,4058899,107.0,304025,8131.428571428572,110.0,0.013527758257203,Omicron,MEX,,77338087.8,,73465679.8,151099592.0,117.0,60.2,,56.6,,,0.013527758257203,126705000,64.17606701731242,0.8681583205082672
2022-01-03,MX,Mexico,AMR,3757.0,4062656,109.0,304134,8509.142857142857,109.71428571428572,0.0128936941776912,Omicron,MEX,,77550495.91428572,,73573395.34285714,151461976.2857143,117.28571428571428,60.371428571428574,,56.68571428571428,,,0.0128936941776912,126705000,67.15711974383693,0.8659033638316224
2022-01-04,MX,Mexico,AMR,5868.0,4068524,107.0,304241,9060.0,108.14285714285714,0.0119362976978871,Omicron,MEX,,77762904.02857143,,73681110.88571429,151824360.57142857,117.57142857142856,60.54285714285714,,56.77142857142857,,,0.0119362976978871,126705000,71.5046762164082,0.8535011021100757
2022-01-05,MX,Mexico,AMR,24299.0,4092823,146.0,304387,11351.285714285714,112.14285714285714,0.0098793088259353,Omicron,MEX,,77975312.14285715,,73788826.42857143,152186744.85714287,117.85714285714286,60.71428571428572,,56.85714285714285,,,0.0098793088259353,126705000,89.58830128476157,0.8850704955831036
2022-01-06,MX,Mexico,AMR,32330.0,4125153,135.0,304522,14565.42857142857,114.71428571428572,0.0078757919927813,Omicron,MEX,,78187720.25714286,,73896541.97142857,152549129.14285713,118.14285714285714,60.885714285714286,,56.94285714285714,,,0.0078757919927813,126705000,114.95543641867779,0.9053651056729073
2022-01-07,MX,Mexico,AMR,39146.0,4164299,140.0,304662,18496.714285714286,120.0,0.0064876387312032,Omicron,MEX,,78400128.37142858,,74004257.51428571,152911513.42857143,118.42857142857144,61.05714285714286,,57.02857142857143,,,0.0064876387312032,126705000,145.98251281097262,0.947081804190837
2022-01-08,MX,Mexico,AMR,42720.0,4207019,138.0,304800,22773.85714285714,126.0,0.0055326596285214,Omicron,MEX,,78612536.48571429,,74111973.05714285,153273897.7142857,118.71428571428572,61.22857142857143,,57.114285714285714,,,0.0055326596285214,126705000,179.73921426034602,0.9944358944003788
2022-01-09,MX,Mexico,AMR,46683.0,4253702,134.0,304934,27829.0,129.85714285714286,0.0046662525731123,Omicron,MEX,,78824944.6,,74219688.6,153636282.0,119.0,61.4,,57.2,,,0.0046662525731123,126705000,219.63616274022337,1.0248778095350843
2022-01-10,MX,Mexico,AMR,22680.0,4276382,142.0,305076,30532.285714285717,134.57142857142858,0.0044075124224474,Omicron,MEX,,79037352.71428572,,74327404.14285715,153998666.2857143,119.28571428571428,61.57142857142857,,57.285714285714285,,,0.0044075124224474,126705000,240.9714353362986,1.0620845946997244
2022-01-11,MX,Mexico,AMR,19065.0,4295447,172.0,305248,32417.571428571428,143.85714285714286,0.0044376286229249,Omicron,MEX,,79249760.82857142,,74435119.68571429,154361050.57142857,119.57142857142856,61.74285714285714,,57.371428571428574,,,0.0044376286229249,126705000,255.85076696713966,1.135370686690682
2022-01-12,MX,Mexico,AMR,69003.0,4364450,183.0,305431,38803.857142857145,149.14285714285714,0.0038435059843093,Omicron,MEX,,79462168.94285715,,74542835.22857143,154723434.85714287,119.85714285714286,61.91428571428571,,57.457142857142856,,,0.0038435059843093,126705000,306.2535586035053,1.1770873852086117
2022-01-13,MX,Mexico,AMR,71900.0,4436350,185.0,305616,44456.71428571428,156.28571428571428,0.0035154580539015,Omicron,MEX,,79674577.05714285,,74650550.77142857,155085819.14285713,120.14285714285714,62.08571428571429,,57.54285714285714,,,0.0035154580539015,126705000,350.86787645092363,1.233461302124733
2022-01-14,MX,Mexico,AMR,75684.0,4512034,229.0,305845,49676.42857142857,169.0,0.0034020159029145,Omicron,MEX,,79886985.17142858,,74758266.31428571,155448203.42857143,120.42857142857144,62.25714285714286,,57.62857142857143,,,0.0034020159029145,126705000,392.0636799765484,1.3338068742354288
2022-01-15,MX,Mexico,AMR,74978.0,4587012,229.0,306074,54284.71428571428,182.0,0.0033526933390878,Omicron,MEX,,80099393.28571428,,74865981.85714285,155810587.7142857,120.71428571428572,62.42857142857143,,57.71428571428572,,,0.0033526933390878,126705000,428.4338762141532,1.4364074030227696
2022-01-16,MX,Mexico,AMR,73472.0,4660484,245.0,306319,58111.71428571428,197.8571428571429,0.0034047720892271,Omicron,MEX,,80311801.4,,74973697.4,156172972.0,121.0,62.6,,57.8,,,0.0034047720892271,126705000,458.6378934194726,1.5615574985765588
2022-01-17,MX,Mexico,AMR,31477.0,4691961,247.0,306566,59368.42857142857,212.8571428571429,0.0035853592217123,Omicron,MEX,,80524209.51428571,,75081412.94285715,156535356.2857143,121.28571428571428,62.77142857142857,,57.885714285714286,,,0.0035853592217123,126705000,468.55632036169504,1.6799427241004135
2022-01-18,MX,Mexico,AMR,23881.0,4715842,281.0,306847,60056.42857142857,228.42857142857144,0.0038035656941685,Omicron,MEX,,80736617.62857142,,75189128.48571429,156897740.57142857,121.57142857142856,62.94285714285714,,57.971428571428575,,,0.0038035656941685,126705000,473.9862560390559,1.8028378629775577
2022-01-19,MX,Mexico,AMR,81302.0,4797144,324.0,307171,61813.42857142857,248.57142857142856,0.0040213176055133,Omicron,MEX,,80949025.74285714,,75296844.02857143,157260124.85714287,121.85714285714286,63.114285714285714,,58.05714285714286,,,0.0040213176055133,126705000,487.85311212208336,1.9618123086810193
2022-01-20,MX,Mexico,AMR,75305.0,4872449,377.0,307548,62299.857142857145,276.0,0.0044301867236567,Omicron,MEX,,81161433.85714285,,75404559.57142857,157622509.14285713,122.14285714285714,63.285714285714285,,58.142857142857146,,,0.0044301867236567,126705000,491.6921758640712,2.178288149638925
2022-01-21,MX,Mexico,AMR,71115.0,4943564,368.0,307916,61647.142857142855,295.85714285714283,0.0047992028364192,Omicron,MEX,,81373841.97142857,,75512275.11428571,157984893.42857143,122.42857142857144,63.457142857142856,,58.22857142857143,,,0.0047992028364192,126705000,486.54072733627606,2.335007638665742
2022-01-22,MX,Mexico,AMR,65742.0,5009306,388.0,308304,60327.71428571428,318.57142857142856,0.005280681231559,Omicron,MEX,,81586250.08571428,,75619990.65714286,158347277.7142857,122.71428571428572,63.62857142857143,,58.31428571428572,,,0.005280681231559,126705000,476.1273374035301,2.514276694459008
2022-01-23,MX,Mexico,AMR,57993.0,5067299,410.0,308714,58116.42857142857,342.1428571428572,0.0058871968831041,Omicron,MEX,,81798658.2,,75727706.2,158709662.0,123.0,63.8,,58.4,,,0.0058871968831041,126705000,458.6751002046373,2.7003106202822083
2022-01-24,MX,Mexico,AMR,25291.0,5092590,457.0,309171,57232.71428571428,372.1428571428572,0.0065022751722915,Omicron,MEX,,82011066.31428571,,75835421.74285714,159072046.2857143,123.28571428571428,63.971428571428575,,58.48571428571429,,,0.0065022751722915,126705000,451.7005192037748,2.937081071329918
2022-01-25,MX,Mexico,AMR,19021.0,5111611,433.0,309604,56538.42857142857,393.8571428571428,0.0069661848199328,Omicron,MEX,,82223474.42857143,,75943137.28571428,159434430.57142857,123.57142857142856,64.14285714285714,,58.57142857142857,,,0.0069661848199328,126705000,446.22097447952785,3.108457778754925
2022-01-26,MX,Mexico,AMR,62338.0,5173949,503.0,310107,53829.28571428572,419.4285714285714,0.0077918286646939,Omicron,MEX,,82435882.54285714,,76050852.82857142,159796814.85714287,123.85714285714286,64.31428571428572,,58.65714285714286,,,0.0077918286646939,126705000,424.83947527158136,3.3102764013146393
2022-01-27,MX,Mexico,AMR,51378.0,5225327,561.0,310668,50411.142857142855,445.7142857142857,0.0088415826432931,Omicron,MEX,,82648290.65714286,,76158568.37142858,160159199.14285713,124.14285714285714,64.48571428571428,,58.74285714285714,,,0.0088415826432931,126705000,397.86230107054064,3.517732415565966
2022-01-28,MX,Mexico,AMR,46573.0,5271900,529.0,311197,46905.142857142855,468.7142857142857,0.0099928122411188,Omicron,MEX,,82860698.77142857,,76266283.91428572,160521583.42857143,124.42857142857144,64.65714285714286,,58.82857142857143,,,0.0099928122411188,126705000,370.1917276914317,3.699256428035876
2022-01-29,MX,Mexico,AMR,41530.0,5313430,562.0,311759,43446.28571428572,493.57142857142856,0.011360497691731,Omicron,MEX,,83073106.88571429,,76373999.45714286,160883967.7142857,124.71428571428572,64.82857142857142,,58.91428571428571,,,0.011360497691731,126705000,342.8932221639692,3.8954376589039783
2022-01-30,MX,Mexico,AMR,36598.0,5350028,558.0,312317,40389.857142857145,514.7142857142857,0.0127436520484279,Omicron,MEX,MEX,83285515.0,,76481715.0,161246352.0,125.0,65.0,,59.0,2020-12-24,2023-12-29,0.0127436520484279,126705000,318.7708231155609,4.062304452975697
2022-01-31,MX,Mexico,AMR,16659.0,5366687,548.0,312865,39156.71428571428,527.7142857142857,0.0134769807768782,Omicron,MEX,,83352925.46428572,,76566774.82142857,161943742.0357143,125.53571428571428,65.03571428571429,,59.07142857142857,,,0.0134769807768782,126705000,309.0384300991617,4.164904981763038
2022-02-01,MX,Mexico,AMR,12439.0,5379126,562.0,313427,38216.42857142857,546.1428571428571,0.0142907874324804,Omicron,MEX,,83420335.92857143,,76651834.64285715,162641132.07142857,126.07142857142856,65.07142857142857,,59.142857142857146,,,0.0142907874324804,126705000,301.6173676763235,4.310349687406631
2022-02-02,MX,Mexico,AMR,37510.0,5416636,548.0,313975,34669.57142857143,552.5714285714286,0.0159382249564253,Omicron,MEX,,83487746.39285715,,76736894.46428572,163338522.10714287,126.60714285714286,65.10714285714286,,59.21428571428572,,,0.0159382249564253,126705000,273.62433549245435,4.36108621263114
2022-02-03,MX,Mexico,AMR,29513.0,5446149,606.0,314581,31546.0,559.0,0.0177201546947315,Omicron,MEX,,83555156.85714285,,76821954.28571428,164035912.14285713,127.14285714285714,65.14285714285714,,59.285714285714285,,,0.0177201546947315,126705000,248.97202162503453,4.4118227378556485
2022-02-04,MX,Mexico,AMR,26920.0,5473069,583.0,315164,28738.42857142857,566.7142857142857,0.0197197381306264,Omicron,MEX,,83622567.32142857,,76907014.10714285,164733302.17857143,127.67857142857144,65.17857142857143,,59.35714285714285,,,0.0197197381306264,126705000,226.8136898419839,4.4727065681250595
2022-02-05,MX,Mexico,AMR,23346.0,5496415,551.0,315715,26140.714285714286,565.1428571428571,0.0216192584091592,Omicron,MEX,,83689977.78571428,,76992073.92857143,165430692.2142857,128.21428571428572,65.21428571428571,,59.42857142857143,,,0.0216192584091592,126705000,206.31162373792893,4.460304306403512
2022-02-06,MX,Mexico,AMR,20160.0,5516575,503.0,316218,23792.42857142857,557.2857142857143,0.0234228175830246,Omicron,MEX,,83757388.25,,77077133.75,166128082.25,128.75,65.25,,59.5,,,0.0234228175830246,126705000,187.77813481258488,4.398292997795781
2022-02-07,MX,Mexico,AMR,8937.0,5525512,504.0,316722,22689.285714285717,551.0,0.0242845899575003,Omicron,MEX,,83824798.71428572,,77162193.57142857,166825472.2857143,129.28571428571428,65.28571428571429,,59.57142857142857,,,0.0242845899575003,126705000,179.07174708405915,4.348683950909593
2022-02-08,MX,Mexico,AMR,6593.0,5532105,499.0,317221,21854.14285714286,542.0,0.0248007896508671,Omicron,MEX,,83892209.17857143,,77247253.39285715,167522862.32142857,129.82142857142858,65.32142857142857,,59.642857142857146,,,0.0248007896508671,126705000,172.48050871822628,4.277652815595281
2022-02-09,MX,Mexico,AMR,9686.0,5541791,488.0,317709,17879.285714285714,533.4285714285714,0.029835004594303,Omicron,MEX,,83959619.64285715,,77332313.21428572,168220252.35714287,130.35714285714286,65.35714285714286,,59.71428571428572,,,0.029835004594303,126705000,141.1095514327431,4.210004115295935
2022-02-10,MX,Mexico,AMR,20031.0,5561822,494.0,318203,16524.714285714286,517.4285714285714,0.0313124065252911,Omicron,MEX,,84027030.10714285,,77417373.03571428,168917642.39285713,130.89285714285714,65.39285714285714,,59.785714285714285,,,0.0313124065252911,126705000,130.41880182876986,4.0837265414038235
2022-02-11,MX,Mexico,AMR,14943.0,5576765,497.0,318700,14813.714285714286,505.1428571428572,0.0340996759759296,Omicron,MEX,,84094440.57142857,,77502432.85714285,169615032.42857143,131.42857142857142,65.42857142857143,,59.85714285714285,,,0.0340996759759296,126705000,116.91499377068219,3.986763404308095
2022-02-12,MX,Mexico,AMR,13691.0,5590456,421.0,319121,13434.42857142857,486.57142857142856,0.036218245233462,Omicron,MEX,,84161851.03571428,,77587492.67857143,170312422.4642857,131.96428571428572,65.46428571428571,,59.92857142857143,,,0.036218245233462,126705000,106.02919041417915,3.84019122032618
2022-02-13,MX,Mexico,AMR,12491.0,5602947,405.0,319526,12338.857142857143,472.57142857142856,0.0382994488954753,Omicron,MEX,,84229261.5,,77672552.5,171009812.5,132.5,65.5,,60.0,,,0.0382994488954753,126705000,97.38255903758449,3.7296983431705817
2022-02-14,MX,Mexico,AMR,5865.0,5608812,398.0,319924,11900.0,457.4285714285714,0.0384393757503001,Omicron,MEX,,84296671.96428572,,77757612.32142857,171707202.5357143,133.03571428571428,65.53571428571429,,60.07142857142857,,,0.0384393757503001,126705000,93.918945582258,3.6101856393084044
2022-02-15,MX,Mexico,AMR,4898.0,5613710,391.0,320315,11657.857142857143,442.0,0.0379143434838551,Omicron,MEX,,84364082.42857143,,77842672.14285715,172404592.57142857,133.57142857142858,65.57142857142857,,60.142857142857146,,,0.0379143434838551,126705000,92.0078697988015,3.488417978769583
2022-02-16,MX,Mexico,AMR,13381.0,5627091,391.0,320706,12185.714285714286,428.1428571428572,0.0351348182883939,Omicron,MEX,,84431492.89285715,,77927731.96428572,173101982.60714287,134.10714285714286,65.60714285714286,,60.21428571428572,,,0.0351348182883939,126705000,96.17390225890286,3.379052579952308
2022-02-17,MX,Mexico,AMR,10387.0,5637478,348.0,321054,10808.0,407.2857142857143,0.037683726340277,Omicron,MEX,,84498903.35714285,,78012791.78571428,173799372.64285713,134.64285714285714,65.64285714285714,,60.285714285714285,,,0.037683726340277,126705000,85.30050116412139,3.2144407425572337
2022-02-18,MX,Mexico,AMR,9679.0,5647157,323.0,321377,10056.0,382.4285714285714,0.0380298897602,Omicron,MEX,,84566313.82142857,,78097851.60714285,174496762.67857143,135.17857142857142,65.67857142857143,,60.35714285714285,,,0.0380298897602,126705000,79.36545519119214,3.0182595116891315
2022-02-19,MX,Mexico,AMR,9260.0,5656417,295.0,321672,9423.0,364.4285714285714,0.0386743681872621,Omicron,MEX,,84633724.28571428,,78182911.42857143,175194152.7142857,135.71428571428572,65.71428571428571,,60.42857142857143,,,0.0386743681872621,126705000,74.36959867408548,2.8761972410605057
2022-02-20,MX,Mexico,AMR,8106.0,5664523,239.0,321911,8796.57142857143,340.7142857142857,0.038732623099909,Omicron,MEX,,84701134.75,,78267971.25,175891542.75,136.25,65.75,,60.5,,,0.038732623099909,126705000,69.42560616054165,2.6890358368989835
2022-02-21,MX,Mexico,AMR,3657.0,5668180,257.0,322168,8481.142857142857,320.57142857142856,0.0377981404123433,Omicron,MEX,,84768545.21428572,,78353031.07142857,176588932.7857143,136.78571428571428,65.78571428571429,,60.57142857142857,,,0.0377981404123433,126705000,66.93613398952573,2.530061391195521
2022-02-22,MX,Mexico,AMR,3176.0,5671356,244.0,322412,8235.142857142857,299.57142857142856,0.0363771987648752,Omicron,MEX,,84835955.67857143,,78438090.89285715,177286322.82142857,137.32142857142858,65.82142857142857,,60.642857142857146,,,0.0363771987648752,126705000,64.99461629093452,2.364322075462125
2022-02-23,MX,Mexico,AMR,8162.0,5679518,262.0,322674,7489.571428571428,281.1428571428572,0.0375379098556087,Omicron,MEX,,84903366.14285715,,78523150.71428572,177983712.85714287,137.85714285714286,65.85714285714286,,60.71428571428572,,,0.0375379098556087,126705000,59.11030684322977,2.2188773698185327
2022-02-24,MX,Mexico,AMR,6422.0,5685940,249.0,322923,6923.142857142857,267.0,0.0385662993685774,Omicron,MEX,,84970776.60714285,,78608210.53571428,178681102.89285713,138.39285714285714,65.89285714285714,,60.785714285714285,,,0.0385662993685774,126705000,54.63985523178136,2.107257014324612
2022-02-25,MX,Mexico,AMR,5941.0,5691881,208.0,323131,6389.142857142857,250.57142857142856,0.0392183167874072,Omicron,MEX,,85038187.07142857,,78693270.35714285,179378492.92857143,138.92857142857142,65.92857142857143,,60.85714285714285,,,0.0392183167874072,126705000,50.425341203132135,1.9775970054175334
2022-02-26,MX,Mexico,AMR,5458.0,5697339,198.0,323329,5846.0,236.7142857142857,0.0404916670739455,Omicron,MEX,,85105597.53571428,,78778330.17857143,180075882.9642857,139.46428571428572,65.96428571428571,,60.92857142857143,,,0.0404916670739455,126705000,46.138668560830276,1.868231606600258
2022-02-27,MX,Mexico,AMR,4465.0,5701804,153.0,323482,5325.857142857143,224.42857142857144,0.0421394275904616,Omicron,MEX,MEX,85173008.0,26003943.0,78863390.0,180773273.0,140.0,66.0,20.0,61.0,2020-12-24,2023-12-29,0.0421394275904616,126705000,42.03351993099833,1.7712684695045298
2022-02-28,MX,Mexico,AMR,1762.0,5703566,164.0,323646,5055.142857142857,211.14285714285717,0.0417679308200983,Omicron,MEX,,85188085.64285715,26358924.10714286,78894289.5,181173911.0,140.32142857142858,66.0,20.285714285714285,61.035714285714285,,,0.0417679308200983,126705000,39.896948479877324,1.6664129840405442
2022-03-01,MX,Mexico,AMR,1521.0,5705087,156.0,323802,4818.714285714285,198.57142857142856,0.0412083839791289,Omicron,MEX,,85203163.28571428,26713905.21428572,78925189.0,181574549.0,140.64285714285714,66.0,20.571428571428573,61.07142857142857,,,0.0412083839791289,126705000,38.030971829953714,1.5671948902681705
2022-03-02,MX,Mexico,AMR,5255.0,5710342,157.0,323959,4403.428571428572,183.57142857142856,0.0416882948351933,Omicron,MEX,,85218240.92857143,27068886.32142857,78956088.5,181975187.0,140.96428571428572,66.0,20.857142857142858,61.10714285714285,,,0.0416882948351933,126705000,34.75339230045043,1.4488096647443158
2022-03-03,MX,Mexico,AMR,3637.0,5713979,113.0,324072,4005.571428571429,164.14285714285714,0.0409786368986055,Omicron,MEX,,85233318.57142857,27423867.42857143,78986988.0,182375825.0,141.28571428571428,66.0,21.142857142857142,61.142857142857146,,,0.0409786368986055,126705000,31.613365128222473,1.2954726107324663
2022-03-04,MX,Mexico,AMR,3148.0,5717127,132.0,324204,3606.571428571429,153.28571428571428,0.0425017824605878,Omicron,MEX,,85248396.21428572,27778848.535714287,79017887.5,182776463.0,141.60714285714286,66.0,21.428571428571427,61.17857142857143,,,0.0425017824605878,126705000,28.464318129287946,1.209784257019962
2022-03-05,MX,Mexico,AMR,3259.0,5720386,101.0,324305,3292.428571428572,139.42857142857142,0.0423482448908751,Omicron,MEX,,85263473.85714285,28133829.64285714,79048787.0,183177101.0,141.92857142857142,66.0,21.714285714285715,61.21428571428572,,,0.0423482448908751,126705000,25.984993263316934,1.1004188582026866
2022-03-06,MX,Mexico,AMR,2787.0,5723173,107.0,324412,3052.714285714286,132.85714285714286,0.0435209883476063,Omicron,MEX,,85278551.5,28488810.75,79079686.5,183577739.0,142.25,66.0,22.0,61.25,,,0.0435209883476063,126705000,24.0930846116119,1.048554854639855
2022-03-07,MX,Mexico,AMR,1111.0,5724284,68.0,324480,2959.714285714286,119.14285714285714,0.0402548508543295,Omicron,MEX,,85293629.14285715,28843791.85714286,79110586.0,183978377.0,142.57142857142858,66.0,22.285714285714285,61.285714285714285,,,0.0402548508543295,126705000,23.359096213364,0.9403169341609025
2022-03-08,MX,Mexico,AMR,903.0,5725187,96.0,324576,2871.428571428572,110.57142857142856,0.0385074626865671,Omicron,MEX,,85308706.78571428,29198772.96428572,79141485.5,184379015.0,142.89285714285714,66.0,22.57142857142857,61.32142857142857,,,0.0385074626865671,126705000,22.662314600280748,0.8726682338615568
2022-03-09,MX,Mexico,AMR,3027.0,5728214,86.0,324662,2553.1428571428573,100.42857142857144,0.03933527305282,Omicron,MEX,,85323784.42857143,29553754.07142857,79172385.0,184779653.0,143.21428571428572,66.0,22.857142857142858,61.35714285714285,,,0.03933527305282,126705000,20.15029286249838,0.7926172718406649
2022-03-10,MX,Mexico,AMR,2469.0,5730683,72.0,324734,2386.285714285714,94.57142857142856,0.0396312260536398,Omicron,MEX,,85338862.07142857,29908735.17857143,79203284.5,185180291.0,143.53571428571428,66.0,23.142857142857142,61.392857142857146,,,0.0396312260536398,126705000,18.833398163337787,0.7463906599694453
2022-03-11,MX,Mexico,AMR,2413.0,5733096,70.0,324804,2281.285714285714,85.71428571428571,0.0375727972947585,Omicron,MEX,,85353939.71428572,30263716.285714284,79234184.0,185580929.0,143.85714285714286,66.0,23.428571428571427,61.42857142857143,,,0.0375727972947585,126705000,18.004701584670805,0.676487002993455
2022-03-12,MX,Mexico,AMR,2267.0,5735363,75.0,324879,2139.5714285714284,82.0,0.038325432329572,Omicron,MEX,,85369017.35714285,30618697.39285714,79265083.5,185981567.0,144.17857142857142,66.0,23.714285714285715,61.46428571428572,,,0.038325432329572,126705000,16.886243073054956,0.647172566197072
2022-03-13,MX,Mexico,AMR,1879.0,5737242,65.0,324944,2009.857142857143,76.0,0.0378136328097235,Omicron,MEX,,85384095.0,30973678.5,79295983.0,186382205.0,144.5,66.0,24.0,61.5,,,0.0378136328097235,126705000,15.8624927418582,0.59981847598753
2022-03-14,MX,Mexico,AMR,743.0,5737985,65.0,325009,1957.2857142857144,75.57142857142857,0.0386103204145682,Omicron,MEX,,85399172.64285715,31328659.60714286,79326882.5,186782843.0,144.82142857142858,66.0,24.285714285714285,61.535714285714285,,,0.0386103204145682,126705000,15.447580713355546,0.5964360409725628
2022-03-15,MX,Mexico,AMR,683.0,5738668,58.0,325067,1925.857142857143,70.14285714285714,0.0364216304428454,Omicron,MEX,,85414250.28571428,31683640.71428572,79357782.0,187183481.0,145.14285714285714,66.0,24.57142857142857,61.57142857142857,,,0.0364216304428454,126705000,15.199535478924611,0.5535918641163107
2022-03-16,MX,Mexico,AMR,2265.0,5740933,46.0,325113,1817.0,64.42857142857143,0.0354587624813271,Omicron,MEX,,85429327.92857143,32038621.82142857,79388681.5,187584119.0,145.46428571428572,66.0,24.857142857142858,61.60714285714285,,,0.0354587624813271,126705000,14.340396985122922,0.5084927305834137
2022-03-17,MX,Mexico,AMR,1926.0,5742859,53.0,325166,1739.428571428571,61.71428571428572,0.0354796320630749,Omicron,MEX,,85444405.57142857,32393602.92857143,79419581.0,187984757.0,145.78571428571428,66.0,25.142857142857142,61.642857142857146,,,0.0354796320630749,126705000,13.728176247413844,0.48707064215528767
2022-03-18,MX,Mexico,AMR,1596.0,5744455,41.0,325207,1622.7142857142858,57.57142857142857,0.0354784752178889,Omicron,MEX,,85459483.21428572,32748584.035714287,79450480.5,188385395.0,146.10714285714286,66.0,25.428571428571427,61.67857142857143,,,0.0354784752178889,126705000,12.807026445004427,0.4543737703439372
2022-03-19,MX,Mexico,AMR,1524.0,5745979,40.0,325247,1516.571428571429,52.57142857142857,0.0346646571213263,Omicron,MEX,,85474560.85714285,33103565.14285714,79481380.0,188786033.0,146.42857142857142,66.0,25.714285714285715,61.71428571428572,,,0.0346646571213263,126705000,11.969310039630866,0.41491202850265235
2022-03-20,MX,Mexico,AMR,1331.0,5747310,46.0,325293,1438.2857142857142,49.85714285714285,0.0346642828764402,Omicron,MEX,,85489638.5,33458546.25,79512279.5,189186671.0,146.75,66.0,26.0,61.75,,,0.0346642828764402,126705000,11.351451910230175,0.39348994007452626
2022-03-21,MX,Mexico,AMR,518.0,5747828,36.0,325329,1406.142857142857,45.71428571428572,0.0325104134918216,Omicron,MEX,,85504716.14285715,33813527.35714286,79543179.0,189587309.0,147.07142857142858,66.0,26.285714285714285,61.785714285714285,,,0.0325104134918216,126705000,11.097769284107628,0.36079306826317603
2022-03-22,MX,Mexico,AMR,331.0,5748159,35.0,325364,1355.857142857143,42.42857142857143,0.0312928037087767,Omicron,MEX,,85519793.78571428,34168508.46428572,79574078.5,189987947.0,147.39285714285714,66.0,26.57142857142857,61.82142857142857,,,0.0312928037087767,126705000,10.700896909018136,0.33486106648176023
2022-03-23,MX,Mexico,AMR,588.0,5748747,26.0,325390,1116.2857142857142,39.57142857142857,0.035449193754799,Omicron,MEX,,85534871.42857143,34523489.57142857,79604978.0,190388585.0,147.71428571428572,66.0,26.857142857142858,61.85714285714285,,,0.035449193754799,126705000,8.810115735651427,0.3123114997153117
2022-03-24,MX,Mexico,AMR,1698.0,5750445,33.0,325423,1083.7142857142858,36.71428571428572,0.0338781966780912,Omicron,MEX,,85549949.07142857,34878470.67857143,79635877.5,190789223.0,148.03571428571428,66.0,27.142857142857142,61.892857142857146,,,0.0338781966780912,126705000,8.553050674513916,0.28976193294886327
2022-03-25,MX,Mexico,AMR,1357.0,5751802,26.0,325449,1049.571428571429,34.57142857142857,0.0329386144004355,Omicron,MEX,,85565026.71428572,35233451.78571428,79666777.0,191189861.0,148.35714285714286,66.0,27.428571428571427,61.92857142857143,,,0.0329386144004355,126705000,8.283583351654858,0.2728497578740268
2022-03-26,MX,Mexico,AMR,1267.0,5753069,25.0,325474,1012.8571428571428,32.42857142857143,0.0320169252468265,Omicron,MEX,,85580104.35714285,35588432.89285714,79697676.5,191590499.0,148.67857142857142,66.0,27.714285714285715,61.96428571428572,,,0.0320169252468265,126705000,7.993821418705993,0.2559375827991905
2022-03-27,MX,Mexico,AMR,1161.0,5754230,28.0,325502,988.5714285714286,29.857142857142858,0.0302023121387283,Omicron,MEX,MEX,85595182.0,35943414.0,79728576.0,191991137.0,149.0,66.0,28.0,62.0,2020-12-24,2023-12-29,0.0302023121387283,126705000,7.80215010119118,0.23564297270938683
2022-03-28,MX,Mexico,AMR,422.0,5754652,22.0,325524,974.8571428571428,27.857142857142858,0.0285756154747948,Omicron,MEX,,85602955.67857143,36287591.64285714,79736393.64285715,192241088.35714287,149.17857142857142,66.03571428571429,28.25,62.0,,,0.0285756154747948,126705000,7.693912180712227,0.21985827597287289
2022-03-29,MX,Mexico,AMR,357.0,5755009,29.0,325553,978.5714285714286,27.0,0.0275912408759124,Omicron,MEX,,85610729.35714285,36631769.28571428,79744211.28571428,192491039.7142857,149.35714285714286,66.07142857142857,28.5,62.0,,,0.0275912408759124,126705000,7.723226617508612,0.21309340594293832
2022-03-30,MX,Mexico,AMR,1462.0,5756471,20.0,325573,1103.428571428571,26.142857142857142,0.02369238736406,Omicron,MEX,,85618503.03571428,36975946.92857143,79752028.92857143,192740991.07142857,149.53571428571428,66.10714285714286,28.75,62.0,,,0.02369238736406,126705000,8.708642685202408,0.20632853591300376
2022-03-31,MX,Mexico,AMR,1263.0,5757734,21.0,325594,1041.2857142857142,24.428571428571427,0.0234600082315818,Omicron,MEX,,85626276.71428572,37320124.571428575,79759846.57142857,192990942.42857143,149.71428571428572,66.14285714285714,29.0,62.0,,,0.0234600082315818,126705000,8.218189608032155,0.19279879585313467
2022-04-01,MX,Mexico,AMR,1188.0,5758922,23.0,325617,1017.1428571428572,24.0,0.0235955056179775,Omicron,MEX,,85634050.39285715,37664302.21428572,79767664.21428572,193240893.7857143,149.89285714285714,66.17857142857143,29.25,62.0,,,0.0235955056179775,126705000,8.027645768855665,0.18941636083816737
2022-04-02,MX,Mexico,AMR,1066.0,5759988,17.0,325634,988.4285714285714,22.857142857142858,0.0231247290070819,Omicron,MEX,,85641824.07142857,38008479.85714286,79775481.85714285,193490845.1428572,150.07142857142858,66.21428571428571,29.5,62.0,,,0.0231247290070819,126705000,7.80102262285286,0.180396534131588
2022-04-03,MX,Mexico,AMR,765.0,5760753,21.0,325655,931.8571428571428,21.857142857142858,0.0234554652767131,Omicron,MEX,,85649597.75,38352657.5,79783299.5,193740796.5,150.25,66.25,29.75,62.0,,,0.0234554652767131,126705000,7.354541200877177,0.17250418576333104
2022-04-04,MX,Mexico,AMR,343.0,5761096,15.0,325670,920.5714285714286,20.857142857142858,0.0226567349472377,Omicron,MEX,,85657371.42857143,38696835.14285714,79791117.14285715,193990747.85714287,150.42857142857142,66.28571428571429,30.0,62.0,,,0.0226567349472377,126705000,7.265470412149706,0.16461183739507404
2022-04-05,MX,Mexico,AMR,281.0,5761377,13.0,325683,909.7142857142856,18.571428571428573,0.0204145728643216,Omicron,MEX,,85665145.10714285,39041012.78571428,79798934.78571428,194240699.2142857,150.60714285714286,66.32142857142857,30.25,62.0,,,0.0204145728643216,126705000,7.179782058437201,0.14657218398191527
2022-04-06,MX,Mexico,AMR,1029.0,5762406,23.0,325706,847.8571428571429,19.0,0.0224094355518112,Omicron,MEX,,85672918.78571428,39385190.42857143,79806752.42857143,194490650.57142857,150.78571428571428,66.35714285714286,30.5,62.0,,,0.0224094355518112,126705000,6.691583937943593,0.1499546189968825
2022-04-07,MX,Mexico,AMR,810.0,5763216,17.0,325723,783.1428571428571,18.428571428571427,0.023531557825611,Omicron,MEX,,85680692.46428572,39729368.071428575,79814570.07142857,194740601.92857143,150.96428571428572,66.39285714285714,30.75,62.0,,,0.023531557825611,126705000,6.180836250683534,0.14544470564359283
2022-04-08,MX,Mexico,AMR,798.0,5764014,16.0,325739,727.4285714285714,17.428571428571427,0.0239591516103692,Omicron,MEX,,85688466.14285715,40073545.71428572,79822387.71428572,194990553.2857143,151.14285714285714,66.42857142857143,31.0,62.0,,,0.0239591516103692,126705000,5.741119698737788,0.13755235727533582
2022-04-09,MX,Mexico,AMR,767.0,5764781,13.0,325752,684.7142857142857,16.857142857142858,0.0246192363863968,Omicron,MEX,,85696239.82142857,40417723.35714286,79830205.35714285,195240504.6428572,151.32142857142858,66.46428571428571,31.25,62.0,,,0.0246192363863968,126705000,5.404003675579382,0.13304244392204617
2022-04-10,MX,Mexico,AMR,729.0,5765510,20.0,325772,679.5714285714286,16.714285714285715,0.0245953331931889,Omicron,MEX,,85704013.5,40761901.0,79838023.0,195490456.0,151.5,66.5,31.5,62.0,,,0.0245953331931889,126705000,5.363414455399775,0.13191496558372373
2022-04-11,MX,Mexico,AMR,315.0,5765825,6.0,325778,675.5714285714286,15.428571428571429,0.0228378092620004,Omicron,MEX,,85711787.17857143,41106078.64285714,79845840.64285715,195740407.35714287,151.67857142857142,66.53571428571429,31.75,62.0,,,0.0228378092620004,126705000,5.331845061926748,0.1217676605388219
2022-04-12,MX,Mexico,AMR,261.0,5766086,10.0,325788,672.7142857142857,15.0,0.022297727755362,Omicron,MEX,,85719560.85714285,41450256.28571428,79853658.28571428,195990358.7142857,151.85714285714286,66.57142857142857,32.0,62.0,,,0.022297727755362,126705000,5.309295495160299,0.11838522552385462
2022-04-13,MX,Mexico,AMR,801.0,5766887,7.0,325795,640.1428571428571,12.714285714285714,0.019861638027226,Omicron,MEX,,85727334.53571428,41794433.92857143,79861475.92857143,196240310.07142857,152.03571428571428,66.60714285714286,32.25,62.0,,,0.019861638027226,126705000,5.0522304340227855,0.10034557211069581
2022-04-14,MX,Mexico,AMR,674.0,5767561,12.0,325807,620.7142857142857,12.0,0.0193325661680092,Omicron,MEX,,85735108.21428572,42138611.57142857,79869293.57142857,196490261.42857143,152.21428571428572,66.64285714285714,32.5,62.0,,,0.0193325661680092,126705000,4.898893380010936,0.09470818041908369
2022-04-15,MX,Mexico,AMR,642.0,5768203,12.0,325819,598.4285714285714,11.428571428571429,0.0190976366674624,Omicron,MEX,,85742881.89285715,42482789.21428572,79877111.21428572,196740212.7857143,152.39285714285714,66.67857142857143,32.75,62.0,,,0.0190976366674624,126705000,4.723006759232638,0.090198267065794
2022-04-16,MX,Mexico,AMR,276.0,5768479,15.0,325834,528.2857142857143,11.714285714285714,0.0221741481882098,Omicron,MEX,,85750655.57142857,42826966.85714286,79884928.85714285,196990164.1428572,152.57142857142858,66.71428571428571,33.0,62.0,,,0.0221741481882098,126705000,4.1694148951163275,0.09245322374243885
2022-04-17,MX,Mexico,AMR,236.0,5768715,9.0,325843,457.8571428571428,10.142857142857142,0.0221528861154446,Omicron,MEX,,85758429.25,43171144.5,79892746.5,197240115.5,152.75,66.75,33.25,62.0,,,0.0221528861154446,126705000,3.6135680743233713,0.08005096202089218
2022-04-18,MX,Mexico,AMR,212.0,5768927,16.0,325859,443.1428571428572,11.571428571428571,0.0261121856866537,Omicron,MEX,,85766202.92857143,43515322.14285714,79900564.14285715,197490066.85714287,152.92857142857142,66.78571428571429,33.5,62.0,,,0.0261121856866537,126705000,3.497437805476163,0.09132574540411642
2022-04-19,MX,Mexico,AMR,228.0,5769155,11.0,325870,438.4285714285714,11.714285714285714,0.0267188009123492,Omicron,MEX,,85773976.60714285,43859499.78571428,79908381.78571428,197740018.2142857,153.10714285714286,66.82142857142857,33.75,62.0,,,0.0267188009123492,126705000,3.460231020311522,0.09245322374243885
2022-04-20,MX,Mexico,AMR,886.0,5770041,7.0,325877,450.57142857142856,11.714285714285714,0.0259987317691819,Omicron,MEX,,85781750.28571428,44203677.42857143,79916199.42857143,197989969.57142857,153.28571428571428,66.85714285714286,34.0,62.0,,,0.0259987317691819,126705000,3.556066679068928,0.09245322374243885
2022-04-21,MX,Mexico,AMR,606.0,5770647,8.0,325885,440.8571428571428,11.142857142857142,0.0252754374594944,Omicron,MEX,,85789523.96428572,44547855.07142857,79924017.07142857,198239920.92857143,153.46428571428572,66.89285714285714,34.25,62.0,,,0.0252754374594944,126705000,3.479398152063003,0.08794331038914914
2022-04-22,MX,Mexico,AMR,756.0,5771403,8.0,325893,457.1428571428572,10.571428571428571,0.023125,Omicron,MEX,,85797297.64285715,44892032.71428572,79931834.71428572,198489872.2857143,153.64285714285714,66.92857142857143,34.5,62.0,,,0.023125,126705000,3.6079306826317605,0.08343339703585945
2022-04-23,MX,Mexico,AMR,586.0,5771989,12.0,325905,501.4285714285714,10.142857142857142,0.0202279202279202,Omicron,MEX,,85805071.32142857,45236210.35714286,79939652.35714285,198739823.6428572,153.82142857142858,66.96428571428571,34.75,62.0,,,0.0202279202279202,126705000,3.957448967511711,0.08005096202089218
2022-04-24,MX,Mexico,AMR,572.0,5772561,8.0,325913,549.4285714285714,10.0,0.0182007280291211,Omicron,MEX,MEX,85812845.0,45580388.0,79947470.0,198989775.0,154.0,67.0,35.0,62.0,2020-12-24,2023-12-29,0.0182007280291211,126705000,4.336281689188047,0.07892348368256975
2022-04-25,MX,Mexico,AMR,271.0,5772832,8.0,325921,557.8571428571429,8.857142857142858,0.015877080665813,Omicron,MEX,,85872586.65714286,45793817.8,79947470.0,199259779.65714285,154.22857142857143,67.02857142857142,35.17142857142857,62.0,,,0.015877080665813,126705000,4.402802911149069,0.06990365697599035
2022-04-26,MX,Mexico,AMR,329.0,5773161,4.0,325925,572.2857142857143,7.857142857142857,0.0137294058911632,Omicron,MEX,,85932328.31428571,46007247.6,79947470.0,199529784.31428573,154.45714285714286,67.05714285714286,35.34285714285714,62.0,,,0.0137294058911632,126705000,4.516678223319635,0.06201130860773337
2022-04-27,MX,Mexico,AMR,863.0,5774024,3.0,325928,569.0,7.285714285714286,0.0128044187798142,Omicron,MEX,,85992069.97142857,46220677.4,79947470.0,199799788.97142857,154.68571428571428,67.08571428571429,35.51428571428571,62.0,,,0.0128044187798142,126705000,4.4907462215382195,0.05750139525444367
2022-04-28,MX,Mexico,AMR,688.0,5774712,9.0,325937,580.7142857142857,7.428571428571429,0.0127921279212792,Omicron,MEX,,86051811.62857144,46434107.2,79947470.0,200069793.62857145,154.9142857142857,67.11428571428571,35.68571428571428,62.0,,,0.0127921279212792,126705000,4.583199445280656,0.0586288735927661
2022-04-29,MX,Mexico,AMR,672.0,5775384,6.0,325943,568.7142857142857,7.142857142857143,0.0125596583772921,Omicron,MEX,,86111553.28571428,46647537.0,79947470.0,200339798.2857143,155.14285714285714,67.14285714285714,35.857142857142854,62.0,,,0.0125596583772921,126705000,4.488491264861573,0.05637391691612125
2022-04-30,MX,Mexico,AMR,623.0,5776007,3.0,325946,574.0,5.857142857142857,0.010204081632653,Omicron,MEX,,86171294.94285715,46860966.8,79947470.0,200609802.94285715,155.37142857142857,67.17142857142858,36.028571428571425,62.0,,,0.010204081632653,126705000,4.530207963379503,0.046226611871219424
2022-05-01,MX,Mexico,AMR,547.0,5776554,8.0,325954,570.4285714285714,5.857142857142857,0.0102679689456548,Omicron,MEX,,86231036.6,47074396.6,79947470.0,200879807.6,155.6,67.2,36.2,62.0,,,0.0102679689456548,126705000,4.502021004921443,0.046226611871219424
2022-05-02,MX,Mexico,AMR,243.0,5776797,9.0,325963,566.4285714285714,6.0,0.010592686002522,Omicron,MEX,,86290778.25714286,47287826.4,79947470.0,201149812.25714287,155.82857142857142,67.22857142857143,36.371428571428574,62.0,,,0.010592686002522,126705000,4.470451611448415,0.047354090209541844
2022-05-03,MX,Mexico,AMR,222.0,5777019,7.0,325970,551.1428571428571,6.428571428571429,0.0116640746500777,Omicron,MEX,,86350519.91428572,47501256.2,79947470.0,201419816.9142857,156.05714285714285,67.25714285714285,36.54285714285714,62.0,,,0.0116640746500777,126705000,4.349811429247915,0.050736525224509124
2022-05-04,MX,Mexico,AMR,857.0,5777876,8.0,325978,550.2857142857143,7.142857142857143,0.0129802699896157,Omicron,MEX,,86410261.57142857,47714686.0,79947470.0,201689821.57142857,156.28571428571428,67.28571428571429,36.71428571428572,62.0,,,0.0129802699896157,126705000,4.343046559217981,0.05637391691612125
2022-05-05,MX,Mexico,AMR,797.0,5778673,6.0,325984,565.8571428571429,6.714285714285714,0.0118656904822014,Omicron,MEX,,86470003.22857143,47928115.8,79947470.0,201959826.2285714,156.5142857142857,67.31428571428572,36.885714285714286,62.0,,,0.0118656904822014,126705000,4.465941698095126,0.05299148190115398
2022-05-06,MX,Mexico,AMR,756.0,5779429,2.0,325986,577.8571428571429,6.142857142857143,0.0106304079110012,Omicron,MEX,,86529744.88571429,48141545.6,79947470.0,202229830.8857143,156.74285714285713,67.34285714285714,37.05714285714286,62.0,,,0.0106304079110012,126705000,4.560649878514209,0.04848156854786428
2022-05-07,MX,Mexico,AMR,677.0,5780106,4.0,325990,585.5714285714286,6.285714285714286,0.0107343254452305,Omicron,MEX,,86589486.54285714,48354975.4,79947470.0,202499835.5428572,156.97142857142856,67.37142857142857,37.22857142857143,62.0,,,0.0107343254452305,126705000,4.621533708783621,0.0496090468861867
2022-05-08,MX,Mexico,AMR,772.0,5780878,6.0,325996,617.7142857142857,6.0,0.0097132284921369,Omicron,MEX,,86649228.2,48568405.2,79947470.0,202769840.2,157.2,67.4,37.4,62.0,,,0.0097132284921369,126705000,4.875216334906165,0.047354090209541844
2022-05-09,MX,Mexico,AMR,294.0,5781172,7.0,326003,625.0,5.714285714285714,0.0091428571428571,Omicron,MEX,,86708969.85714285,48781835.0,79947470.0,203039844.85714287,157.42857142857142,67.42857142857143,37.57142857142857,62.0,,,0.0091428571428571,126705000,4.9327177301606095,0.045099133532897
2022-05-10,MX,Mexico,AMR,283.0,5781455,6.0,326009,633.7142857142857,5.571428571428571,0.0087917042380523,Omicron,MEX,,86768711.51428571,48995264.8,79947470.0,203309849.5142857,157.65714285714284,67.45714285714286,37.74285714285714,62.0,,,0.0087917042380523,126705000,5.001493908798277,0.04397165519457457
2022-05-11,MX,Mexico,AMR,1079.0,5782534,4.0,326013,665.4285714285714,5.0,0.0075139544869042,Omicron,MEX,,86828453.17142858,49208694.6,79947470.0,203579854.17142856,157.88571428571427,67.48571428571428,37.91428571428571,62.0,,,0.0075139544869042,126705000,5.251794099905855,0.03946174184128488
2022-05-12,MX,Mexico,AMR,510.0,5783044,9.0,326022,624.4285714285714,5.428571428571429,0.0086936627773964,Omicron,MEX,,86888194.82857142,49422124.4,79947470.0,203849858.82857144,158.1142857142857,67.51428571428572,38.08571428571429,62.0,,,0.0086936627773964,126705000,4.92820781680732,0.04284417685625215
2022-05-13,MX,Mexico,AMR,1144.0,5784188,5.0,326027,679.8571428571429,5.857142857142857,0.0086152553057364,Omicron,MEX,,86947936.48571429,49635554.2,79947470.0,204119863.4857143,158.34285714285716,67.54285714285714,38.25714285714286,62.0,,,0.0086152553057364,126705000,5.365669412076421,0.046226611871219424
2022-05-14,MX,Mexico,AMR,1064.0,5785252,1.0,326028,735.1428571428571,5.428571428571429,0.0073843762145355,Omicron,MEX,,87007678.14285715,49848984.0,79947470.0,204389868.1428572,158.57142857142858,67.57142857142857,38.42857142857143,62.0,,,0.0073843762145355,126705000,5.802003529007199,0.04284417685625215
2022-05-15,MX,Mexico,AMR,985.0,5786237,2.0,326030,765.5714285714286,4.857142857142857,0.0063444672513528,Omicron,MEX,,87067419.8,50062413.8,79947470.0,204659872.8,158.8,67.6,38.6,62.0,,,0.0063444672513528,126705000,6.042156415069876,0.03833426350296244
2022-05-16,MX,Mexico,AMR,397.0,5786634,7.0,326037,780.2857142857143,4.857142857142857,0.0062248260710362,Omicron,MEX,,87127161.45714286,50275843.6,79947470.0,204929877.4571429,159.02857142857144,67.62857142857143,38.77142857142857,62.0,,,0.0062248260710362,126705000,6.158286683917086,0.03833426350296244
2022-05-17,MX,Mexico,AMR,335.0,5786969,7.0,326044,787.7142857142857,5.0,0.006347479143997,Omicron,MEX,,87186903.11428571,50489273.4,79947470.0,205199882.1142857,159.25714285714287,67.65714285714286,38.94285714285714,62.0,,,0.006347479143997,126705000,6.216915557509851,0.03946174184128488
2022-05-18,MX,Mexico,AMR,1412.0,5788381,6.0,326050,835.2857142857143,5.285714285714286,0.0063280314691294,Omicron,MEX,,87246644.77142857,50702703.2,79947470.0,205469886.77142856,159.4857142857143,67.68571428571428,39.114285714285714,62.0,,,0.0063280314691294,126705000,6.592365844171219,0.04171669851792972
2022-05-19,MX,Mexico,AMR,1322.0,5789703,6.0,326056,951.2857142857144,4.857142857142857,0.0051058717525153,Omicron,MEX,,87306386.42857143,50916133.0,79947470.0,205739891.42857143,159.71428571428572,67.71428571428571,39.285714285714285,62.0,,,0.0051058717525153,126705000,7.50787825488903,0.03833426350296244
2022-05-20,MX,Mexico,AMR,1420.0,5791123,2.0,326058,990.7142857142856,4.428571428571429,0.0044700793078586,Omicron,MEX,,87366128.08571428,51129562.8,79947470.0,206009896.08571428,159.94285714285715,67.74285714285715,39.457142857142856,62.0,,,0.0044700793078586,126705000,7.819062276266015,0.034951828487995176
2022-05-21,MX,Mexico,AMR,1448.0,5792571,5.0,326063,1045.571428571429,5.0,0.0047820740538324,Omicron,MEX,,87425869.74285714,51342992.6,79947470.0,206279900.7428572,160.17142857142858,67.77142857142857,39.62857142857143,62.0,,,0.0047820740538324,126705000,8.25201395818183,0.03946174184128488
2022-05-22,MX,Mexico,AMR,1416.0,5793987,7.0,326070,1107.142857142857,5.714285714285714,0.0051612903225806,Omicron,MEX,,87485611.4,51556422.4,79947470.0,206549905.4,160.4,67.8,39.8,62.0,,,0.0051612903225806,126705000,8.737957121998793,0.045099133532897
2022-05-23,MX,Mexico,AMR,593.0,5794580,4.0,326074,1135.142857142857,5.285714285714286,0.0046564309086332,Omicron,MEX,,87545353.05714285,51769852.2,79947470.0,206819910.05714285,160.62857142857143,67.82857142857142,39.971428571428575,62.0,,,0.0046564309086332,126705000,8.958942876309989,0.04171669851792972
2022-05-24,MX,Mexico,AMR,579.0,5795159,7.0,326081,1170.0,5.285714285714286,0.0045177045177045,Omicron,MEX,,87605094.71428572,51983282.0,79947470.0,207089914.7142857,160.85714285714286,67.85714285714286,40.142857142857146,62.0,,,0.0045177045177045,126705000,9.23404759086066,0.04171669851792972
2022-05-25,MX,Mexico,AMR,2301.0,5797460,6.0,326087,1297.0,5.285714285714286,0.0040753386936887,Omicron,MEX,,87664836.37142856,52196711.8,79947470.0,207359919.37142852,161.0857142857143,67.88571428571429,40.31428571428572,62.0,,,0.0040753386936887,126705000,10.236375833629298,0.04171669851792972
2022-05-26,MX,Mexico,AMR,2114.0,5799574,4.0,326091,1410.142857142857,5.0,0.0035457400466011,Omicron,MEX,,87724578.02857143,52410141.6,79947470.0,207629924.02857143,161.31428571428572,67.91428571428571,40.48571428571429,62.0,,,0.0035457400466011,126705000,11.129338677580657,0.03946174184128488
2022-05-27,MX,Mexico,AMR,2320.0,5801894,9.0,326100,1538.7142857142858,6.0,0.0038993593909571,Omicron,MEX,,87784319.68571429,52623571.4,79947470.0,207899928.68571427,161.54285714285714,67.94285714285714,40.65714285714286,62.0,,,0.0038993593909571,126705000,12.14406918207084,0.047354090209541844
2022-05-28,MX,Mexico,AMR,2171.0,5804065,3.0,326103,1642.0,5.714285714285714,0.0034800765616843,Omicron,MEX,,87844061.34285714,52837001.2,79947470.0,208169933.34285715,161.77142857142857,67.97142857142858,40.82857142857143,62.0,,,0.0034800765616843,126705000,12.959236020677952,0.045099133532897
2022-05-29,MX,Mexico,AMR,2159.0,5806224,5.0,326108,1748.142857142857,5.428571428571429,0.0031053362752308,Omicron,MEX,MEX,87903803.0,53050431.0,79947470.0,208439938.0,162.0,68.0,41.0,62.0,2020-12-24,2023-12-29,0.0031053362752308,126705000,13.796952426051515,0.04284417685625215
2022-05-30,MX,Mexico,AMR,924.0,5807148,4.0,326112,1795.428571428571,5.428571428571429,0.0030235518777848,Omicron,MEX,,87922723.42857143,53057416.85714286,79947470.0,208481475.57142857,162.03571428571428,68.03571428571429,41.0,62.0,,,0.0030235518777848,126705000,14.170147756036235,0.04284417685625215
2022-05-31,MX,Mexico,AMR,876.0,5808024,3.0,326115,1837.857142857143,4.857142857142857,0.0026428293820443,Omicron,MEX,,87941643.85714285,53064402.71428572,79947470.0,208523013.1428572,162.07142857142858,68.07142857142857,41.0,62.0,,,0.0026428293820443,126705000,14.505008822517997,0.03833426350296244
2022-06-01,MX,Mexico,AMR,3470.0,5811494,6.0,326121,2004.857142857143,4.857142857142857,0.0024226877583012,Omicron,MEX,,87960564.28571428,53071388.571428575,79947470.0,208564550.7142857,162.10714285714286,68.10714285714286,41.0,62.0,,,0.0024226877583012,126705000,15.823031000016913,0.03833426350296244
2022-06-02,MX,Mexico,AMR,3461.0,5814955,7.0,326128,2197.285714285714,5.285714285714286,0.0024055653078473,Omicron,MEX,,87979484.71428572,53078374.42857143,79947470.0,208606088.2857143,162.14285714285714,68.14285714285714,41.0,62.0,,,0.0024055653078473,126705000,17.34174432173722,0.04171669851792972
2022-06-03,MX,Mexico,AMR,3665.0,5818620,3.0,326131,2389.428571428572,4.428571428571429,0.0018534018892741,Omicron,MEX,,87998405.14285715,53085360.28571428,79947470.0,208647625.85714287,162.17857142857142,68.17857142857143,41.0,62.0,,,0.0018534018892741,126705000,18.858202686780885,0.034951828487995176
2022-06-04,MX,Mexico,AMR,3478.0,5822098,4.0,326135,2576.1428571428573,4.571428571428571,0.0017745244828924,Omicron,MEX,,88017325.57142857,53092346.14285714,79947470.0,208689163.42857143,162.21428571428572,68.21428571428571,41.0,62.0,,,0.0017745244828924,126705000,20.331816874968293,0.036079306826317596
2022-06-05,MX,Mexico,AMR,3676.0,5825774,8.0,326143,2792.8571428571427,5.0,0.0017902813299232,Omicron,MEX,,88036246.0,53099332.0,79947470.0,208730701.0,162.25,68.25,41.0,62.0,,,0.0017902813299232,126705000,22.042201514203406,0.03946174184128488
2022-06-06,MX,Mexico,AMR,1559.0,5827333,5.0,326148,2883.5714285714284,5.142857142857143,0.0017835026009412,Omicron,MEX,,88055166.42857143,53106317.85714286,79947470.0,208772238.57142857,162.28571428571428,68.28571428571429,41.0,62.0,,,0.0017835026009412,126705000,22.758150259038146,0.0405892201796073
2022-06-07,MX,Mexico,AMR,1356.0,5828689,5.0,326153,2952.1428571428573,5.428571428571429,0.0018388579724171,Omicron,MEX,,88074086.85714285,53113303.71428572,79947470.0,208813776.1428572,162.32142857142858,68.32142857142857,41.0,62.0,,,0.0018388579724171,126705000,23.299339861432912,0.04284417685625215
2022-06-08,MX,Mexico,AMR,6200.0,5834889,5.0,326158,3342.1428571428573,5.285714285714286,0.0015815345159222,Omicron,MEX,,88093007.28571428,53120289.571428575,79947470.0,208855313.7142857,162.35714285714286,68.35714285714286,41.0,62.0,,,0.0015815345159222,126705000,26.377355725053135,0.04171669851792972
2022-06-09,MX,Mexico,AMR,5791.0,5840680,5.0,326163,3675.0,5.0,0.001360544217687,Omicron,MEX,,88111927.71428572,53127275.42857143,79947470.0,208896851.2857143,162.39285714285714,68.39285714285714,41.0,62.0,,,0.001360544217687,126705000,29.004380253344383,0.03946174184128488
2022-06-10,MX,Mexico,AMR,6614.0,5847294,4.0,326167,4096.285714285715,5.142857142857143,0.0012554927809165,Omicron,MEX,,88130848.14285715,53134261.28571428,79947470.0,208938388.85714287,162.42857142857142,68.42857142857143,41.0,62.0,,,0.0012554927809165,126705000,32.32931387305722,0.0405892201796073
2022-06-11,MX,Mexico,AMR,6369.0,5853663,7.0,326174,4509.285714285715,5.571428571428571,0.0012355456993505,Omicron,MEX,,88149768.57142857,53141247.14285714,79947470.0,208979926.42857143,162.46428571428572,68.46428571428571,41.0,62.0,,,0.0012355456993505,126705000,35.58885374914735,0.04397165519457457
2022-06-12,MX,Mexico,AMR,6482.0,5860145,6.0,326180,4910.142857142857,5.285714285714286,0.0010764889005266,Omicron,MEX,,88168689.0,53148233.0,79947470.0,209021464.0,162.5,68.5,41.0,62.0,,,0.0010764889005266,126705000,38.75255796648006,0.04171669851792972
2022-06-13,MX,Mexico,AMR,2616.0,5862761,7.0,326187,5061.142857142857,5.571428571428571,0.001100824206842,Omicron,MEX,,88187609.42857143,53155218.85714286,79947470.0,209063001.57142857,162.53571428571428,68.53571428571429,41.0,62.0,,,0.001100824206842,126705000,39.94430257008687,0.04397165519457457
2022-06-14,MX,Mexico,AMR,2264.0,5865025,15.0,326202,5190.857142857143,7.0,0.0013485248789079,Omicron,MEX,,88206529.85714285,53162204.71428572,79947470.0,209104539.1428572,162.57142857142858,68.57142857142857,41.0,62.0,,,0.0013485248789079,126705000,40.96805290128364,0.055246438577798825
2022-06-15,MX,Mexico,AMR,10039.0,5875064,11.0,326213,5739.285714285715,7.857142857142857,0.0013690105787181,Omicron,MEX,,88225450.28571428,53169190.571428575,79947470.0,209146076.7142857,162.60714285714286,68.60714285714286,41.0,62.0,,,0.0013690105787181,126705000,45.296442242103424,0.06201130860773337
2022-06-16,MX,Mexico,AMR,9562.0,5884626,14.0,326227,6278.0,9.142857142857142,0.0014563327720384,Omicron,MEX,,88244370.71428572,53176176.42857143,79947470.0,209187614.2857143,162.64285714285714,68.64285714285714,41.0,62.0,,,0.0014563327720384,126705000,49.548163055917286,0.07215861365263519
2022-06-17,MX,Mexico,AMR,10208.0,5894834,5.0,326232,6791.428571428572,9.285714285714286,0.0013672696676482,Omicron,MEX,,88263291.14285715,53183162.28571428,79947470.0,209229151.85714287,162.67857142857142,68.67857142857143,41.0,62.0,,,0.0013672696676482,126705000,53.600320203848085,0.07328609199095763
2022-06-18,MX,Mexico,AMR,10018.0,5904852,11.0,326243,7312.714285714285,9.857142857142858,0.0013479458477407,Omicron,MEX,,88282211.57142857,53190148.14285714,79947470.0,209270689.42857143,162.71428571428572,68.71428571428571,41.0,62.0,,,0.0013479458477407,126705000,57.71448866038661,0.07779600534424733
2022-06-19,MX,Mexico,AMR,10606.0,5915458,13.0,326256,7901.857142857143,10.857142857142858,0.0013739988791061,Omicron,MEX,,88301132.0,53197134.0,79947470.0,209312227.0,162.75,68.75,41.0,62.0,,,0.0013739988791061,126705000,62.364209327628295,0.0856883537125043
2022-06-20,MX,Mexico,AMR,4453.0,5919911,14.0,326270,8164.285714285715,11.857142857142858,0.0014523184601924,Omicron,MEX,,88320052.42857143,53204119.85714286,79947470.0,209353764.57142857,162.78571428571428,68.78571428571429,41.0,62.0,,,0.0014523184601924,126705000,64.4353870351266,0.09358070208076129
2022-06-21,MX,Mexico,AMR,3733.0,5923644,14.0,326284,8374.142857142857,11.714285714285714,0.001398863849605,Omicron,MEX,,88338972.85714285,53211105.71428572,79947470.0,209395302.1428572,162.82142857142858,68.82142857142857,41.0,62.0,,,0.001398863849605,126705000,66.09165271412223,0.09245322374243885
2022-06-22,MX,Mexico,AMR,16957.0,5940601,14.0,326298,9362.42857142857,12.142857142857142,0.0012969772800097,Omicron,MEX,,88357893.28571428,53218091.571428575,79947470.0,209436839.7142857,162.85714285714286,68.85714285714286,41.0,62.0,,,0.0012969772800097,126705000,73.89154785863676,0.09583565875740611
2022-06-23,MX,Mexico,AMR,16735.0,5957336,17.0,326315,10387.142857142857,12.571428571428571,0.0012102874432677,Omicron,MEX,,88376813.71428572,53225077.42857143,79947470.0,209478377.2857143,162.89285714285714,68.89285714285714,41.0,62.0,,,0.0012102874432677,126705000,81.97894997942352,0.0992180937723734
2022-06-24,MX,Mexico,AMR,18014.0,5975350,22.0,326337,11502.285714285714,15.0,0.0013040886283471,Omicron,MEX,,88395734.14285715,53232063.28571428,79947470.0,209519914.85714287,162.92857142857142,68.92857142857143,41.0,62.0,,,0.0013040886283471,126705000,90.78004588836836,0.11838522552385462
2022-06-25,MX,Mexico,AMR,18409.0,5993759,18.0,326355,12701.0,16.0,0.001259743327297,Omicron,MEX,,88414654.57142857,53239049.14285714,79947470.0,209561452.42857143,162.96428571428572,68.96428571428571,41.0,62.0,,,0.001259743327297,126705000,100.24071662523184,0.12627757389211158
2022-06-26,MX,Mexico,AMR,18965.0,6012724,19.0,326374,13895.142857142857,16.857142857142858,0.0012131680134887,Omicron,MEX,MEX,88433575.0,53246035.0,79947470.0,209602990.0,163.0,69.0,41.0,62.0,2020-12-24,2023-12-29,0.0012131680134887,126705000,109.66530805526898,0.13304244392204617
2022-06-27,MX,Mexico,AMR,7782.0,6020506,18.0,326392,14370.714285714286,17.428571428571427,0.0012127839355832,Omicron,MEX,,88558983.54285714,53344837.8,79947470.0,209605007.77142856,163.0,69.08571428571429,41.08571428571429,62.0,,,0.0012127839355832,126705000,113.41868344354434,0.13755235727533582
2022-06-28,MX,Mexico,AMR,7167.0,6027673,30.0,326422,14861.285714285714,19.714285714285715,0.001326553172673,Omicron,MEX,,88684392.08571428,53443640.6,79947470.0,209607025.5428572,163.0,69.17142857142858,41.17142857142857,62.0,,,0.001326553172673,126705000,117.29044405734355,0.15559201068849465
2022-06-29,MX,Mexico,AMR,28019.0,6055692,27.0,326449,16441.571428571428,21.571428571428573,0.0013120052827762,Omicron,MEX,,88809800.62857144,53542443.4,79947470.0,209609043.31428573,163.0,69.25714285714285,41.25714285714286,62.0,,,0.0013120052827762,126705000,129.7626094358662,0.1702492290866862
2022-06-30,MX,Mexico,AMR,26950.0,6082642,22.0,326471,17900.85714285714,22.285714285714285,0.0012449523566309,Omicron,MEX,,88935209.17142858,53641246.2,79947470.0,209611061.08571428,163.0,69.34285714285714,41.34285714285714,62.0,,,0.0012449523566309,126705000,141.27980066182977,0.17588662077829828
2022-07-01,MX,Mexico,AMR,27564.0,6110206,35.0,326506,19265.14285714286,24.142857142857142,0.0012531885863439,Post-Omicron,MEX,,89060617.71428572,53740049.0,79947470.0,209613078.85714287,163.0,69.42857142857143,41.42857142857143,62.0,,,0.0012531885863439,126705000,152.04721879280893,0.19054383917648982
2022-07-02,MX,Mexico,AMR,27831.0,6138037,26.0,326532,20611.14285714286,25.285714285714285,0.0012267982644616,Post-Omicron,MEX,,89186026.25714286,53838851.8,79947470.0,209615096.62857145,163.0,69.51428571428572,41.51428571428571,62.0,,,0.0012267982644616,126705000,162.67031969648284,0.19956366588306923
2022-07-03,MX,Mexico,AMR,27152.0,6165189,28.0,326560,21780.714285714286,26.571428571428573,0.0012199521201587,Post-Omicron,MEX,,89311434.8,53937654.6,79947470.0,209617114.4,163.0,69.6,41.6,62.0,,,0.0012199521201587,126705000,171.90098485232852,0.20971097092797106
2022-07-04,MX,Mexico,AMR,11114.0,6176303,40.0,326600,22256.714285714286,29.714285714285715,0.0013350706367901,Post-Omicron,MEX,,89436843.34285714,54036457.4,79947470.0,209619132.17142856,163.0,69.68571428571428,41.68571428571428,62.0,,,0.0013350706367901,126705000,175.65774267561886,0.2345154943710644
2022-07-05,MX,Mexico,AMR,9632.0,6185935,33.0,326633,22608.85714285714,30.142857142857142,0.0013332322351543,Post-Omicron,MEX,,89562251.88571429,54135260.2,79947470.0,209621149.94285715,163.0,69.77142857142857,41.77142857142857,62.0,,,0.0013332322351543,126705000,178.43697677958363,0.2378979293860317
2022-07-06,MX,Mexico,AMR,37784.0,6223719,51.0,326684,24003.85714285714,33.57142857142857,0.0013985847512602,Post-Omicron,MEX,,89687660.42857143,54234063.0,79947470.0,209623167.7142857,163.0,69.85714285714286,41.85714285714285,62.0,,,0.0013985847512602,126705000,189.44680275330208,0.26495740950576985
2022-07-07,MX,Mexico,AMR,36007.0,6259726,41.0,326725,25297.714285714286,36.285714285714285,0.0014343475412798,Post-Omicron,MEX,,89813068.97142857,54332865.8,79947470.0,209625185.4857143,163.0,69.94285714285714,41.94285714285714,62.0,,,0.0014343475412798,126705000,199.6583740634883,0.28637949793389594
2022-07-08,MX,Mexico,AMR,36453.0,6296179,49.0,326774,26567.571428571428,38.285714285714285,0.0014410694025476,Post-Omicron,MEX,,89938477.51428571,54431668.6,79947470.0,209627203.25714287,163.0,70.02857142857142,42.02857142857143,62.0,,,0.0014410694025476,126705000,209.68052901283633,0.3021641946704099
2022-07-09,MX,Mexico,AMR,35711.0,6331890,54.0,326828,27693.285714285717,42.285714285714285,0.0015269301996873,Post-Omicron,MEX,,90063886.05714285,54530471.4,79947470.0,209629221.02857143,163.0,70.11428571428571,42.114285714285714,62.0,,,0.0015269301996873,126705000,218.56505831881708,0.3337335881434378
2022-07-10,MX,Mexico,AMR,33404.0,6365294,47.0,326875,28586.42857142857,45.0,0.0015741735588815,Post-Omicron,MEX,,90189294.6,54629274.2,79947470.0,209631238.8,163.0,70.2,42.2,62.0,,,0.0015741735588815,126705000,225.61405289000882,0.3551556765715638
2022-07-11,MX,Mexico,AMR,13288.0,6378582,60.0,326935,28897.0,47.85714285714285,0.0016561284166917,Post-Omicron,MEX,,90314703.14285716,54728077.0,79947470.0,209633256.57142857,163.0,70.28571428571429,42.285714285714285,62.0,,,0.0016561284166917,126705000,228.0651907975218,0.37770524333801225
2022-07-12,MX,Mexico,AMR,11636.0,6390218,75.0,327010,29183.285714285717,53.85714285714285,0.0018454790658057,Post-Omicron,MEX,,90440111.68571427,54826879.8,79947470.0,209635274.34285715,163.0,70.37142857142857,42.371428571428574,62.0,,,0.0018454790658057,126705000,230.32465738751998,0.42505933354755415
2022-07-13,MX,Mexico,AMR,44550.0,6434768,82.0,327092,30149.85714285714,58.285714285714285,0.0019332003468388,Post-Omicron,MEX,,90565520.22857144,54925682.6,79947470.0,209637292.1142857,163.0,70.45714285714286,42.457142857142856,62.0,,,0.0019332003468388,126705000,237.95317582460947,0.46001116203554937
2022-07-14,MX,Mexico,AMR,39637.0,6474405,73.0,327165,30668.42857142857,62.85714285714285,0.0020495716860987,Post-Omicron,MEX,,90690928.77142856,55024485.4,79947470.0,209639309.8857143,163.0,70.54285714285714,42.54285714285714,62.0,,,0.0020495716860987,126705000,242.04592219271984,0.49609046886186686
2022-07-15,MX,Mexico,AMR,37545.0,6511950,100.0,327265,30824.42857142857,70.14285714285714,0.0022755606638519,Post-Omicron,MEX,,90816337.31428573,55123288.2,79947470.0,209641327.65714285,163.0,70.62857142857143,42.62857142857143,62.0,,,0.0022755606638519,126705000,243.27712853816794,0.5535918641163107
2022-07-16,MX,Mexico,AMR,35391.0,6547341,92.0,327357,30778.714285714286,75.57142857142857,0.0024553146655155,Post-Omicron,MEX,,90941745.85714284,55222091.0,79947470.0,209643345.42857143,163.0,70.71428571428571,42.71428571428572,62.0,,,0.0024553146655155,126705000,242.9163354699048,0.5964360409725628
2022-07-17,MX,Mexico,AMR,31826.0,6579167,77.0,327434,30553.285714285717,79.85714285714286,0.0026137006541265,Post-Omicron,MEX,,91067154.4,55320893.8,79947470.0,209645363.2,163.0,70.8,42.8,62.0,,,0.0026137006541265,126705000,241.13717465203203,0.6302603911222355
2022-07-18,MX,Mexico,AMR,12400.0,6591567,85.0,327519,30426.42857142857,83.42857142857143,0.0027419771345399,Post-Omicron,MEX,,91192562.94285716,55419696.6,79947470.0,209647380.97142857,163.0,70.88571428571429,42.885714285714286,62.0,,,0.0027419771345399,126705000,240.13597388760166,0.6584473495802962
2022-07-19,MX,Mexico,AMR,10354.0,6601921,82.0,327601,30243.285714285717,84.42857142857143,0.0027916467881891,Post-Omicron,MEX,,91317971.48571429,55518499.4,79947470.0,209649398.7428572,163.0,70.97142857142858,42.971428571428575,62.0,,,0.0027916467881891,126705000,238.69054665787235,0.6663396979485532
2022-07-20,MX,Mexico,AMR,38847.0,6640768,92.0,327693,29428.571428571428,85.85714285714286,0.0029174757281553,Post-Omicron,MEX,,91443380.02857144,55617302.2,79947470.0,209651416.5142857,163.0,71.05714285714285,43.05714285714286,62.0,,,0.0029174757281553,126705000,232.26053769441953,0.6776144813317774
2022-07-21,MX,Mexico,AMR,32969.0,6673737,76.0,327769,28476.0,86.28571428571429,0.0030301206028133,Post-Omicron,MEX,,91568788.57142857,55716105.0,79947470.0,209653434.2857143,163.0,71.14285714285714,43.142857142857146,62.0,,,0.0030301206028133,126705000,224.74251213448562,0.6809969163467448
2022-07-22,MX,Mexico,AMR,31827.0,6705564,103.0,327872,27659.14285714286,86.71428571428571,0.0031351038664559,Post-Omicron,MEX,,91694197.11428572,55814907.8,79947470.0,209655452.05714285,163.0,71.22857142857143,43.22857142857143,62.0,,,0.0031351038664559,126705000,218.295590995958,0.6843793513617119
2022-07-23,MX,Mexico,AMR,28372.0,6733936,87.0,327959,26656.42857142857,86.0,0.0032262386451941,Post-Omicron,MEX,,91819605.65714286,55913710.6,79947470.0,209657469.82857144,163.0,71.31428571428572,43.31428571428572,62.0,,,0.0032262386451941,126705000,210.38182053927287,0.6787419596700999
2022-07-24,MX,Mexico,AMR,25218.0,6759154,82.0,328041,25712.42857142857,86.71428571428571,0.0033724657891958,Post-Omicron,MEX,,91945014.2,56012513.4,79947470.0,209659487.6,163.0,71.4,43.4,62.0,,,0.0033724657891958,126705000,202.93144367963828,0.6843793513617119
2022-07-25,MX,Mexico,AMR,9627.0,6768781,78.0,328119,25316.285714285717,85.71428571428571,0.0033857370185199,Post-Omicron,MEX,,92070422.74285714,56111316.2,79947470.0,209661505.37142852,163.0,71.48571428571428,43.48571428571429,62.0,,,0.0033857370185199,126705000,199.80494624747027,0.676487002993455
2022-07-26,MX,Mexico,AMR,7504.0,6776285,79.0,328198,24909.14285714286,85.28571428571429,0.0034238719001628,Post-Omicron,MEX,,92195831.28571428,56210119.0,79947470.0,209663523.1428572,163.0,71.57142857142857,43.57142857142857,62.0,,,0.0034238719001628,126705000,196.59163298325132,0.6731045679784878
2022-07-27,MX,Mexico,AMR,28488.0,6804773,98.0,328296,23429.285714285717,86.14285714285714,0.0036767171732569,Post-Omicron,MEX,,92321239.82857142,56308921.8,79947470.0,209665540.9142857,163.0,71.65714285714286,43.65714285714286,62.0,,,0.0036767171732569,126705000,184.91208487656934,0.6798694380084221
2022-07-28,MX,Mexico,AMR,22981.0,6827754,100.0,328396,22002.42857142857,89.57142857142857,0.0040709791776232,Post-Omicron,MEX,,92446648.37142858,56407724.6,79947470.0,209667558.68571427,163.0,71.74285714285715,43.74285714285714,62.0,,,0.0040709791776232,126705000,173.65083123340492,0.7069289181281605
2022-07-29,MX,Mexico,AMR,20538.0,6848292,96.0,328492,20389.714285714286,88.57142857142857,0.0043439269099265,Post-Omicron,MEX,,92572056.91428572,56506527.4,79947470.0,209669576.4571429,163.0,71.82857142857142,43.82857142857143,62.0,,,0.0043439269099265,126705000,160.92272827208308,0.6990365697599035
2022-07-30,MX,Mexico,AMR,17760.0,6866052,87.0,328579,18873.714285714286,88.57142857142857,0.0046928456810681,Post-Omicron,MEX,,92697465.45714286,56605330.2,79947470.0,209671594.2285714,163.0,71.91428571428571,43.91428571428571,62.0,,,0.0046928456810681,126705000,148.9579281458055,0.6990365697599035
2022-07-31,MX,Mexico,AMR,15140.0,6881192,100.0,328679,17434.0,91.14285714285714,0.0052278798407053,Post-Omicron,MEX,MEX,92822874.0,56704133.0,79947470.0,209673612.0,163.0,72.0,44.0,62.0,2020-12-24,2023-12-29,0.0052278798407053,126705000,137.5952014521921,0.7193311798497071
2022-08-01,MX,Mexico,AMR,5936.0,6887128,86.0,328765,16906.714285714286,92.28571428571428,0.005458524508437,Post-Omicron,MEX,,92946081.21428572,56713259.28571428,79947470.0,209673612.0,163.0,72.10714285714286,44.0,62.0,,,0.005458524508437,126705000,133.43367890544403,0.7283510065562865
2022-08-02,MX,Mexico,AMR,5023.0,6892151,83.0,328848,16552.285714285714,92.85714285714286,0.005609928710752,Post-Omicron,MEX,,93069288.42857143,56722385.571428575,79947470.0,209673612.0,163.0,72.21428571428571,44.0,62.0,,,0.005609928710752,126705000,130.63640514806607,0.7328609199095762
2022-08-03,MX,Mexico,AMR,18914.0,6911065,83.0,328931,15184.57142857143,90.71428571428572,0.0059741090580664,Post-Omicron,MEX,,93192495.64285716,56731511.85714286,79947470.0,209673612.0,163.0,72.32142857142857,44.0,62.0,,,0.0059741090580664,126705000,119.8419275369672,0.7159487448347399
2022-08-04,MX,Mexico,AMR,14396.0,6925461,94.0,329025,13958.142857142857,89.85714285714286,0.0064376145004963,Post-Omicron,MEX,,93315702.85714284,56740638.14285714,79947470.0,209673612.0,163.0,72.42857142857143,44.0,62.0,,,0.0064376145004963,126705000,110.16252600246918,0.7091838748048054
2022-08-05,MX,Mexico,AMR,13319.0,6938780,84.0,329109,12926.857142857143,88.14285714285714,0.0068185836796039,Post-Omicron,MEX,,93438910.07142857,56749764.42857143,79947470.0,209673612.0,163.0,72.53571428571429,44.0,62.0,,,0.0068185836796039,126705000,102.02325987811959,0.6956541347449362
2022-08-06,MX,Mexico,AMR,12068.0,6950848,82.0,329191,12113.714285714286,87.42857142857143,0.0072173215717722,Post-Omicron,MEX,,93562117.28571428,56758890.71428572,79947470.0,209673612.0,163.0,72.64285714285714,44.0,62.0,,,0.0072173215717722,126705000,95.60565317638834,0.6900167430533242
2022-08-07,MX,Mexico,AMR,10607.0,6961455,84.0,329275,11466.142857142857,85.14285714285714,0.0074255883782066,Post-Omicron,MEX,,93685324.5,56768017.0,79947470.0,209673612.0,163.0,72.75,44.0,62.0,,,0.0074255883782066,126705000,90.49479386877279,0.6719770896401652
2022-08-08,MX,Mexico,AMR,4014.0,6965469,71.0,329346,11191.57142857143,83.0,0.007416295426405,Post-Omicron,MEX,,93808531.71428572,56777143.28571428,79947470.0,209673612.0,163.0,72.85714285714286,44.0,62.0,,,0.007416295426405,126705000,88.3277805025171,0.6550649145653289
2022-08-09,MX,Mexico,AMR,3270.0,6968739,48.0,329394,10941.142857142857,78.0,0.0071290541599206,Post-Omicron,MEX,,93931738.92857143,56786269.571428575,79947470.0,209673612.0,163.0,72.96428571428571,44.0,62.0,,,0.0071290541599206,126705000,86.35131097543788,0.6156031727240441
2022-08-10,MX,Mexico,AMR,13093.0,6981832,69.0,329463,10109.57142857143,76.0,0.0075176282730651,Post-Omicron,MEX,,94054946.14285716,56795395.85714286,79947470.0,209673612.0,163.0,73.07142857142857,44.0,62.0,,,0.0075176282730651,126705000,79.78825956806305,0.59981847598753
2022-08-11,MX,Mexico,AMR,9846.0,6991678,59.0,329522,9459.57142857143,71.0,0.0075056254436171,Post-Omicron,MEX,,94178153.35714284,56804522.14285714,79947470.0,209673612.0,163.0,73.17857142857143,44.0,62.0,,,0.0075056254436171,126705000,74.65823312869603,0.5603567341462452
2022-08-12,MX,Mexico,AMR,8932.0,7000610,64.0,329586,8832.857142857143,68.14285714285714,0.0077147016011644,Post-Omicron,MEX,,94301360.57142857,56813648.42857143,79947470.0,209673612.0,163.0,73.28571428571429,44.0,62.0,,,0.0077147016011644,126705000,69.71198565847554,0.5378071673797967
2022-08-13,MX,Mexico,AMR,7753.0,7008363,53.0,329639,8216.42857142857,64.0,0.0077892723637312,Post-Omicron,MEX,,94424567.78571428,56822774.71428572,79947470.0,209673612.0,163.0,73.39285714285714,44.0,62.0,,,0.0077892723637312,126705000,64.84691662861427,0.5051102955684463
2022-08-14,MX,Mexico,AMR,6746.0,7015109,59.0,329698,7664.857142857143,60.42857142857143,0.0078838483617251,Post-Omicron,MEX,,94547775.0,56831901.0,79947470.0,209673612.0,163.0,73.5,44.0,62.0,,,0.0078838483617251,126705000,60.49372276435139,0.47692333711038576
2022-08-15,MX,Mexico,AMR,2458.0,7017567,40.0,329738,7442.571428571428,56.0,0.0075242811624246,Post-Omicron,MEX,,94670982.21428572,56841027.28571428,79947470.0,209673612.0,163.0,73.60714285714286,44.0,62.0,,,0.0075242811624246,126705000,58.7393664699217,0.4419715086223906
2022-08-16,MX,Mexico,AMR,2139.0,7019706,46.0,329784,7281.0,55.71428571428572,0.007652010124198,Post-Omicron,MEX,,94794189.42857143,56850153.571428575,79947470.0,209673612.0,163.0,73.71428571428571,44.0,62.0,,,0.007652010124198,126705000,57.46418846927903,0.4397165519457458
2022-08-17,MX,Mexico,AMR,8209.0,7027915,41.0,329825,6583.285714285715,51.71428571428572,0.0078553913590695,Post-Omicron,MEX,,94917396.64285716,56859279.85714286,79947470.0,209673612.0,163.0,73.82142857142857,44.0,62.0,,,0.0078553913590695,126705000,51.95758426491231,0.4081471584727179
2022-08-18,MX,Mexico,AMR,5876.0,7033791,58.0,329883,6016.142857142857,51.57142857142857,0.0085721748628689,Post-Omicron,MEX,,95040603.85714284,56868406.14285714,79947470.0,209673612.0,163.0,73.92857142857143,44.0,62.0,,,0.0085721748628689,126705000,47.48149526177228,0.4070196801343954
2022-08-19,MX,Mexico,AMR,5345.0,7039136,44.0,329927,5503.714285714285,48.71428571428572,0.0088511654467113,Post-Omicron,MEX,,95163811.07142857,56877532.42857143,79947470.0,209673612.0,163.0,74.03571428571429,44.0,62.0,,,0.0088511654467113,126705000,43.43723046220974,0.38447011336794695
2022-08-20,MX,Mexico,AMR,4834.0,7043970,34.0,329961,5086.714285714285,46.0,0.0090431656696716,Post-Omicron,MEX,,95287018.28571428,56886658.71428572,79947470.0,209673612.0,163.0,74.14285714285714,44.0,62.0,,,0.0090431656696716,126705000,40.14612119264658,0.36304802493982086
2022-08-21,MX,Mexico,AMR,4383.0,7048353,29.0,329990,4749.142857142857,41.71428571428572,0.0087835398868968,Post-Omicron,MEX,,95410225.5,56895785.0,79947470.0,209673612.0,163.0,74.25,44.0,62.0,,,0.0087835398868968,126705000,37.481889879190696,0.32922367479014814
2022-08-22,MX,Mexico,AMR,1708.0,7050061,39.0,330029,4642.0,41.57142857142857,0.0089554994768264,Post-Omicron,MEX,,95533432.71428572,56904911.28571428,79947470.0,209673612.0,163.0,74.35714285714286,44.0,62.0,,,0.0089554994768264,126705000,36.636281125448875,0.32809619645182564
2022-08-23,MX,Mexico,AMR,1522.0,7051583,31.0,330060,4553.857142857143,39.42857142857143,0.0086582802647677,Post-Omicron,MEX,,95656639.92857143,56914037.571428575,79947470.0,209673612.0,163.0,74.46428571428571,44.0,62.0,,,0.0086582802647677,126705000,35.94062699070394,0.3111840213769893
2022-08-24,MX,Mexico,AMR,5618.0,7057201,32.0,330092,4183.714285714285,38.142857142857146,0.0091169842245441,Post-Omicron,MEX,,95779847.14285716,56923163.85714286,79947470.0,209673612.0,163.0,74.57142857142857,44.0,62.0,,,0.0091169842245441,126705000,33.01933061611054,0.30103671633208745
2022-08-25,MX,Mexico,AMR,4126.0,7061327,44.0,330136,3933.714285714286,36.142857142857146,0.0091879721092388,Post-Omicron,MEX,,95903054.35714284,56932290.14285714,79947470.0,209673612.0,163.0,74.67857142857143,44.0,62.0,,,0.0091879721092388,126705000,31.046243524046293,0.28525201959557356
2022-08-26,MX,Mexico,AMR,3755.0,7065082,37.0,330173,3706.571428571429,35.142857142857146,0.0094812302474369,Post-Omicron,MEX,,96026261.57142857,56941416.42857143,79947470.0,209673612.0,163.0,74.78571428571429,44.0,62.0,,,0.0094812302474369,126705000,29.25355296611364,0.27735967122731653
2022-08-27,MX,Mexico,AMR,3281.0,7068363,27.0,330200,3484.714285714286,34.142857142857146,0.0097978928381092,Post-Omicron,MEX,,96149468.78571428,56950542.71428572,79947470.0,209673612.0,163.0,74.89285714285714,44.0,62.0,,,0.0097978928381092,126705000,27.502579106698914,0.2694673228590596
2022-08-28,MX,Mexico,AMR,2946.0,7071309,21.0,330221,3279.428571428572,33.0,0.0100627286983795,Post-Omicron,MEX,MEX,96272676.0,56959669.0,79947470.0,209673612.0,163.0,75.0,44.0,62.0,2020-12-24,2023-12-29,0.0100627286983795,126705000,25.882392734529592,0.2604474961524802
2022-08-29,MX,Mexico,AMR,1140.0,7072449,34.0,330255,3198.285714285714,32.285714285714285,0.0100946935858495,Post-Omicron,MEX,,96284698.14285716,56961611.25,79972450.5,209897767.0,163.14285714285714,75.0,44.0,62.035714285714285,,,0.0100946935858495,126705000,25.24198503836245,0.25481010446086805
2022-08-30,MX,Mexico,AMR,1108.0,7073557,24.0,330279,3139.1428571428573,31.285714285714285,0.0099663238372622,Post-Omicron,MEX,,96296720.28571428,56963553.5,79997431.0,210121922.0,163.28571428571428,75.0,44.0,62.07142857142857,,,0.0099663238372622,126705000,24.77520900629697,0.24691775609261105
2022-08-31,MX,Mexico,AMR,3830.0,7077387,23.0,330302,2883.714285714286,30.0,0.0104032497770732,Post-Omicron,MEX,,96308742.42857143,56965495.75,80022411.5,210346077.0,163.42857142857142,75.0,44.0,62.10714285714285,,,0.0104032497770732,126705000,22.75927773737647,0.23677045104770925
2022-09-01,MX,Mexico,AMR,3075.0,7080462,24.0,330326,2733.5714285714284,27.142857142857142,0.0099294486542984,Post-Omicron,MEX,,96320764.57142857,56967438.0,80047392.0,210570232.0,163.57142857142858,75.0,44.0,62.142857142857146,,,0.0099294486542984,126705000,21.5742980037996,0.21422088428126074
2022-09-02,MX,Mexico,AMR,2599.0,7083061,18.0,330344,2568.428571428572,24.428571428571427,0.0095110962789921,Post-Omicron,MEX,,96332786.71428572,56969380.25,80072372.5,210794387.0,163.71428571428572,75.0,44.0,62.17857142857143,,,0.0095110962789921,126705000,20.270933044698882,0.19279879585313467
2022-09-03,MX,Mexico,AMR,2437.0,7085498,25.0,330369,2447.8571428571427,24.142857142857142,0.0098628538079953,Post-Omicron,MEX,,96344808.85714284,56971322.5,80097353.0,211018542.0,163.85714285714286,75.0,44.0,62.21428571428572,,,0.0098628538079953,126705000,19.319341327154753,0.19054383917648982
2022-09-04,MX,Mexico,AMR,2222.0,7087720,23.0,330392,2344.428571428572,24.428571428571427,0.010419840350984,Post-Omicron,MEX,,96356831.0,56973264.75,80122333.5,211242697.0,164.0,75.0,44.0,62.25,,,0.010419840350984,126705000,18.50304701020932,0.19279879585313467
2022-09-05,MX,Mexico,AMR,963.0,7088683,17.0,330409,2319.1428571428573,22.0,0.009486263397807,Post-Omicron,MEX,,96368853.14285716,56975207.0,80147314.0,211466852.0,164.14285714285714,75.0,44.0,62.285714285714285,,,0.009486263397807,126705000,18.303483344326246,0.17363166410165345
2022-09-06,MX,Mexico,AMR,894.0,7089577,15.0,330424,2288.5714285714284,20.714285714285715,0.0090511860174781,Post-Omicron,MEX,,96380875.28571428,56977149.25,80172294.5,211691007.0,164.28571428571428,75.0,44.0,62.32142857142857,,,0.0090511860174781,126705000,18.062202979925246,0.16348435905675163
2022-09-07,MX,Mexico,AMR,2762.0,7092339,15.0,330439,2136.0,19.571428571428573,0.0091626538255751,Post-Omicron,MEX,,96392897.42857143,56979091.5,80197275.0,211915162.0,164.42857142857142,75.0,44.0,62.35714285714285,,,0.0091626538255751,126705000,16.858056114596895,0.15446453235017224
2022-09-08,MX,Mexico,AMR,2107.0,7094446,14.0,330453,1997.7142857142856,18.142857142857142,0.0090818077803203,Post-Omicron,MEX,,96404919.57142857,56981033.75,80222255.5,212139317.0,164.57142857142858,75.0,44.0,62.392857142857146,,,0.0090818077803203,126705000,15.766657083100789,0.14318974896694797
2022-09-09,MX,Mexico,AMR,1865.0,7096311,14.0,330467,1892.857142857143,17.571428571428573,0.0092830188679245,Post-Omicron,MEX,,96416941.71428572,56982976.0,80247236.0,212363472.0,164.71428571428572,75.0,44.0,62.42857142857143,,,0.0092830188679245,126705000,14.939087982772133,0.13867983561365826
2022-09-10,MX,Mexico,AMR,1767.0,7098078,17.0,330484,1797.142857142857,16.428571428571427,0.009141494435612,Post-Omicron,MEX,,96428963.85714284,56984918.25,80272216.5,212587627.0,164.85714285714286,75.0,44.0,62.46428571428572,,,0.009141494435612,126705000,14.183677496096106,0.12966000890707885
2022-09-11,MX,Mexico,AMR,1697.0,7099775,13.0,330497,1722.142857142857,15.0,0.0087100788054749,Post-Omicron,MEX,,96440986.0,56986860.5,80297197.0,212811782.0,165.0,75.0,44.0,62.5,,,0.0087100788054749,126705000,13.591751368476833,0.11838522552385462
2022-09-12,MX,Mexico,AMR,632.0,7100407,20.0,330517,1674.857142857143,15.428571428571429,0.0092118730808597,Post-Omicron,MEX,,96453008.14285716,56988802.75,80322177.5,213035937.0,165.14285714285714,75.0,44.0,62.535714285714285,,,0.0092118730808597,126705000,13.21855603849211,0.1217676605388219
2022-09-13,MX,Mexico,AMR,594.0,7101001,12.0,330529,1632.0,15.0,0.0091911764705882,Post-Omicron,MEX,,96465030.28571428,56990745.0,80347158.0,213260092.0,165.28571428571428,75.0,44.0,62.57142857142857,,,0.0091911764705882,126705000,12.880312536995381,0.11838522552385462
2022-09-14,MX,Mexico,AMR,2283.0,7103284,11.0,330540,1563.571428571429,14.428571428571429,0.0092279579716765,Post-Omicron,MEX,,96477052.42857143,56992687.25,80372138.5,213484247.0,165.42857142857142,75.0,44.0,62.60714285714285,,,0.0092279579716765,126705000,12.340250412938945,0.11387531217056492
2022-09-15,MX,Mexico,AMR,1638.0,7104922,19.0,330559,1496.571428571429,15.142857142857142,0.0101183657884688,Post-Omicron,MEX,,96489074.57142857,56994629.5,80397119.0,213708402.0,165.57142857142858,75.0,44.0,62.642857142857146,,,0.0101183657884688,126705000,11.811463072265726,0.11951270386217705
2022-09-16,MX,Mexico,AMR,1400.0,7106322,6.0,330565,1430.142857142857,14.0,0.0097892318449705,Post-Omicron,MEX,,96501096.71428572,56996571.75,80422099.5,213932557.0,165.71428571428572,75.0,44.0,62.67857142857143,,,0.0097892318449705,126705000,11.287185644945795,0.11049287715559765
2022-09-17,MX,Mexico,AMR,729.0,7107051,10.0,330575,1281.857142857143,13.0,0.0101415357182659,Post-Omicron,MEX,,96513118.85714284,56998514.0,80447080.0,214156712.0,165.85714285714286,75.0,44.0,62.71428571428572,,,0.0101415357182659,126705000,10.11686312976712,0.10260052878734068
2022-09-18,MX,Mexico,AMR,415.0,7107466,8.0,330583,1098.7142857142858,12.285714285714286,0.0111819009231569,Post-Omicron,MEX,,96525141.0,57000456.25,80472060.5,214380867.0,166.0,75.0,44.0,62.75,,,0.0111819009231569,126705000,8.671435900037771,0.09696313709572855
2022-09-19,MX,Mexico,AMR,466.0,7107932,9.0,330592,1075.0,10.714285714285714,0.0099667774086378,Post-Omicron,MEX,,96537163.14285716,57002398.5,80497041.0,214605022.0,166.14285714285714,75.0,44.0,62.785714285714285,,,0.0099667774086378,126705000,8.484274495876248,0.08456087537418187
2022-09-20,MX,Mexico,AMR,394.0,7108326,5.0,330597,1046.428571428571,9.714285714285714,0.0092832764505119,Post-Omicron,MEX,,96549185.28571428,57004340.75,80522021.5,214829177.0,166.28571428571428,75.0,44.0,62.82142857142857,,,0.0092832764505119,126705000,8.258778828211762,0.07666852700592489
2022-09-21,MX,Mexico,AMR,1866.0,7110192,5.0,330602,986.8571428571428,8.857142857142858,0.0089751013317892,Post-Omicron,MEX,,96561207.42857143,57006283.0,80547002.0,215053332.0,166.42857142857142,75.0,44.0,62.85714285714285,,,0.0089751013317892,126705000,7.788620361131311,0.06990365697599035
2022-09-22,MX,Mexico,AMR,1464.0,7111656,12.0,330614,962.0,7.857142857142857,0.0081675081675081,Post-Omicron,MEX,,96573229.57142857,57008225.25,80571982.5,215277487.0,166.57142857142858,75.0,44.0,62.892857142857146,,,0.0081675081675081,126705000,7.592439130263211,0.06201130860773337
2022-09-23,MX,Mexico,AMR,1307.0,7112963,7.0,330621,948.7142857142856,8.0,0.0084324649902123,Post-Omicron,MEX,,96585251.71428572,57010167.5,80596963.0,215501642.0,166.71428571428572,75.0,44.0,62.92857142857143,,,0.0084324649902123,126705000,7.487583644799223,0.06313878694605579
2022-09-24,MX,Mexico,AMR,1133.0,7114096,16.0,330637,1006.4285714285714,8.857142857142858,0.0088005677785663,Post-Omicron,MEX,,96597273.85714284,57012109.75,80621943.5,215725797.0,166.85714285714286,75.0,44.0,62.96428571428572,,,0.0088005677785663,126705000,7.943084893481484,0.06990365697599035
2022-09-25,MX,Mexico,AMR,1043.0,7115139,1.0,330638,1096.142857142857,7.857142857142857,0.0071679916590642,Post-Omicron,MEX,MEX,96609296.0,57014052.0,80646924.0,215949952.0,167.0,75.0,44.0,63.0,2020-12-24,2023-12-29,0.0071679916590642,126705000,8.651141289947967,0.06201130860773337
2022-09-26,MX,Mexico,AMR,422.0,7115561,10.0,330648,1089.857142857143,8.0,0.007340411587364,Post-Omicron,MEX,,96612682.48571429,57014052.0,80666908.42857143,216129276.02857143,167.14285714285714,75.0,44.0,63.0,,,0.007340411587364,126705000,8.601532243061781,0.06313878694605579
2022-09-27,MX,Mexico,AMR,340.0,7115901,8.0,330656,1082.142857142857,8.428571428571429,0.0077887788778877,Post-Omicron,MEX,,96616068.97142856,57014052.0,80686892.85714285,216308600.05714285,167.28571428571428,75.0,44.0,63.0,,,0.0077887788778877,126705000,8.54064841279237,0.06652122196102309
2022-09-28,MX,Mexico,AMR,1324.0,7117225,12.0,330668,1004.7142857142856,9.428571428571429,0.0093843310109483,Post-Omicron,MEX,,96619455.45714286,57014052.0,80706877.28571428,216487924.08571428,167.42857142857142,75.0,44.0,63.0,,,0.0093843310109483,126705000,7.929555153421614,0.07441357032928006
2022-09-29,MX,Mexico,AMR,960.0,7118185,13.0,330681,932.7142857142856,9.571428571428571,0.0102619084086383,Post-Omicron,MEX,,96622841.94285716,57014052.0,80726861.71428572,216667248.1142857,167.57142857142858,75.0,44.0,63.0,,,0.0102619084086383,126705000,7.361306070907112,0.07554104866760247
2022-09-30,MX,Mexico,AMR,807.0,7118992,6.0,330687,861.2857142857143,9.428571428571429,0.0109470890694974,Post-Omicron,MEX,,96626228.42857143,57014052.0,80746846.14285715,216846572.1428572,167.71428571428572,75.0,44.0,63.0,,,0.0109470890694974,126705000,6.797566901745901,0.07441357032928006
2022-10-01,MX,Mexico,AMR,709.0,7119701,3.0,330690,800.7142857142857,7.571428571428571,0.0094558429973238,Post-Omicron,MEX,,96629614.91428572,57014052.0,80766830.57142857,217025896.17142856,167.85714285714286,75.0,44.0,63.0,,,0.0094558429973238,126705000,6.319516086297192,0.059756351931088525
2022-10-02,MX,Mexico,AMR,637.0,7120338,3.0,330693,742.7142857142857,7.857142857142857,0.0105789574918253,Post-Omicron,MEX,,96633001.4,57014052.0,80786815.0,217205220.2,168.0,75.0,44.0,63.0,,,0.0105789574918253,126705000,5.861759880938287,0.06201130860773337
2022-10-03,MX,Mexico,AMR,321.0,7120659,8.0,330701,728.2857142857143,7.571428571428571,0.0103962338171832,Post-Omicron,MEX,,96636387.88571428,57014052.0,80806799.42857143,217384544.2285714,168.14285714285714,75.0,44.0,63.0,,,0.0103962338171832,126705000,5.747884568767723,0.059756351931088525
2022-10-04,MX,Mexico,AMR,249.0,7120908,9.0,330710,715.2857142857143,7.714285714285714,0.0107849011384062,Post-Omicron,MEX,,96639774.37142856,57014052.0,80826783.85714285,217563868.25714287,168.28571428571428,75.0,44.0,63.0,,,0.0107849011384062,126705000,5.645284039980383,0.06088383026941095
2022-10-05,MX,Mexico,AMR,913.0,7121821,7.0,330717,656.5714285714286,7.0,0.0106614447345517,Post-Omicron,MEX,,96643160.85714284,57014052.0,80846768.28571428,217743192.2857143,168.42857142857142,75.0,44.0,63.0,,,0.0106614447345517,126705000,5.181890442929865,0.055246438577798825
2022-10-06,MX,Mexico,AMR,677.0,7122498,12.0,330729,616.1428571428571,6.857142857142857,0.0111291444470206,Post-Omicron,MEX,,96646547.34285714,57014052.0,80866752.71428572,217922516.31428573,168.57142857142858,75.0,44.0,63.0,,,0.0111291444470206,126705000,4.862814073184619,0.0541189602394764
2022-10-07,MX,Mexico,AMR,659.0,7123157,10.0,330739,595.0,7.428571428571429,0.012484993997599,Post-Omicron,MEX,,96649933.82857142,57014052.0,80886737.14285715,218101840.34285715,168.71428571428572,75.0,44.0,63.0,,,0.012484993997599,126705000,4.695947279112899,0.0586288735927661
2022-10-08,MX,Mexico,AMR,579.0,7123736,5.0,330744,576.4285714285714,7.714285714285714,0.0133828996282527,Post-Omicron,MEX,,96653320.31428573,57014052.0,80906721.57142857,218281164.37142852,168.85714285714286,75.0,44.0,63.0,,,0.0133828996282527,126705000,4.549375095130985,0.06088383026941095
2022-10-09,MX,Mexico,AMR,480.0,7124216,2.0,330746,554.0,7.571428571428571,0.0136668385765858,Post-Omicron,MEX,,96656706.8,57014052.0,80926706.0,218460488.4,169.0,75.0,44.0,63.0,,,0.0136668385765858,126705000,4.372360996014364,0.059756351931088525
2022-10-10,MX,Mexico,AMR,174.0,7124390,3.0,330749,533.0,6.857142857142857,0.0128651835968909,Post-Omicron,MEX,,96660093.28571428,57014052.0,80946690.42857143,218639812.42857143,169.14285714285714,75.0,44.0,63.0,,,0.0128651835968909,126705000,4.206621680280968,0.0541189602394764
2022-10-11,MX,Mexico,AMR,169.0,7124559,2.0,330751,521.5714285714286,5.857142857142857,0.0112298000547795,Post-Omicron,MEX,,96663479.77142856,57014052.0,80966674.85714285,218819136.4571429,169.28571428571428,75.0,44.0,63.0,,,0.0112298000547795,126705000,4.116423413215173,0.046226611871219424
2022-10-12,MX,Mexico,AMR,650.0,7125209,4.0,330755,484.0,5.428571428571429,0.0112160566706021,Post-Omicron,MEX,,96666866.25714286,57014052.0,80986659.28571428,218998460.4857143,169.42857142857142,75.0,44.0,63.0,,,0.0112160566706021,126705000,3.819896610236376,0.04284417685625215
2022-10-13,MX,Mexico,AMR,555.0,7125764,2.0,330757,466.57142857142856,4.0,0.0085731781996325,Post-Omicron,MEX,,96670252.74285714,57014052.0,81006643.71428572,219177784.5142857,169.57142857142858,75.0,44.0,63.0,,,0.0085731781996325,126705000,3.6823442529610397,0.031569393473027896
2022-10-14,MX,Mexico,AMR,461.0,7126225,3.0,330760,438.2857142857143,3.0,0.006844850065189,Post-Omicron,MEX,,96673639.22857144,57014052.0,81026628.14285715,219357108.5428572,169.71428571428572,75.0,44.0,63.0,,,0.006844850065189,126705000,3.4591035419732,0.023677045104770922
2022-10-15,MX,Mexico,AMR,459.0,7126684,4.0,330764,421.1428571428572,2.857142857142857,0.0067842605156037,Post-Omicron,MEX,,96677025.71428572,57014052.0,81046612.57142857,219536432.57142857,169.85714285714286,75.0,44.0,63.0,,,0.0067842605156037,126705000,3.3238061413745097,0.0225495667664485
2022-10-16,MX,Mexico,AMR,399.0,7127083,4.0,330768,409.57142857142856,3.142857142857143,0.0076735263341471,Post-Omicron,MEX,,96680412.2,57014052.0,81066597.0,219715756.6,170.0,75.0,44.0,63.0,,,0.0076735263341471,126705000,3.2324803959703923,0.02480452344309335
2022-10-17,MX,Mexico,AMR,146.0,7127229,2.0,330770,405.57142857142856,3.0,0.0073969707643536,Post-Omicron,MEX,,96683798.68571427,57014052.0,81086581.42857143,219895080.62857145,170.14285714285714,75.0,44.0,63.0,,,0.0073969707643536,126705000,3.200911002497364,0.023677045104770922
2022-10-18,MX,Mexico,AMR,162.0,7127391,4.0,330774,404.57142857142856,3.2857142857142856,0.0081214689265536,Post-Omicron,MEX,,96687185.17142858,57014052.0,81106565.85714285,220074404.65714285,170.28571428571428,75.0,44.0,63.0,,,0.0081214689265536,126705000,3.1930186541291077,0.025932001781415772
2022-10-19,MX,Mexico,AMR,603.0,7127994,7.0,330781,397.8571428571428,3.7142857142857135,0.0093357271095152,Post-Omicron,MEX,,96690571.65714286,57014052.0,81126550.28571428,220253728.68571427,170.42857142857142,75.0,44.0,63.0,,,0.0093357271095152,126705000,3.140027172227953,0.029314436796383046
2022-10-20,MX,Mexico,AMR,471.0,7128465,2.0,330783,385.8571428571428,3.7142857142857135,0.0096260644205849,Post-Omicron,MEX,,96693958.14285716,57014052.0,81146534.71428572,220433052.7142857,170.57142857142858,75.0,44.0,63.0,,,0.0096260644205849,126705000,3.0453189918088692,0.029314436796383046
2022-10-21,MX,Mexico,AMR,464.0,7128929,4.0,330787,386.2857142857143,3.857142857142857,0.0099852071005917,Post-Omicron,MEX,,96697344.62857144,57014052.0,81166519.14285715,220612376.7428572,170.71428571428572,75.0,44.0,63.0,,,0.0099852071005917,126705000,3.048701426823837,0.030441915134705476
2022-10-22,MX,Mexico,AMR,425.0,7129354,2.0,330789,381.4285714285714,3.571428571428572,0.0093632958801498,Post-Omicron,MEX,,96700731.11428572,57014052.0,81186503.57142857,220791700.77142856,170.85714285714286,75.0,44.0,63.0,,,0.0093632958801498,126705000,3.010367163320874,0.02818695845806063
2022-10-23,MX,Mexico,AMR,386.0,7129740,4.0,330793,379.57142857142856,3.571428571428572,0.00940910801656,Post-Omicron,MEX,,96704117.6,57014052.0,81206488.0,220971024.8,171.0,75.0,44.0,63.0,,,0.00940910801656,126705000,2.9957099449226834,0.02818695845806063
2022-10-24,MX,Mexico,AMR,148.0,7129888,1.0,330794,379.8571428571428,3.4285714285714284,0.0090259496051147,Post-Omicron,MEX,,96707504.08571428,57014052.0,81226472.42857143,221150348.82857144,171.14285714285714,75.0,44.0,63.0,,,0.0090259496051147,126705000,2.9979649015993273,0.0270594801197382
2022-10-25,MX,Mexico,AMR,124.0,7130012,6.0,330800,374.4285714285714,3.7142857142857135,0.0099198779091949,Post-Omicron,MEX,,96710890.57142857,57014052.0,81246456.85714285,221329672.85714287,171.28571428571428,75.0,44.0,63.0,,,0.0099198779091949,126705000,2.9551207247430753,0.029314436796383046
2022-10-26,MX,Mexico,AMR,648.0,7130660,7.0,330807,380.8571428571428,3.7142857142857135,0.0097524381095273,Post-Omicron,MEX,,96714277.05714284,57014052.0,81266441.28571428,221508996.8857143,171.42857142857142,75.0,44.0,63.0,,,0.0097524381095273,126705000,3.0058572499675846,0.029314436796383046
2022-10-27,MX,Mexico,AMR,497.0,7131157,3.0,330810,384.57142857142856,3.857142857142857,0.0100297176820208,Post-Omicron,MEX,,96717663.54285714,57014052.0,81286425.71428572,221688320.9142857,171.57142857142858,75.0,44.0,63.0,,,0.0100297176820208,126705000,3.035171686763968,0.030441915134705476
2022-10-28,MX,Mexico,AMR,535.0,7131692,3.0,330813,394.7142857142857,3.7142857142857135,0.0094100615273253,Post-Omicron,MEX,,96721050.02857144,57014052.0,81306410.14285715,221867644.94285715,171.71428571428572,75.0,44.0,63.0,,,0.0094100615273253,126705000,3.11522264878486,0.029314436796383046
2022-10-29,MX,Mexico,AMR,444.0,7132136,3.0,330816,397.4285714285714,3.857142857142857,0.009705248023005,Post-Omicron,MEX,,96724436.51428571,57014052.0,81326394.57142857,222046968.97142857,171.85714285714286,75.0,44.0,63.0,,,0.009705248023005,126705000,3.136644737212986,0.030441915134705476
2022-10-30,MX,Mexico,AMR,444.0,7132580,2.0,330818,405.7142857142857,3.571428571428572,0.0088028169014084,Post-Omicron,MEX,MEX,96727823.0,57014052.0,81346379.0,222226293.0,172.0,75.0,44.0,63.0,2020-12-24,2023-12-29,0.0088028169014084,126705000,3.202038480835687,0.02818695845806063
2022-10-31,MX,Mexico,AMR,151.0,7132731,1.0,330819,406.1428571428572,3.571428571428572,0.0087935279634189,Post-Omicron,MEX,,96727823.0,57014052.0,81346379.0,222226293.0,172.0,75.0,44.0,63.0,,,0.0087935279634189,126705000,3.205420915850655,0.02818695845806063
2022-11-01,MX,Mexico,AMR,99.0,7132830,6.0,330825,402.57142857142856,3.571428571428572,0.0088715400993612,Post-Omicron,MEX,,96727823.0,57014052.0,81346379.0,222226293.0,172.0,75.0,44.0,63.0,,,0.0088715400993612,126705000,3.1772339573925934,0.02818695845806063
2022-11-02,MX,Mexico,AMR,604.0,7133434,3.0,330828,396.2857142857143,3.0,0.0075702956020187,Post-Omicron,MEX,,96727823.0,57014052.0,81346379.0,222226293.0,172.0,75.0,44.0,63.0,,,0.0075702956020187,126705000,3.127624910506407,0.023677045104770922
2022-11-03,MX,Mexico,AMR,475.0,7133909,6.0,330834,393.1428571428572,3.4285714285714284,0.0087209302325581,Post-Omicron,MEX,,96727823.0,57014052.0,81346379.0,222226293.0,172.0,75.0,44.0,63.0,,,0.0087209302325581,126705000,3.102820387063314,0.0270594801197382
2022-11-04,MX,Mexico,AMR,392.0,7134301,,330834,372.7142857142857,3.5,0.0093905711000383,Post-Omicron,MEX,,96727823.0,57014052.0,81346379.0,222226293.0,172.0,75.0,44.0,63.0,,,0.0093905711000383,126705000,2.9415909846832067,0.027623219288899412
2022-11-05,MX,Mexico,AMR,647.0,7134948,5.0,330839,401.7142857142857,3.8333333333333335,0.0095424371740161,Post-Omicron,MEX,,96727823.0,57014052.0,81346379.0,222226293.0,172.0,75.0,44.0,63.0,,,0.0095424371740161,126705000,3.170469087362659,0.03025400207831841
2022-11-06,MX,Mexico,AMR,528.0,7135476,3.0,330842,413.7142857142857,4.0,0.0096685082872928,Post-Omicron,MEX,,96727823.0,57014052.0,81346379.0,222226293.0,172.0,75.0,44.0,63.0,,,0.0096685082872928,126705000,3.2651772677817426,0.031569393473027896
2022-11-07,MX,Mexico,AMR,209.0,7135685,1.0,330843,422.0,4.0,0.0094786729857819,Post-Omicron,MEX,,96727823.0,57014052.0,81346379.0,222226293.0,172.0,75.0,44.0,63.0,,,0.0094786729857819,126705000,3.330571011404443,0.031569393473027896
2022-11-08,MX,Mexico,AMR,197.0,7135882,1.0,330844,436.0,3.1666666666666665,0.007262996941896,Post-Omicron,MEX,,96727823.0,57014052.0,81346379.0,222226293.0,172.0,75.0,44.0,63.0,,,0.007262996941896,126705000,3.441063888560041,0.02499243649948042
2022-11-09,MX,Mexico,AMR,919.0,7136801,2.0,330846,481.0,3.0,0.0062370062370062,Post-Omicron,MEX,,96727823.0,57014052.0,81346379.0,222226293.0,172.0,75.0,44.0,63.0,,,0.0062370062370062,126705000,3.7962195651316053,0.023677045104770922
2022-11-10,MX,Mexico,AMR,768.0,7137569,5.0,330851,522.8571428571429,2.833333333333333,0.0054189435336976,Post-Omicron,MEX,,96727823.0,57014052.0,81346379.0,222226293.0,172.0,75.0,44.0,63.0,,,0.0054189435336976,126705000,4.1265707182600755,0.02236165371006143
2022-11-11,MX,Mexico,AMR,788.0,7138357,2.0,330853,579.4285714285714,2.7142857142857144,0.0046844181459566,Post-Omicron,MEX,,96727823.0,57014052.0,81346379.0,222226293.0,172.0,75.0,44.0,63.0,,,0.0046844181459566,126705000,4.573052140235755,0.021422088428126075
2022-11-12,MX,Mexico,AMR,822.0,7139179,4.0,330857,604.4285714285714,2.571428571428572,0.0042543134010872,Post-Omicron,MEX,,96727823.0,57014052.0,81346379.0,222226293.0,172.0,75.0,44.0,63.0,,,0.0042543134010872,126705000,4.77036084944218,0.020294610089803655
2022-11-13,MX,Mexico,AMR,700.0,7139879,4.0,330861,629.0,2.7142857142857144,0.0043152396093572,Post-Omicron,MEX,,96727823.0,57014052.0,81346379.0,222226293.0,172.0,75.0,44.0,63.0,,,0.0043152396093572,126705000,4.964287123633637,0.021422088428126075
2022-11-14,MX,Mexico,AMR,256.0,7140135,7.0,330868,635.7142857142857,3.571428571428572,0.0056179775280898,Post-Omicron,MEX,,96727823.0,57014052.0,81346379.0,222226293.0,172.0,75.0,44.0,63.0,,,0.0056179775280898,126705000,5.01727860553479,0.02818695845806063
2022-11-15,MX,Mexico,AMR,259.0,7140394,3.0,330871,644.5714285714286,3.857142857142857,0.0059840425531914,Post-Omicron,MEX,,96727823.0,57014052.0,81346379.0,222226293.0,172.0,75.0,44.0,63.0,,,0.0059840425531914,126705000,5.087182262510781,0.030441915134705476
2022-11-16,MX,Mexico,AMR,1113.0,7141507,3.0,330874,672.2857142857143,4.0,0.0059498512537186,Post-Omicron,MEX,,96727823.0,57014052.0,81346379.0,222226293.0,172.0,75.0,44.0,63.0,,,0.0059498512537186,126705000,5.305913060145332,0.031569393473027896
2022-11-17,MX,Mexico,AMR,1030.0,7142537,7.0,330881,709.7142857142857,4.285714285714286,0.0060386473429951,Post-Omicron,MEX,,96727823.0,57014052.0,81346379.0,222226293.0,172.0,75.0,44.0,63.0,,,0.0060386473429951,126705000,5.601312384785807,0.03382435014967275
2022-11-18,MX,Mexico,AMR,1047.0,7143584,2.0,330883,746.7142857142857,4.285714285714286,0.0057394298832982,Post-Omicron,MEX,,96727823.0,57014052.0,81346379.0,222226293.0,172.0,75.0,44.0,63.0,,,0.0057394298832982,126705000,5.893329274411315,0.03382435014967275
2022-11-19,MX,Mexico,AMR,966.0,7144550,5.0,330888,767.2857142857143,4.428571428571429,0.005771737106684,Post-Omicron,MEX,,96727823.0,57014052.0,81346379.0,222226293.0,172.0,75.0,44.0,63.0,,,0.005771737106684,126705000,6.055686155129745,0.034951828487995176
2022-11-20,MX,Mexico,AMR,999.0,7145549,6.0,330894,810.0,4.714285714285714,0.0058201058201058,Post-Omicron,MEX,,96727823.0,57014052.0,81346379.0,222226293.0,172.0,75.0,44.0,63.0,,,0.0058201058201058,126705000,6.39280217828815,0.03720678516464003
2022-11-21,MX,Mexico,AMR,298.0,7145847,2.0,330896,816.0,4.0,0.0049019607843137,Post-Omicron,MEX,,96727823.0,57014052.0,81346379.0,222226293.0,172.0,75.0,44.0,63.0,,,0.0049019607843137,126705000,6.440156268497691,0.031569393473027896
2022-11-22,MX,Mexico,AMR,295.0,7146142,1.0,330897,821.1428571428571,3.7142857142857135,0.0045233124565066,Post-Omicron,MEX,,96727823.0,57014052.0,81346379.0,222226293.0,172.0,75.0,44.0,63.0,,,0.0045233124565066,126705000,6.480745488677299,0.029314436796383046
2022-11-23,MX,Mexico,AMR,448.0,7146590,,330897,726.1428571428571,3.8333333333333335,0.0052790346907993,Post-Omicron,MEX,,96727823.0,57014052.0,81346379.0,222226293.0,172.0,75.0,44.0,63.0,,,0.0052790346907993,126705000,5.730972393692886,0.03025400207831841
2022-11-24,MX,Mexico,AMR,1640.0,7148230,7.0,330904,813.2857142857143,3.8333333333333335,0.004713390713742,Post-Omicron,MEX,,96727823.0,57014052.0,81346379.0,222226293.0,172.0,75.0,44.0,63.0,,,0.004713390713742,126705000,6.418734180069566,0.03025400207831841
2022-11-25,MX,Mexico,AMR,1609.0,7149839,6.0,330910,893.5714285714286,4.5,0.0050359712230215,Post-Omicron,MEX,,96727823.0,57014052.0,81346379.0,222226293.0,172.0,75.0,44.0,63.0,,,0.0050359712230215,126705000,7.052377006206767,0.03551556765715639
2022-11-26,MX,Mexico,AMR,1586.0,7151425,4.0,330914,982.1428571428572,4.333333333333333,0.0044121212121212,Post-Omicron,MEX,,96727823.0,57014052.0,81346379.0,222226293.0,172.0,75.0,44.0,63.0,,,0.0044121212121212,126705000,7.751413575966672,0.03420017626244689
2022-11-27,MX,Mexico,AMR,1543.0,7152968,2.0,330916,1059.857142857143,3.6666666666666665,0.0034595857483039,Post-Omicron,MEX,MEX,96727823.0,57014052.0,81346379.0,222226293.0,172.0,75.0,44.0,63.0,2020-12-24,2023-12-29,0.0034595857483039,126705000,8.364761792014072,0.028938610683608906
2022-11-28,MX,Mexico,AMR,579.0,7153547,7.0,330923,1100.0,4.5,0.004090909090909,Post-Omicron,MEX,,96727823.0,57014052.0,81346379.0,222226293.0,172.0,75.0,44.0,63.0,,,0.004090909090909,126705000,8.681583205082672,0.03551556765715639
2022-11-29,MX,Mexico,AMR,540.0,7154087,5.0,330928,1135.0,5.166666666666667,0.0045521292217327,Post-Omicron,MEX,,96727823.0,57014052.0,81346379.0,222226293.0,172.0,75.0,44.0,63.0,,,0.0045521292217327,126705000,8.957815397971666,0.04077713323599437
2022-11-30,MX,Mexico,AMR,2550.0,7156637,14.0,330942,1435.2857142857142,6.428571428571429,0.004478948939982,Post-Omicron,MEX,,96727823.0,57014052.0,81346379.0,222226293.0,172.0,75.0,44.0,63.0,,,0.004478948939982,126705000,11.327774865125404,0.050736525224509124
2022-12-01,MX,Mexico,AMR,2373.0,7159010,9.0,330951,1540.0,6.714285714285714,0.0043599257884972,Post-Omicron,MEX,,96727823.0,57014052.0,81346379.0,222226293.0,172.0,75.0,44.0,63.0,,,0.0043599257884972,126705000,12.154216487115741,0.05299148190115398
2022-12-02,MX,Mexico,AMR,2217.0,7161227,15.0,330966,1626.857142857143,8.0,0.0049174569722514,Post-Omicron,MEX,,96727823.0,57014052.0,81346379.0,222226293.0,172.0,75.0,44.0,63.0,,,0.0049174569722514,126705000,12.839723316815775,0.06313878694605579
2022-12-03,MX,Mexico,AMR,2351.0,7163578,5.0,330971,1736.142857142857,8.142857142857142,0.0046901999506294,Post-Omicron,MEX,,96727823.0,57014052.0,81346379.0,222226293.0,172.0,75.0,44.0,63.0,,,0.0046901999506294,126705000,13.70224424563243,0.06426626528437822
2022-12-04,MX,Mexico,AMR,2139.0,7165717,6.0,330977,1821.2857142857144,8.714285714285714,0.0047846889952153,Post-Omicron,MEX,,96727823.0,57014052.0,81346379.0,222226293.0,172.0,75.0,44.0,63.0,,,0.0047846889952153,126705000,14.374221335272598,0.06877617863766791
2022-12-05,MX,Mexico,AMR,831.0,7166548,6.0,330983,1857.2857142857144,8.571428571428571,0.0046150296131066,Post-Omicron,MEX,,96727823.0,57014052.0,81346379.0,222226293.0,172.0,75.0,44.0,63.0,,,0.0046150296131066,126705000,14.658345876529848,0.0676487002993455
2022-12-06,MX,Mexico,AMR,780.0,7167328,9.0,330992,1891.571428571429,9.142857142857142,0.0048334717921607,Post-Omicron,MEX,,96727823.0,57014052.0,81346379.0,222226293.0,172.0,75.0,44.0,63.0,,,0.0048334717921607,126705000,14.928940677727232,0.07215861365263519
2022-12-07,MX,Mexico,AMR,3733.0,7171061,11.0,331003,2060.5714285714284,8.714285714285714,0.0042290626733222,Post-Omicron,MEX,,96727823.0,57014052.0,81346379.0,222226293.0,172.0,75.0,44.0,63.0,,,0.0042290626733222,126705000,16.262747551962658,0.06877617863766791
2022-12-08,MX,Mexico,AMR,3560.0,7174621,16.0,331019,2230.1428571428573,9.714285714285714,0.0043559028889885,Post-Omicron,MEX,,96727823.0,57014052.0,81346379.0,222226293.0,172.0,75.0,44.0,63.0,,,0.0043559028889885,126705000,17.601064339551375,0.07666852700592489
2022-12-09,MX,Mexico,AMR,3681.0,7178302,7.0,331026,2439.285714285714,8.571428571428571,0.0035139092240117,Post-Omicron,MEX,,96727823.0,57014052.0,81346379.0,222226293.0,172.0,75.0,44.0,63.0,,,0.0035139092240117,126705000,19.251692626855405,0.0676487002993455
2022-12-10,MX,Mexico,AMR,3434.0,7181736,10.0,331036,2594.0,9.285714285714286,0.0035796893931049,Post-Omicron,MEX,,96727823.0,57014052.0,81346379.0,222226293.0,172.0,75.0,44.0,63.0,,,0.0035796893931049,126705000,20.472751667258596,0.07328609199095763
2022-12-11,MX,Mexico,AMR,3184.0,7184920,10.0,331046,2743.285714285714,9.857142857142858,0.0035931885642868,Post-Omicron,MEX,,96727823.0,57014052.0,81346379.0,222226293.0,172.0,75.0,44.0,63.0,,,0.0035931885642868,126705000,21.650966530805526,0.07779600534424733
2022-12-12,MX,Mexico,AMR,1323.0,7186243,15.0,331061,2813.5714285714284,11.142857142857142,0.0039603960396039,Post-Omicron,MEX,,96727823.0,57014052.0,81346379.0,222226293.0,172.0,75.0,44.0,63.0,,,0.0039603960396039,126705000,22.20568587326016,0.08794331038914914
2022-12-13,MX,Mexico,AMR,1139.0,7187382,7.0,331068,2864.8571428571427,10.857142857142858,0.003789767627406,Post-Omicron,MEX,,96727823.0,57014052.0,81346379.0,222226293.0,172.0,75.0,44.0,63.0,,,0.003789767627406,126705000,22.61045059671791,0.0856883537125043
2022-12-14,MX,Mexico,AMR,4879.0,7192261,16.0,331084,3028.5714285714284,11.571428571428571,0.0038207547169811,Post-Omicron,MEX,,96727823.0,57014052.0,81346379.0,222226293.0,172.0,75.0,44.0,63.0,,,0.0038207547169811,126705000,23.902540772435408,0.09132574540411642
2022-12-15,MX,Mexico,AMR,4988.0,7197249,22.0,331106,3232.5714285714284,12.428571428571429,0.003844794060456,Post-Omicron,MEX,,96727823.0,57014052.0,81346379.0,222226293.0,172.0,75.0,44.0,63.0,,,0.003844794060456,126705000,25.512579839559834,0.09809061543405098
2022-12-16,MX,Mexico,AMR,5157.0,7202406,13.0,331119,3443.428571428572,13.285714285714286,0.0038582807832724,Post-Omicron,MEX,,96727823.0,57014052.0,81346379.0,222226293.0,172.0,75.0,44.0,63.0,,,0.0038582807832724,126705000,27.176737866923734,0.10485548546398553
2022-12-17,MX,Mexico,AMR,4849.0,7207255,21.0,331140,3645.571428571429,14.857142857142858,0.0040753948038716,Post-Omicron,MEX,,96727823.0,57014052.0,81346379.0,222226293.0,172.0,75.0,44.0,63.0,,,0.0040753948038716,126705000,28.772119715649964,0.1172577471855322
2022-12-18,MX,Mexico,AMR,4385.0,7211640,23.0,331163,3817.142857142857,16.714285714285715,0.00437874251497,Post-Omicron,MEX,,96727823.0,57014052.0,81346379.0,222226293.0,172.0,75.0,44.0,63.0,,,0.00437874251497,126705000,30.12622119997519,0.13191496558372373
2022-12-19,MX,Mexico,AMR,1778.0,7213418,21.0,331184,3882.142857142857,17.571428571428573,0.0045262189512419,Post-Omicron,MEX,,96727823.0,57014052.0,81346379.0,222226293.0,172.0,75.0,44.0,63.0,,,0.0045262189512419,126705000,30.639223843911893,0.13867983561365826
2022-12-20,MX,Mexico,AMR,1389.0,7214807,21.0,331205,3917.857142857143,19.571428571428573,0.0049954421148587,Post-Omicron,MEX,,96727823.0,57014052.0,81346379.0,222226293.0,172.0,75.0,44.0,63.0,,,0.0049954421148587,126705000,30.921093428492505,0.15446453235017224
2022-12-21,MX,Mexico,AMR,6758.0,7221565,22.0,331227,4186.285714285715,20.428571428571427,0.0048798798798798,Post-Omicron,MEX,,96727823.0,57014052.0,81346379.0,222226293.0,172.0,75.0,44.0,63.0,,,0.0048798798798798,126705000,33.03962522620034,0.16122940238010677
2022-12-22,MX,Mexico,AMR,6576.0,7228141,24.0,331251,4413.142857142857,20.714285714285715,0.0046937718503172,Post-Omicron,MEX,,96727823.0,57014052.0,81346379.0,222226293.0,172.0,75.0,44.0,63.0,,,0.0046937718503172,126705000,34.83006082745635,0.16348435905675163
2022-12-23,MX,Mexico,AMR,6361.0,7234502,19.0,331270,4585.142857142857,21.571428571428573,0.0047046360917248,Post-Omicron,MEX,,96727823.0,57014052.0,81346379.0,222226293.0,172.0,75.0,44.0,63.0,,,0.0047046360917248,126705000,36.187544746796554,0.1702492290866862
2022-12-24,MX,Mexico,AMR,6045.0,7240547,28.0,331298,4756.0,22.571428571428573,0.0047458848972726,Post-Omicron,MEX,,96727823.0,57014052.0,81346379.0,222226293.0,172.0,75.0,44.0,63.0,,,0.0047458848972726,126705000,37.536008839430174,0.17814157745494316
2022-12-25,MX,Mexico,AMR,5043.0,7245590,24.0,331322,4850.0,22.714285714285715,0.0046833578792341,Post-Omicron,MEX,MEX,96727823.0,57014052.0,81346379.0,222226293.0,172.0,75.0,44.0,63.0,2020-12-24,2023-12-29,0.0046833578792341,126705000,38.27788958604633,0.17926905579326557
2022-12-26,MX,Mexico,AMR,1391.0,7246981,21.0,331343,4794.714285714285,22.714285714285715,0.0047373595924083,Post-Omicron,MEX,,,,,,,,,,,,0.0047373595924083,126705000,37.84155546911555,0.17926905579326557
2022-12-27,MX,Mexico,AMR,842.0,7247823,30.0,331373,4716.571428571428,24.0,0.0050884419675308,Post-Omicron,MEX,,,,,,,,,,,,0.0050884419675308,126705000,37.22482481805318,0.18941636083816737
2022-12-28,MX,Mexico,AMR,6585.0,7254408,30.0,331403,4691.857142857143,25.142857142857142,0.0053588283652528,Post-Omicron,MEX,,,,,,,,,,,,0.0053588283652528,126705000,37.029771065523406,0.1984361875447468
2022-12-29,MX,Mexico,AMR,5907.0,7260315,39.0,331442,4596.285714285715,27.285714285714285,0.0059364704419717,Post-Omicron,MEX,,,,,,,,,,,,0.0059364704419717,126705000,36.275488057185704,0.21534836261958315
2022-12-30,MX,Mexico,AMR,5992.0,7266307,25.0,331467,4543.571428571428,28.142857142857142,0.0061939946549284,Post-Omicron,MEX,,,,,,,,,,,,0.0061939946549284,126705000,35.85944855034472,0.2221132326495177
2022-12-31,MX,Mexico,AMR,5320.0,7271627,32.0,331499,4440.0,28.714285714285715,0.0064671814671814,Post-Omicron,MEX,,,,,,,,,,,,0.0064671814671814,126705000,35.042026755060974,0.22662314600280745
